"MPcv";"Hyrcv";"Hyr_";"MPnm";"IRCV";"BT";"note";"pos";"WadaN";"WadaF";"rank";"nmcv";"Orphan";"SpecRules";"Narcotic";"Amb";"Hosp"
"39537-3004";"0025569";"AIAG";"Phenylephrine Unimedic";"03004";false;;;;;0;0;false;false;false;true;false
"33209-711";"0016147";"RBC";"Levobupivacaine Fresenius Kabi";"00711";false;;;;;0;0;false;false;false;true;false
"33217-1651";"0025593";"BABABC";"Lixiana";"01651";false;;;;;0;0;false;false;false;true;false
"28456-2097";"0021246";"LAAEAA";"Vaxigrip 2025-2026";"02097";false;;;;;0;0;false;false;false;true;false
"49973-3343";"8901258";"LDCA";"Omlyclo";"03343";true;;;;;0;0;false;false;false;true;false
"7708-745";"0014514";"OFDA";"Differin";"00745";false;;;;;0;0;false;false;false;true;false
"9209-745";"8903080";"OFEA";"Epiduo";"00745";false;;;;;0;0;false;false;false;true;false
"29751-604";"0006346";"GCBA";"Yocoral";"00604";false;;;;;0;0;false;false;false;true;false
"30783-67";"0013094";"MADBA";"Etoposide Accord Healthcare";"00067";false;;;;;0;0;false;false;false;true;false
"33266-117";"0001396";"AIAE";"Adrenaline (Tartrate) Aguettant";"00117";false;;;"S";"S";0;0;false;false;false;true;false
"703-174";"0006791";"IAAAA";"Air-Tal";"00174";false;;;;;0;0;false;false;false;true;false
"3236-1347";"0015354";"PDBA";"Betoptic";"01347";false;;;"B";"B";0;0;false;false;false;true;false
"33241-2501";"8906844";"GEA";"Jinarc";"02501";true;;;;;0;0;false;false;false;true;false
"11080-3491";"0007260";"IEBA";"Fosamax";"03491";false;;;;;0;0;false;false;false;true;false
"13821-1347";"8900706";"MBCLA";"Jakavi";"01347";false;;;;;0;0;false;false;false;true;false
"22764-3244";"0017723";"RABA";"Rapifen";"03244";false;;;"N";"N";0;0;false;false;true;true;false
"29538-1529";"0020271";"EBCA";"Xenical";"01529";false;;;;;0;0;false;false;false;true;false
"15487-2097";"0002840";"CDAA";"Litican";"02097";false;;;;;0;0;false;false;false;true;false
"33282-299";"0002246";"BBAB";"Kovaltry";"00299";false;;;;;0;0;false;false;false;true;false
"30486-1743";"0017848";"ICBA";"Zyloric";"01743";false;;;;;0;0;false;false;false;true;false
"18630-2485";"0014621";"OHDA";"Neotigason";"02485";false;;;;;0;0;false;false;false;true;false
"11551-1610";"0002634";"CABA";"Gaviscon";"01610";false;;;;;0;0;false;false;false;true;false
"1115-1818";"0017848";"ICBA";"Allopurinol Teva";"01818";false;;;;;0;0;false;false;false;true;false
"1131-174";"0009175";"JIAAA";"Almogran";"00174";false;;;;;0;0;false;false;false;true;false
"1214-1743";"0007484";"JAAA";"Alpraz";"01743";false;;;;;0;0;false;false;false;true;false
"1107-1636";"0017848";"ICBA";"Allopurinol Sandoz";"01636";false;;;;;0;0;false;false;false;true;false
"1248-1636";"0007484";"JAAA";"Alprazolam Sandoz";"01636";false;;;;;0;0;false;false;false;true;false
"33316-1636";"8900227";"KDFA";"Valganciclovir Sandoz";"01636";false;;;;;0;0;false;false;false;true;false
"13961-2048";"0016485";"TBA";"Kalydeco";"02048";false;;;;;0;0;false;false;false;true;false
"596-1800";"0002246";"BBAB";"Advate";"01800";false;;;;;0;0;false;false;false;true;false
"16865-1636";"0008334";"JDAD";"Methylfenidaat Sandoz";"01636";false;;;"S";"S";0;0;false;true;false;true;false
"1495-1818";"0014068";"OACA";"Amorolfine Teva";"01818";false;;;;;0;0;false;false;false;true;false
"33274-3483";"0025627";"AMA";"Trinomia";"03483";false;;;;;0;0;false;false;false;true;false
"45138-604";"0013672";"NBABA";"Etalpha";"00604";false;;;;;0;0;false;false;false;true;false
"29447-1289";"0007484";"JAAA";"Xanax";"01289";false;;;;;0;0;false;false;false;true;false
"1081-612";"0017848";"ICBA";"Allopurinol EG";"00612";false;;;;;0;0;false;false;false;true;false
"1438-612";"0000729";"AFAA";"Amlodipine EG";"00612";false;;;;;0;0;false;false;false;true;false
"1537-1636";"0009530";"KAAACA";"Amoxicilline Sandoz";"01636";false;;;;;0;0;false;false;false;true;false
"33381-1792";"0002246";"BBAB";"Elocta";"01792";false;;;;;0;0;false;false;false;true;false
"1560-1636";"0009548";"KAAADA";"Amoxiclav Sandoz";"01636";false;;;;;0;0;false;false;false;true;false
"17822-1321";"0003111";"CECBC";"Movicol";"01321";false;;;;;0;0;false;false;false;true;false
"33399-190";"8900748";"MBEA";"Kyprolis";"00190";false;;;;;0;0;false;false;false;true;false
"2568-828";"0009548";"KAAADA";"Augmentin";"00828";false;;;;;0;0;false;false;false;true;false
"1677-612";"0017129";"MECA";"Anastrozole EG";"00612";false;;;"AO";"AO";0;0;false;false;false;true;false
"1651-1636";"0017129";"MECA";"Anastrozol Sandoz";"01636";false;;;"AO";"AO";0;0;false;false;false;true;false
"1685-1818";"0017129";"MECA";"Anastrozole Teva";"01818";false;;;"AO";"AO";0;0;false;false;false;true;false
"1842-1800";"0002196";"BABBEA";"Antitrombine III-Concentraat Baxalta";"01800";false;;;;;0;0;false;false;false;true;false
"33407-67";"0002949";"CDBC";"Palonosetron Accord";"00067";false;;;;;0;0;false;false;false;true;false
"32607-1784";"0019646";"TAAJA";"Metiblo";"01784";false;;;;;0;0;false;false;false;true;false
"40170-2360";"0018671";"TCA";"Hepeel";"02360";false;;;;;0;0;false;false;false;true;false
"75-2501";"0007922";"JBDA";"Abilify";"02501";false;;;;;0;0;false;false;false;true;false
"33456-513";"0002253";"BBAE";"Idelvion";"00513";false;;;;;0;0;true;false;false;true;false
"23358-1347";"0010629";"KCBBA";"Riamet";"01347";false;;;;;0;0;false;false;false;true;false
"4960-281";"0020941";"NBCB";"Cernevit";"00281";false;;;;;0;0;false;false;false;true;false
"2329-612";"0000596";"AEA";"Atenolol EG";"00612";false;;;"B";"B";0;0;false;false;false;true;false
"2352-1818";"0000596";"AEA";"Atenolol Teva";"01818";false;;;"B";"B";0;0;false;false;false;true;false
"6668-1289";"0002782";"CCCA";"Creon";"01289";false;;;;;0;0;false;false;false;true;false
"33365-1347";"0025684";"ACBA";"Entresto";"01347";false;;;;;0;0;false;false;false;true;false
"49981-4309";"0016733";"LCBBEA";"Yesintek";"04309";true;;;;;0;0;false;false;false;true;false
"26328-1024";"0000125";"AADA";"Tenoretic";"01024";false;;;"B,D";"B,D";0;0;false;false;false;true;false
"33472-257";"8900649";"MBCFA";"Tagrisso";"00257";false;;;;;0;0;false;false;false;true;false
"16766-1289";"0009340";"JJA";"Mestinon";"01289";false;;;;;0;0;false;false;false;true;false
"2451-1818";"0001552";"ALAA";"Atorvastatine Teva";"01818";false;;;;;0;0;false;false;false;true;false
"2436-1636";"0001552";"ALAA";"Atorvastatin Sandoz";"01636";false;;;;;0;0;false;false;false;true;false
"2295-612";"0000125";"AADA";"Atenolol / Chloortalidone EG";"00612";false;;;"B,D";"B,D";0;0;false;false;false;true;false
"15396-1289";"0001552";"ALAA";"Lipitor";"01289";false;;;;;0;0;false;false;false;true;false
"27094-1289";"0001552";"ALAA";"Totalip";"01289";false;;;;;0;0;false;false;false;true;false
"28209-1933";"0018085";"JADB";"Valdispert Sleep";"01933";false;;;;;0;0;false;false;false;true;false
"27185-232";"0019133";"RACA";"Tracrium";"00232";false;;;;;0;0;false;false;false;true;false
"2527-1784";"0001297";"AHDAA";"Atropine Sulfate Sterop";"01784";false;;;;;0;0;false;false;false;true;false
"12930-232";"0012021";"LCABA";"Imuran";"00232";false;;;;;0;0;false;false;false;true;false
"24745-299";"0014498";"OFCA";"Skinoren";"00299";false;;;;;0;0;false;false;false;true;false
"24240-1073";"0025189";"JEAC";"Selincro";"01073";false;;;;;0;0;false;false;false;true;false
"33555-935";"0007955";"JBDF";"Trevicta";"00935";false;;;;;0;0;false;false;false;true;false
"17442-745";"0020347";"OGA";"Mirvaso";"00745";false;;;;;0;0;false;false;false;true;false
"2758-612";"0009837";"KABBA";"Azithromycine EG";"00612";false;;;;;0;0;false;false;false;true;false
"2774-1636";"0009837";"KABBA";"Azithromycine Sandoz";"01636";false;;;;;0;0;false;false;false;true;false
"29322-828";"8902009";"KCDA";"Wellvone";"00828";false;;;;;0;0;false;false;false;true;false
"21956-935";"0011072";"KDCBB";"Prezista";"00935";false;;;;;0;0;false;false;false;true;false
"18598-2162";"0015099";"PABG";"Neobacitracine";"02162";false;;;;;0;0;false;false;false;true;false
"15321-1347";"0009092";"JHA";"Lioresal";"01347";false;;;;;0;0;false;false;false;true;false
"2816-117";"0009092";"JHA";"Baclofen Aguettant";"00117";false;;;;;0;0;false;false;false;true;false
"17053-836";"0016279";"SABA";"Micropaque";"00836";false;;;;;0;0;false;false;false;true;false
"2782-1818";"0009837";"KABBA";"Azithromycine Teva";"01818";false;;;;;0;0;false;false;false;true;false
"33514-1701";"0025809";"AADC";"Bipressil";"01701";false;;;"B";"B";0;0;false;false;false;true;false
"30106-1446";"0009837";"KABBA";"Zitromax";"01446";false;;;;;0;0;false;false;false;true;false
"2659-1941";"0009787";"KAADA";"Azactam";"01941";false;;;;;0;0;false;false;false;true;false
"18572-1743";"0016030";"QDBA";"Neo-Golaseptine";"01743";false;;;;;0;0;false;false;false;true;false
"20685-1438";"0014431";"OFAA";"Pangel";"01438";false;;;;;0;0;false;false;false;true;false
"331-2006";"8903080";"OFEA";"Acneplus";"02006";false;;;;;0;0;false;false;false;true;false
"3566-1446";"8901001";"MBCBA";"Bosulif";"01446";false;;;;;0;0;false;false;false;true;false
"5777-455";"0003400";"CGAA";"Clipper";"00455";false;;;"C";"C";0;0;false;false;false;true;false
"3277-612";"0004820";"MEDC";"Bicalutamide EG";"00612";false;;;;;0;0;false;false;false;true;false
"3285-1636";"0004820";"MEDC";"Bicalutamide Sandoz";"01636";false;;;;;0;0;false;false;false;true;false
"4192-299";"0014076";"OACC";"Canestene Derm";"00299";false;;;;;0;0;false;false;false;true;false
"19265-59";"0011114";"KDCBE";"Norvir";"00059";false;;;;;0;0;false;false;false;true;false
"33571-2303";"0009373";"JKAA";"Donepezil Krka";"02303";false;;;;;0;0;false;false;false;true;false
"8409-3624";"0003210";"CEDAA";"Dulcolax Bisacodyl";"03624";false;;;;;0;0;false;false;false;true;false
"15586-1180";"0000125";"AADA";"Lodoz";"01180";false;;;"B,D";"B,D";0;0;false;false;false;true;false
"3442-1818";"0000612";"AEB";"Bisoprolol Teva";"01818";false;;;"B";"B";0;0;false;false;false;true;false
"5926-612";"0000125";"AADA";"Co-Bisoprolol EG";"00612";false;;;"B,D";"B,D";0;0;false;false;false;true;false
"3434-1636";"0000612";"AEB";"Bisoprolol Sandoz";"01636";false;;;"B";"B";0;0;false;false;false;true;false
"5934-1289";"0000125";"AADA";"Co-Bisoprolol Viatris";"01289";false;;;"B,D";"B,D";0;0;false;false;false;true;false
"4622-1602";"0013862";"OAAA";"Cedium Benzalkonium";"01602";false;;;;;0;0;false;false;false;true;false
"18200-2162";"0006171";"GABA";"Myocholine-Glenwood";"02162";false;;;;;0;0;false;false;false;true;false
"8961-1180";"0000125";"AADA";"Emcoretic";"01180";false;;;"B,D";"B,D";0;0;false;false;false;true;false
"1511-612";"0009530";"KAAACA";"Amoxicilline EG";"00612";false;;;;;0;0;false;false;false;true;false
"3376-612";"0003210";"CEDAA";"Bisacodyl EG";"00612";false;;;;;0;0;false;false;false;true;false
"22426-257";"0003756";"DADBA";"Pulmicort";"00257";false;;;"c";"c";0;0;false;false;false;true;false
"3855-1636";"0003756";"DADBA";"Budesonid Sandoz";"01636";false;;;"c";"c";0;0;false;false;false;true;false
"6353-59";"0025973";"PDFA";"Combigan";"00059";false;;;"B";"B";0;0;false;false;false;true;false
"3574-59";"0009100";"JHD";"Botox";"00059";false;;;;;0;0;false;false;false;true;false
"3483-1206";"0009100";"JHD";"Bocouture";"01206";false;;;;;0;0;false;false;false;true;false
"29074-59";"0009100";"JHD";"Vistabel";"00059";false;;;;;0;0;false;false;false;true;false
"14845-372";"0007500";"JAAC";"Lendormin";"00372";false;;;;;0;0;false;false;false;true;false
"3715-612";"0004036";"DBBBA";"Bromhexine EG";"00612";false;;;;;0;0;false;false;false;true;false
"31682-2014";"0013417";"IEAB";"D-Vital";"02014";false;;;;;0;0;false;false;false;true;false
"49163-1354";"8905531";"EBAB";"Wegovy";"01354";true;;;;;0;0;false;false;false;true;false
"18184-232";"8906133";"MAABA";"Myleran";"00232";false;;;;;0;0;false;false;false;true;false
"11619-711";"0012864";"MABCF";"Gemcitabine Fresenius Kabi";"00711";false;;;;;0;0;false;false;false;true;false
"24653-4150";"0003970";"DBAF";"Therafixx-Tusso";"04150";false;;;;;0;0;false;false;false;true;false
"33704-1800";"0026179";"JDAB";"Intuniv";"01800";true;;;;;0;0;false;false;false;true;false
"19331-1289";"0003715";"DADAB";"Novolizer Budesonide";"01289";false;;;"c";"c";0;0;false;false;false;true;false
"877-1818";"0007260";"IEBA";"Alendronate Teva";"01818";false;;;;;0;0;false;false;false;true;false
"26252-596";"0006635";"HCAA";"Temgesic";"00596";false;;;"N";"N";0;0;false;true;false;true;false
"3954-1818";"0006023";"FHA";"Cabergoline Teva";"01818";false;;;;;0;0;false;false;false;true;false
"3392-3624";"0004036";"DBBBA";"Bisolvon Slijmhoest";"03624";false;;;;;0;0;false;false;false;true;false
"8268-1446";"0006023";"FHA";"Dostinex";"01446";false;;;;;0;0;false;false;false;true;false
"3897-2956";"0000455";"ADABA";"Burinex";"02956";false;;;"D";"D";0;0;false;false;false;true;false
"7955-2485";"0013177";"MAEBB";"Docetaxel Eugia";"02485";false;;;;;0;0;false;false;false;true;false
"3830-539";"0003392";"CGAB";"Budenofalk";"00539";false;;;"C";"C";0;0;false;false;false;true;false
"33506-3236";"0016485";"TBA";"Ammonaps";"03236";false;;;;;0;0;false;false;false;true;false
"33753-2303";"0000729";"AFAA";"Amlodipine Krka";"02303";false;;;;;0;0;false;false;false;true;false
"33738-1701";"0025627";"AMA";"Lipertance";"01701";false;;;;;0;0;false;false;false;true;false
"7161-1735";"0013680";"NBABB";"Dedrogyl";"01735";false;;;;;0;0;false;false;false;true;false
"33720-794";"0026161";"KDEF";"Epclusa";"00794";false;;;;;0;0;false;false;false;true;false
"29496-604";"0019794";"MABCB";"Xeloda";"00604";false;;;;;0;0;false;false;false;true;false
"8284-1040";"0014605";"OHCA";"Dovobet";"01040";false;;;"c";"c";0;0;false;false;false;true;false
"29439-1040";"0014605";"OHCA";"Xamiol";"01040";false;;;"c";"c";0;0;false;false;false;true;false
"4135-612";"0001008";"AGBA";"Candesartan EG";"00612";false;;;;;0;0;false;false;false;true;false
"4150-612";"0000166";"AADF";"Candesartan Plus HCT EG";"00612";false;;;"D";"D";0;0;false;false;false;true;false
"4176-1818";"0001008";"AGBA";"Candesartan Teva";"01818";false;;;;;0;0;false;false;false;true;false
"6007-1818";"0000166";"AADF";"Co-Candesartan Teva";"01818";false;;;"D";"D";0;0;false;false;false;true;false
"24935-1446";"0006023";"FHA";"Sostilar";"01446";false;;;;;0;0;false;false;false;true;false
"4317-612";"0000901";"AGAA";"Captopril EG";"00612";false;;;;;0;0;false;false;false;true;false
"26096-1347";"0008821";"JGBAA";"Tegretol";"01347";false;;;;;0;0;false;false;false;true;false
"23614-1024";"0013698";"NBABC";"Rocaltrol";"01024";false;;;;;0;0;false;false;false;true;false
"49999-2485";"0005140";"EGAA";"Cinacalcet AB";"02485";false;;;;;0;0;false;false;false;true;false
"33746-794";"0011049";"KDCADA";"Odefsey";"00794";false;;;;;0;0;false;false;false;true;false
"33787-2303";"8901001";"MBCBA";"Imatinib Krka";"02303";false;;;;;0;0;false;false;false;true;false
"33803-2303";"0017954";"HCBE";"Tramadol / Paracetamol Krka";"02303";false;;;"N";"N";0;0;false;false;false;true;false
"15404-273";"0026013";"PFA";"Liposic";"00273";false;;;;;0;0;false;false;false;true;false
"28894-273";"0026013";"PFA";"Vidisic";"00273";false;;;;;0;0;false;false;false;true;false
"14332-273";"0026013";"PFA";"Lacrinorm";"00273";false;;;;;0;0;false;false;false;true;false
"26633-125";"0026013";"PFA";"Thilo-Tears";"00125";false;;;;;0;0;false;false;false;true;false
"4416-67";"0012625";"MAACA";"Carboplatin Accord Healthcare";"00067";false;;;;;0;0;false;false;false;true;false
"4465-1818";"0012625";"MAACA";"Carbosin";"01818";false;;;;;0;0;false;false;false;true;false
"4440-844";"0012625";"MAACA";"Carboplatine Hospira";"00844";false;;;;;0;0;false;false;false;true;false
"7724-1446";"0010462";"KBCA";"Diflucan";"01446";false;;;;;0;0;false;false;false;true;false
"33837-1347";"8900664";"MBCHA";"Mekinist";"01347";false;;;;;0;0;false;false;false;true;false
"33894-612";"0012526";"LDAAH";"Rupatadine EG";"00612";false;;;;;0;0;false;false;false;true;false
"33902-1602";"0013946";"OAAL";"Hospaq";"01602";false;;;;;0;0;false;false;false;true;false
"4523-612";"0000620";"AEC";"Carvedilol EG";"00612";false;;;"B";"B";0;0;false;false;false;true;false
"33845-2303";"0000141";"AADD";"Ramipril / HCTZ Krka";"02303";false;;;"D";"D";0;0;false;false;false;true;false
"33852-2303";"0000976";"AGAH";"Ramipril Krka";"02303";false;;;;;0;0;false;false;false;true;false
"24729-1164";"0004010";"DBBAB";"Siroxyl Carbocisteïne";"01164";false;;;;;0;0;false;false;false;true;false
"33860-1818";"0001040";"AGBE";"Olmesartan Teva";"01818";false;;;;;0;0;false;false;false;true;false
"33910-828";"0026260";"LABEA";"Bexsero";"00828";false;;;;;0;0;false;false;false;true;false
"33886-67";"0010512";"KBCF";"Voriconazole Accord";"00067";false;;;;;0;0;false;false;false;true;false
"33951-2303";"0000166";"AADF";"Olmesartan / HCTZ Krka";"02303";false;;;"D";"D";0;0;false;false;false;true;false
"33969-612";"0000166";"AADF";"Olmesartan Plus HCT EG";"00612";false;;;"D";"D";0;0;false;false;false;true;false
"33936-1628";"8900664";"MBCHA";"Cotellic";"01628";false;;;;;0;0;false;false;false;true;false
"14282-604";"0000620";"AEC";"Kredex";"00604";false;;;"B";"B";0;0;false;false;false;true;false
"33761-67";"8901001";"MBCBA";"Imatinib Accord";"00067";false;;;;;0;0;false;false;false;true;false
"11593-2485";"0012864";"MABCF";"Gemcitabine Eugia";"02485";false;;;;;0;0;false;false;false;true;false
"34009-612";"0001040";"AGBE";"Olmesartan EG";"00612";false;;;;;0;0;false;false;false;true;false
"34017-2303";"0001040";"AGBE";"Olmesartan Krka";"02303";false;;;;;0;0;false;false;false;true;false
"34025-1636";"0001040";"AGBE";"Olmesartan Sandoz";"01636";false;;;;;0;0;false;false;false;true;false
"34033-2303";"0001875";"BAABAA";"Clopidogrel Krka";"02303";false;;;;;0;0;false;false;false;true;false
"34074-67";"0013052";"MADAA";"Irinotecan Accord";"00067";false;;;;;0;0;false;false;false;true;false
"50005-612";"0001503";"AKA";"Diosmine / Hesperidine EG";"00612";false;;;;;0;0;false;false;false;true;false
"4549-1636";"0000620";"AEC";"Carvedilol Sandoz";"01636";false;;;"B";"B";0;0;false;false;false;true;false
"34116-935";"0026286";"ANE";"Uptravi";"00935";false;;;;;0;0;false;false;false;true;false
"34124-570";"0026294";"LCBBGC";"Taltz";"00570";false;;;;;0;0;false;false;false;true;false
"24547-1818";"0017327";"ANF";"Sildenafil Teva";"01818";false;;;;;0;0;false;false;false;true;false
"34157-661";"0017673";"EFBA";"Nocdurna";"00661";false;;;"M";"M";0;0;false;false;false;true;false
"34181-1818";"0006676";"HCAH";"Oxycodone Teva";"01818";false;;;"N";"N";0;0;false;false;true;true;false
"50013-612";"0019521";"DCCA";"Pirfenidon EG";"00612";false;;;;;0;0;false;false;false;true;false
"10512-2485";"0009498";"KAAABA";"Floxapen";"02485";false;;;;;0;0;false;false;false;true;false
"27367-2360";"0018671";"TCA";"Traumeel";"02360";false;;;;;0;0;false;false;false;true;false
"10504-828";"0002139";"BAACA";"Flolan";"00828";false;;;;;0;0;true;false;false;true;false
"19406-1354";"0004192";"EAAAA";"NovoRapid";"01354";false;;;"H";"H";0;0;false;false;false;true;false
"34165-3103";"0005355";"FBAAC";"Gaelle 20";"03103";false;;;;;0;0;false;false;false;true;false
"34173-3103";"0005355";"FBAAC";"Gaelle 30";"03103";false;;;;;0;0;false;false;false;true;false
"4127-1263";"8901993";"KBBB";"Cancidas";"01263";false;;;;;0;0;false;false;false;true;false
"13938-1784";"0016832";"NADA";"Kali-Sterop";"01784";false;;;;;0;0;false;false;false;true;false
"19562-1370";"0002246";"BBAB";"Octanate";"01370";false;;;;;0;0;false;false;false;true;false
"34728-265";"0016832";"NADA";"KCl B. Braun";"00265";false;;;;;0;0;false;false;false;true;false
"4697-1636";"0009639";"KAABAC";"Cefazoline Sandoz";"01636";false;;;;;0;0;false;false;false;true;false
"50021-711";"0012310";"LCBBDC";"Tyenne";"00711";true;;;;;0;0;false;false;false;true;false
"4747-711";"0009712";"KAABCB";"Ceftazidim Fresenius Kabi";"00711";false;;;;;0;0;false;false;false;true;false
"49965-67";"0005884";"EDFB";"Camcevi";"00067";false;;;"Hman";"Hman";0;0;false;false;false;true;false
"37341-1701";"0012914";"MABDA";"Lonsurf";"01701";false;;;;;0;0;false;false;false;true;false
"21030-885";"0008201";"JCAAE";"Paroxetine Sandoz";"00885";false;;;;;0;0;false;false;false;true;false
"37374-1792";"0002253";"BBAE";"Alprolix";"01792";false;;;;;0;0;true;false;false;true;false
"50039-3103";"0020826";"FBCAA";"MI-MONA-One Cu 380 Ag mini";"03103";false;;;;;0;0;false;false;false;true;false
"37366-612";"0018531";"PDDD";"Travoprost EG";"00612";false;;;;;0;0;false;false;false;true;false
"6528-1818";"0000141";"AADD";"Coperindo";"01818";false;;;"D";"D";0;0;false;false;false;true;false
"50047-3103";"0020826";"FBCAA";"MI-MONA-Push Cu 375";"03103";false;;;;;0;0;false;false;false;true;false
"37416-1818";"0008573";"JFCC";"Pramipexole Teva";"01818";false;;;;;0;0;false;false;false;true;false
"37887-398";"0016246";"SAACA";"Iomeron";"00398";false;;;;;0;0;false;false;false;true;false
"37424-67";"0026450";"MAADD";"Tepadina";"00067";false;;;;;0;0;false;false;false;true;false
"38893-1289";"0011049";"KDCADA";"Efavirenz / Emtricitabine / Tenofovir disoproxil Mylan";"01289";false;;;;;0;0;false;false;false;true;false
"37895-752";"0016246";"SAACA";"Omnipaque";"00752";false;;;;;0;0;false;false;false;true;false
"37929-299";"0016246";"SAACA";"Ultravist";"00299";false;;;;;0;0;false;false;false;true;false
"12799-1347";"0018804";"LCBBAB";"Ilaris";"01347";false;;;;;0;0;false;false;false;true;false
"37945-752";"0016253";"SAACB";"Visipaque";"00752";false;;;;;0;0;false;false;false;true;false
"8276-836";"0016303";"SBA";"Dotarem";"00836";false;;;;;0;0;false;false;false;true;false
"42184-1784";"8901092";"TABBA";"Thiosulfate de Sodium Sterop";"01784";false;;;;;0;0;false;false;false;true;false
"9886-1347";"0016444";"TACBA";"Exjade";"01347";false;;;;;0;0;false;false;false;true;false
"37572-2303";"0006999";"IAADB";"Etoricoxib Krka";"02303";false;;;;;0;0;false;false;false;true;false
"37911-836";"0016246";"SAACA";"Optiray";"00836";false;;;;;0;0;false;false;false;true;false
"37739-406";"0013201";"MBAA";"Empliciti";"00406";false;;;;;0;0;false;false;false;true;false
"21220-1180";"0026146";"FEBH";"Pergoveris";"01180";false;;;"Hman";"Hman";0;0;false;false;false;true;false
"37648-2303";"0000158";"AADE";"Enalapril / Lercanidipine Krka";"02303";false;;;;;0;0;false;false;false;true;false
"37721-612";"0015891";"QCBBD";"Xylomaris";"00612";false;;;;;0;0;false;false;false;true;false
"23226-1537";"0013771";"NBDA";"Revitalose C 1000";"01537";false;;;;;0;0;false;false;false;true;false
"37853-1800";"8900748";"MBEA";"Ninlaro";"01800";false;;;;;0;0;true;false;false;true;false
"7252-1446";"0004986";"EEFA";"Depo-Medrol + Lidocaine";"01446";false;;;"C";"C";0;0;false;false;false;true;false
"37796-2097";"0011338";"LAAFA";"Avaxim";"02097";false;;;;;0;0;false;false;false;true;false
"37879-273";"0015552";"PHA";"Ximaract";"00273";false;;;;;0;0;false;false;false;true;false
"37804-3103";"0005363";"FBAAD";"Annaïs 20";"03103";false;;;;;0;0;false;false;false;true;false
"37812-3103";"0005363";"FBAAD";"Annaïs 30";"03103";false;;;;;0;0;false;false;false;true;false
"38000-554";"0018143";"JMA";"Teglutik";"00554";false;;;;;0;0;false;false;false;true;false
"38026-554";"0005637";"FCACA";"Blissel";"00554";false;;;;;0;0;false;false;false;true;false
"21949-1446";"0021295";"LABFB";"Prevenar 13";"01446";false;;;;;0;0;false;false;false;true;false
"38042-612";"0001586";"ALAC";"Rosuvastatine EG";"00612";false;;;;;0;0;false;false;false;true;false
"38059-1636";"0019448";"GCAC";"Tadalafil Sandoz";"01636";false;;;;;0;0;false;false;false;true;false
"38034-1818";"0019448";"GCAC";"Tadalafil Teva";"01818";false;;;;;0;0;false;false;false;true;false
"38125-2949";"0018671";"TCA";"2Lveru";"02949";false;;;;;0;0;false;false;false;true;false
"38133-2949";"0018671";"TCA";"2Lpapi";"02949";false;;;;;0;0;false;false;false;true;false
"38141-3103";"0005702";"FCBAA";"Laclimella";"03103";false;;;;;0;0;false;false;false;true;false
"38174-612";"0025981";"PDFB";"Travoprost / Timolol EG";"00612";false;;;"B";"B";0;0;false;false;false;true;false
"37986-570";"0028407";"LCBEAAB";"Olumiant";"00570";false;;;;;0;0;false;false;false;true;false
"37937-836";"0016246";"SAACA";"Xenetix";"00836";false;;;;;0;0;false;false;false;true;false
"38075-1289";"0019448";"GCAC";"Tadalafil Mylan";"01289";false;;;;;0;0;false;false;false;true;false
"38224-1818";"0001586";"ALAC";"Rosuvastatine Teva";"01818";false;;;;;0;0;false;false;false;true;false
"38265-3103";"0005348";"FBAAB";"Noranelle 30/150";"03103";false;;;;;0;0;false;false;false;true;false
"38273-2923";"0028522";"JDBD";"Wakix";"02923";true;;;;;0;0;true;false;false;true;false
"37747-1636";"0020289";"JGBCA";"Pregabaline Sandoz";"01636";false;;;;;0;0;false;false;false;true;false
"38323-1354";"0004192";"EAAAA";"Fiasp";"01354";false;;;"H";"H";0;0;false;false;false;true;false
"38331-3640";"0001586";"ALAC";"Rosuvastatin HCS";"03640";false;;;;;0;0;false;false;false;true;false
"18796-299";"8900706";"MBCLA";"Nexavar";"00299";false;;;;;0;0;false;false;false;true;false
"38596-612";"8906729";"ALIC";"Ezetimibe / Simvastatine EG";"00612";false;;;;;0;0;false;false;false;true;false
"38307-1289";"0001586";"ALAC";"Rosuvastatine Viatris";"01289";false;;;;;0;0;false;false;false;true;false
"38455-1800";"0002253";"BBAE";"Rixubis";"01800";false;;;;;0;0;false;false;false;true;false
"38117-570";"0019448";"GCAC";"Tadalafil Lilly";"00570";false;;;;;0;0;false;false;false;true;false
"38588-612";"0001701";"ALDA";"Ezetimibe EG";"00612";false;;;;;0;0;false;false;false;true;false
"30023-1636";"8904724";"KAABBB";"Zinacef";"01636";false;;;;;0;0;false;false;false;true;false
"34207-3855";"0013706";"NBABD";"Thorens";"03855";false;;;;;0;0;false;false;false;true;false
"38562-935";"0028597";"LCBBHA";"Tremfya";"00935";false;;;;;0;0;false;false;false;true;false
"38570-1628";"0028571";"LCBDBA";"Ocrevus";"01628";false;;;;;0;0;false;false;false;true;false
"38505-1313";"0028589";"BBBA";"Trasylol";"01313";false;;;;;0;0;false;false;false;true;false
"33811-1248";"0019596";"KAKCC";"Tixteller";"01248";false;;;;;0;0;false;false;false;true;false
"38547-1818";"0001701";"ALDA";"Ezetimibe Teva";"01818";false;;;;;0;0;false;false;false;true;false
"22053-1784";"0016147";"RBC";"Procaine HCl Sterop";"01784";false;;;;;0;0;false;false;false;true;false
"4788-711";"8904724";"KAABBB";"Cefuroxim Fresenius Kabi";"00711";false;;;;;0;0;false;false;false;true;false
"38539-2360";"0018671";"TCA";"Luffeel";"02360";false;;;;;0;0;false;false;false;true;false
"20602-810";"0020750";"HCAL";"Palexia";"00810";false;;;;;0;0;false;true;false;true;false
"38760-2360";"0018671";"TCA";"Mulimen";"02360";false;;;;;0;0;false;false;false;true;false
"9399-1628";"0019521";"DCCA";"Esbriet";"01628";false;;;;;0;0;false;false;false;true;false
"12435-59";"0025817";"LCBAA";"Humira";"00059";false;;;;;0;0;false;false;false;true;false
"39073-752";"0016303";"SBA";"Clariscan";"00752";false;;;;;0;0;false;false;false;true;false
"38786-1636";"0025775";"QCBCAC";"Momepax";"01636";false;;;"c";"c";0;0;false;false;false;true;false
"50054-67";"0013243";"MDA";"Trabectedin Accord";"00067";true;;;;;0;0;false;false;false;true;false
"38620-1289";"0017756";"RABD";"Sufentanil Viatris";"01289";false;;;"N";"N";0;0;false;false;true;true;false
"38828-711";"0002949";"CDBC";"Palonosetron Fresenius Kabi";"00711";false;;;;;0;0;false;false;false;true;false
"38901-2360";"0018671";"TCA";"Viburcol";"02360";false;;;;;0;0;false;false;false;true;false
"38877-562";"8900706";"MBCLA";"Lenvima";"00562";false;;;;;0;0;false;false;false;true;false
"42192-1784";"0008920";"JGBDA";"Phenobarbital Sodium Sterop";"01784";false;;;;;0;0;false;false;false;true;false
"38943-372";"0020594";"DACB";"Yanimo";"00372";false;;;"B2";"B2";0;0;false;false;false;true;false
"4812-612";"0009688";"KAABBA";"Cefuroxime EG";"00612";false;;;;;0;0;false;false;false;true;false
"38976-2428";"0016360";"SDA";"Indigokarmijn Serb";"02428";false;;;;;0;0;false;false;false;true;false
"39065-612";"0000174";"AADG";"Olmesartan / Amlodipine EG";"00612";false;;;;;0;0;false;false;false;true;false
"19471-1610";"0006866";"IAABB";"Nurofen";"01610";false;;;;;0;0;false;false;false;true;false
"38927-1289";"0028654";"HCBA";"Brufen Codeine";"01289";false;;;"d";"d";0;0;false;false;false;true;false
"38752-1289";"0001701";"ALDA";"Ezetimibe Viatris";"01289";false;;;;;0;0;false;false;false;true;false
"10355-323";"0014043";"OABBB";"Flammacerium";"00323";false;;;;;0;0;false;false;false;true;false
"39008-190";"0028670";"EGAB";"Parsabiv";"00190";false;;;;;0;0;false;false;false;true;false
"18820-943";"0008417";"JEBCA";"Nicorette";"00943";false;;;;;0;0;false;false;false;true;false
"39164-2303";"0001701";"ALDA";"Ezetimibe Krka";"02303";false;;;;;0;0;false;false;false;true;false
"39180-2303";"0000166";"AADF";"Valsartan / Hydrochlorothiazide Krka";"02303";false;;;"D";"D";0;0;false;false;false;true;false
"14811-612";"0016014";"QDAA";"Lemocin";"00612";false;;;;;0;0;false;false;false;true;false
"30072-1636";"0009688";"KAABBA";"Zinnat";"01636";false;;;;;0;0;false;false;false;true;false
"4838-1289";"0006981";"IAADA";"Celebrex";"01289";false;;;;;0;0;false;false;false;true;false
"13995-4598";"0014407";"OEA";"Kamillosan";"04598";false;;;;;0;0;false;false;false;true;false
"15008-232";"8906141";"MAAAA";"Leukeran";"00232";false;;;;;0;0;false;false;false;true;false
"12336-1230";"0013813";"OAAC";"Hibidil";"01230";false;;;;;0;0;false;false;false;true;false
"4630-1602";"0013813";"OAAC";"Cedium Chlorhexidine";"01602";false;;;;;0;0;false;false;false;true;false
"39263-2360";"0018671";"TCA";"Vertigoheel";"02360";false;;;;;0;0;false;false;false;true;false
"39271-2360";"0018671";"TCA";"Gastricumeel";"02360";false;;;;;0;0;false;false;false;true;false
"39156-3574";"0004804";"EDDB";"Testarzon";"03574";false;;;"A";"A";0;0;false;false;false;true;false
"5017-1883";"0013946";"OAAL";"Cetavlex";"01883";false;;;;;0;0;false;false;false;true;false
"39305-1982";"0009415";"JKCA";"Tavoforce";"01982";false;;;;;0;0;false;false;false;true;false
"39446-612";"0007054";"IABAA";"Diclofenac Patch EG";"00612";false;;;;;0;0;false;false;false;true;false
"39198-2949";"0018671";"TCA";"2Lherp";"02949";false;;;;;0;0;false;false;false;true;false
"39354-2303";"0000174";"AADG";"Olmesartan / Amlodipine Krka";"02303";false;;;;;0;0;false;false;false;true;false
"39255-3343";"0013201";"MBAA";"Herzuma";"03343";false;;;;;0;0;false;false;false;true;false
"7120-1289";"0015206";"PACA";"De Icol";"01289";false;;;"c";"c";0;0;false;false;false;true;false
"39321-1289";"8901993";"KBBB";"Caspofungine Viatris";"01289";false;;;;;0;0;false;false;false;true;false
"13110-3269";"8900706";"MBCLA";"Inlyta";"03269";false;;;;;0;0;false;false;false;true;false
"39594-1909";"8906380";"JGACB";"Briviact";"01909";false;;;;;0;0;false;false;false;true;false
"6551-4150";"0016030";"QDBA";"Corsodyl";"04150";false;;;;;0;0;false;false;false;true;false
"39750-2303";"0000158";"AADE";"Perindopril / Amlodipine Krka";"02303";false;;;;;0;0;false;false;false;true;false
"33399-3269";"8900748";"MBEA";"Kyprolis";"03269";false;;;;;0;0;false;false;false;true;false
"33837-3269";"8900664";"MBCHA";"Mekinist";"03269";false;;;;;0;0;false;false;false;true;false
"5744-1636";"0010124";"KADA";"Clindamycin Sandoz";"01636";false;;;;;0;0;false;false;false;true;false
"39776-2485";"0009837";"KABBA";"Azithromycin AB";"02485";false;;;;;0;0;false;false;false;true;false
"39784-2485";"0010173";"KAEA";"Ciprofloxacine AB";"02485";false;;;;;0;0;false;false;false;true;false
"39792-2485";"0010199";"KAEC";"Moxifloxacin AB";"02485";false;;;;;0;0;false;false;false;true;false
"50070-1453";"0011932";"LBFA";"Immunorho";"01453";false;;;;;0;0;false;false;false;true;false
"16428-1602";"0016030";"QDBA";"Medica";"01602";false;;;;;0;0;false;false;false;true;false
"11916-1743";"0016014";"QDAA";"Golaseptine-Lidocaine";"01743";false;;;;;0;0;false;false;false;true;false
"18614-1347";"0012062";"LCADAA";"Neoral-Sandimmun";"01347";false;;;;;0;0;false;false;false;true;false
"12542-182";"0000422";"ADAAA";"Hygroton";"00182";false;;;"D";"D";0;0;false;false;false;true;false
"25114-3269";"8901001";"MBCBA";"Sprycel";"03269";false;;;;;0;0;false;false;false;true;false
"25726-3269";"8900607";"MBCCA";"Tafinlar";"03269";false;;;;;0;0;false;false;false;true;false
"23952-1347";"0012062";"LCADAA";"Sandimmun";"01347";false;;;;;0;0;false;false;false;true;false
"6049-604";"0000141";"AADD";"Co-Inhibace";"00604";false;;;"D";"D";0;0;false;false;false;true;false
"12344-1230";"0013813";"OAAC";"Hibiscrub";"01230";false;;;;;0;0;false;false;false;true;false
"7476-1610";"0013896";"OAAD";"Dettolmedical Chloroxylenol";"01610";false;;;;;0;0;false;false;false;true;false
"5249-1347";"8900029";"KEBBCA";"Ciloxan";"01347";false;;;;;0;0;false;false;false;true;false
"7054-1446";"0017905";"FABA";"Dalacin";"01446";false;;;;;0;0;false;false;false;true;false
"5488-1818";"0012641";"MAACB";"Cisplatine Teva";"01818";false;;;;;0;0;false;false;false;true;false
"5454-67";"0012641";"MAACB";"Cisplatin Accord Healthcare";"00067";false;;;;;0;0;false;false;false;true;false
"5355-1289";"0010173";"KAEA";"Ciprofloxacine Viatris";"01289";false;;;;;0;0;false;false;false;true;false
"5363-1636";"0010173";"KAEA";"Ciprofloxacine Sandoz";"01636";false;;;;;0;0;false;false;false;true;false
"5371-1818";"0010173";"KAEA";"Ciprofloxacine Teva";"01818";false;;;;;0;0;false;false;false;true;false
"5389-299";"0010173";"KAEA";"Ciproxine";"00299";false;;;;;0;0;false;false;false;true;false
"13094-604";"0000919";"AGAB";"Inhibace";"00604";false;;;;;0;0;false;false;false;true;false
"5330-612";"0010173";"KAEA";"Ciprofloxacine EG";"00612";false;;;;;0;0;false;false;false;true;false
"18903-232";"0019141";"RACB";"Nimbex";"00232";false;;;;;0;0;false;false;false;true;false
"11478-1529";"0017616";"EAFE";"Galvus";"01529";false;;;;;0;0;false;false;false;true;false
"5314-1073";"0008169";"JCAAA";"Cipramil";"01073";false;;;;;0;0;false;false;false;true;false
"5629-612";"0009845";"KABBB";"Clarithromycine EG";"00612";false;;;;;0;0;false;false;false;true;false
"5645-1636";"0009845";"KABBB";"Clarithromycine Sandoz";"01636";false;;;;;0;0;false;false;false;true;false
"19950-1636";"0005074";"EFCA";"Omnitrope";"01636";false;;;"H";"H";0;0;false;false;false;true;false
"16154-1289";"0009845";"KABBB";"Maclar";"01289";false;;;;;0;0;false;false;false;true;false
"27979-1289";"8906869";"GFA";"Uralyt U";"01289";false;;;;;0;0;false;false;false;true;false
"5769-711";"0010124";"KADA";"Clindamycine Fresenius Kabi";"00711";false;;;;;0;0;false;false;false;true;false
"7062-1446";"0010124";"KADA";"Dalacin C";"01446";false;;;;;0;0;false;false;false;true;false
"5603-1636";"0009845";"KABBB";"Clarithromycin Sandoz";"01636";false;;;;;0;0;false;false;false;true;false
"5512-1636";"0008169";"JCAAA";"Citalopram Sandoz";"01636";false;;;;;0;0;false;false;false;true;false
"5520-1818";"0008169";"JCAAA";"Citalopram Teva";"01818";false;;;;;0;0;false;false;false;true;false
"5538-1818";"0008169";"JCAAA";"Citalopram-Ratiopharm";"01818";false;;;;;0;0;false;false;false;true;false
"5280-612";"0001438";"AJA";"Cinnarizine EG";"00612";false;;;;;0;0;false;false;false;true;false
"5751-612";"0010124";"KADA";"Clindamycine EG";"00612";false;;;;;0;0;false;false;false;true;false
"3301-1289";"0009845";"KABBB";"Biclar";"01289";false;;;;;0;0;false;false;false;true;false
"5793-4127";"0005827";"FEAA";"Clomid";"04127";false;;;"O";"O";0;0;false;false;false;true;false
"21592-2097";"0001875";"BAABAA";"Plavix";"02097";false;;;;;0;0;false;false;false;true;false
"5843-1636";"0001875";"BAABAA";"Clopidogrel (HCl) Sandoz";"01636";false;;;;;0;0;false;false;false;true;false
"5850-1818";"0001875";"BAABAA";"Clopidogrel Teva";"01818";false;;;;;0;0;false;false;false;true;false
"9613-950";"0020248";"JBACA";"Etumine";"00950";false;;;;;0;0;false;false;false;true;false
"6924-1743";"0013706";"NBABD";"D-Cure";"01743";false;;;;;0;0;false;false;false;true;false
"13607-1750";"0014688";"OJA";"Iruxol Mono";"01750";false;;;;;0;0;false;false;false;true;false
"16089-2022";"0003970";"DBAF";"Lysotossil";"02022";false;;;;;0;0;false;false;false;true;false
"5827-612";"0001875";"BAABAA";"Clopidogrel EG";"00612";false;;;;;0;0;false;false;false;true;false
"4200-299";"8904054";"FAAAA";"Canestene Gyn";"00299";false;;;;;0;0;false;false;false;true;false
"1040-1925";"0028423";"PBCC";"Allergo-COMOD";"01925";false;;;;;0;0;false;false;false;true;false
"9100-281";"8906158";"MAAAB";"Endoxan";"00281";false;;;;;0;0;false;false;false;true;false
"16360-1347";"0015149";"PBAA";"Maxidex";"01347";false;;;"c";"c";0;0;false;false;false;true;false
"5884-1446";"0007542";"JAAG";"Clozan";"01446";false;;;;;0;0;false;false;false;true;false
"5892-1636";"0007930";"JBDD";"Clozapine Sandoz";"01636";false;;;;;0;0;false;false;false;true;false
"11197-1602";"0007518";"JAAD";"Frisium";"01602";false;;;;;0;0;false;false;false;true;false
"6247-75";"0007153";"ICAA";"Colchicine Opocalcium";"00075";false;;;;;0;0;false;false;false;true;false
"14852-1289";"0007930";"JBDD";"Leponex";"01289";false;;;;;0;0;false;false;false;true;false
"6791-125";"0015271";"PCB";"Cyclogyl";"00125";false;;;;;0;0;false;false;false;true;false
"23564-604";"0007526";"JAAE";"Rivotril";"00604";false;;;;;0;0;false;false;false;true;false
"27110-1602";"0003905";"DBAA";"Toularynx Codeine";"01602";false;;;"d";"d";0;0;false;false;false;true;false
"22525-604";"0001669";"ALCA";"Questran";"00604";false;;;;;0;0;false;false;false;true;false
"5785-745";"0014258";"OBAA";"Clobex";"00745";false;;;"c";"c";0;0;false;false;false;true;false
"6908-1446";"0012849";"MABCC";"Cytosar";"01446";false;;;;;0;0;false;false;false;true;false
"1966-190";"8904500";"BCAAA";"Aranesp";"00190";false;;;"H";"H";0;0;false;false;false;true;false
"20222-1289";"0002071";"BABBACA";"Orgaran";"01289";false;;;;;0;0;false;false;false;true;false
"6809-273";"0015271";"PCB";"Minims Cyclopentolaathydrochloride";"00273";false;;;;;0;0;false;false;false;true;false
"1172-1537";"0014951";"OMJ";"Alopexy";"01537";false;;;;;0;0;false;false;false;true;false
"6957-1024";"0017095";"MAADB";"Dacarbazine Medac";"01024";false;;;;;0;0;false;false;false;true;false
"8888-737";"0013367";"NABA";"Elmex Medical Gel";"00737";false;;;;;0;0;false;false;false;true;false
"10256-455";"0016444";"TACBA";"Ferriprox";"00455";false;;;;;0;0;false;false;false;true;false
"521-1172";"0017855";"ICBB";"Adenuric";"01172";false;;;;;0;0;false;false;false;true;false
"17236-661";"0017673";"EFBA";"Minirin";"00661";false;;;"M";"M";0;0;false;false;false;true;false
"4945-3491";"0019422";"FBBAA";"Cerazette";"03491";false;;;;;0;0;false;false;false;true;false
"16006-3491";"0019422";"FBBAA";"Lueva";"03491";false;;;;;0;0;false;false;false;true;false
"4820-760";"0019422";"FBBAA";"Desoceane";"00760";false;;;;;0;0;false;false;false;true;false
"7450-554";"0019422";"FBBAA";"Desopop";"00554";false;;;;;0;0;false;false;false;true;false
"7435-315";"0019422";"FBBAA";"Desogestrel Besins";"00315";false;;;;;0;0;false;false;false;true;false
"16386-1347";"0015206";"PACA";"Maxitrol";"01347";false;;;"c";"c";0;0;false;false;false;true;false
"26906-1347";"0015206";"PACA";"Tobradex";"01347";false;;;"c";"c";0;0;false;false;false;true;false
"29231-1347";"0006809";"IAAAB";"Voltaren";"01347";false;;;;;0;0;false;false;false;true;false
"7591-1826";"0015164";"PBBA";"Dicloabak";"01826";false;;;;;0;0;false;false;false;true;false
"38190-2303";"0019448";"GCAC";"Tadalafil Krka";"02303";false;;;;;0;0;false;false;false;true;false
"7393-661";"0017673";"EFBA";"Desmopressine Ferring";"00661";false;;;"M";"M";0;0;false;false;false;true;false
"7567-612";"0007567";"JAAH";"Diazepam EG";"00612";false;;;;;0;0;false;false;false;true;false
"7575-1818";"0007567";"JAAH";"Diazepam Teva";"01818";false;;;;;0;0;false;false;false;true;false
"48538-406";"8905192";"AOCA";"Camzyos";"00406";true;;;;;0;0;false;false;false;true;false
"7633-1636";"0006809";"IAAAB";"Diclofenac Sandoz";"01636";false;;;;;0;0;false;false;false;true;false
"17087-1529";"0006114";"GAAF";"Mictonorm";"01529";false;;;;;0;0;false;false;false;true;false
"6239-1685";"0002261";"BBAG";"Cofact";"01685";false;;;;;0;0;false;false;false;true;false
"23218-2097";"0018473";"LACFA";"Revaxis";"02097";false;;;;;0;0;false;false;false;true;false
"14506-232";"0000356";"ACAA";"Lanoxin";"00232";false;;;;;0;0;false;false;false;true;false
"26773-2097";"0000869";"AFCA";"Tildiem";"02097";false;;;;;0;0;false;false;false;true;false
"22293-1446";"0005777";"FDAA";"Prostin E2";"01446";false;;;;;0;0;false;false;false;true;false
"38430-1040";"0014605";"OHCA";"Enstilum";"01040";false;;;"c";"c";0;0;false;false;false;true;false
"7484-3624";"0015966";"QCBDA";"Dexa-Rhinospray Dexamethasone / Tramazoline";"03624";false;;;"c";"c";0;0;false;false;false;true;false
"6999-1701";"0001503";"AKA";"Daflon";"01701";false;;;;;0;0;false;false;false;true;false
"8086-1818";"0002857";"CDAB";"Domperidon Teva";"01818";false;;;;;0;0;false;false;false;true;false
"8094-612";"0002857";"CDAB";"Domperidone EG";"00612";false;;;;;0;0;false;false;false;true;false
"17814-943";"0002857";"CDAB";"Motilium";"00943";false;;;;;0;0;false;false;false;true;false
"22442-1628";"0004051";"DBBCA";"Pulmozyme";"01628";false;;;;;0;0;false;false;false;true;false
"27698-2444";"0015453";"PDEA";"Trusopt";"02444";false;;;;;0;0;false;false;false;true;false
"4572-1347";"0006809";"IAAAB";"Cataflam";"01347";false;;;;;0;0;false;false;false;true;false
"22616-4598";"0014373";"OCA";"R Calm";"04598";false;;;;;0;0;false;false;false;true;false
"15651-3269";"0020438";"BCCC";"Lonquex";"03269";false;;;;;0;0;false;false;false;true;false
"19497-4598";"0012401";"LDABA";"Nustasium";"04598";false;;;;;0;0;false;false;false;true;false
"30015-3103";"0002857";"CDAB";"Zilium";"03103";false;;;;;0;0;false;false;false;true;false
"13276-935";"0007955";"JBDF";"Invega";"00935";false;;;;;0;0;false;false;false;true;false
"13045-3491";"8906729";"ALIC";"Inegy";"03491";false;;;;;0;0;false;false;false;true;false
"26344-1289";"0025999";"PDFC";"TensocViatris";"01289";false;;;"B";"B";0;0;false;false;false;true;false
"7930-1289";"0001347";"AIAC";"Dobutrexviatris";"01289";false;;;"S";"S";0;0;false;false;false;true;false
"562-1446";"0012955";"MACAB";"Adriblastina";"01446";false;;;;;0;0;false;false;false;true;false
"8318-1818";"0012955";"MACAB";"Doxorubicine Teva";"01818";false;;;;;0;0;false;false;false;true;false
"8631-1818";"0012435";"LDAAD";"Ebastine Teva";"01818";false;;;;;0;0;false;false;false;true;false
"29843-2626";"0000158";"AADE";"Zanicombo";"02626";false;;;;;0;0;false;false;false;true;false
"22905-1289";"0009183";"JIAAB";"Relert";"01289";false;;;;;0;0;false;false;false;true;false
"8342-1636";"0009910";"KACA";"Doxycycline Sandoz";"01636";false;;;;;0;0;false;false;false;true;false
"9027-794";"0010918";"KDCABB";"Emtriva";"00794";false;;;;;0;0;false;false;false;true;false
"9035-612";"0000927";"AGAC";"Enalapril EG";"00612";false;;;;;0;0;false;false;false;true;false
"23036-3491";"0000927";"AGAC";"Renitec";"03491";false;;;;;0;0;false;false;false;true;false
"2634-828";"0006247";"GBBA";"Avodart";"00828";false;;;;;0;0;false;false;false;true;false
"28761-1446";"0009910";"KACA";"Vibratab";"01446";false;;;;;0;0;false;false;false;true;false
"6155-3491";"0000141";"AADD";"Co-Renitec";"03491";false;;;"D";"D";0;0;false;false;false;true;false
"8672-1289";"0015800";"QCADA";"Echinacin Liquidum";"01289";false;;;;;0;0;false;false;false;true;false
"554-1784";"0001396";"AIAE";"Adrenaline (Tartrate) Sterop";"01784";false;;;"S";"S";0;0;false;false;false;true;false
"3632-281";"0000646";"AED";"Brevibloc";"00281";false;;;"B";"B";0;0;false;false;false;true;false
"18804-810";"0002550";"CAABA";"Nexiam";"00810";false;;;;;0;0;false;false;false;true;false
"22111-299";"0005595";"FCAAA";"Progynova";"00299";false;;;;;0;0;false;false;false;true;false
"7302-315";"0005611";"FCABA";"Dermestril";"00315";false;;;;;0;0;false;false;false;true;false
"25684-3160";"0005611";"FCABA";"Systen";"03160";false;;;;;0;0;false;false;false;true;false
"12021-760";"0005645";"FCACB";"Gynoflor";"00760";false;;;;;0;0;false;false;false;true;false
"59-232";"0005637";"FCACA";"Aacifemine";"00232";false;;;;;0;0;false;false;false;true;false
"37606-760";"0005363";"FBAAD";"Drosana 30";"00760";false;;;;;0;0;false;false;false;true;false
"9837-1636";"0017038";"MECB";"Exemestan Sandoz";"01636";false;;;"AO";"AO";0;0;false;false;false;true;false
"3038-1446";"0002253";"BBAE";"Benefix";"01446";false;;;;;0;0;false;false;false;true;false
"19570-1370";"0002253";"BBAE";"Octanine";"01370";false;;;;;0;0;false;false;false;true;false
"15883-1289";"0001032";"AGBD";"Losartan Viatris";"01289";false;;;;;0;0;false;false;false;true;false
"34223-4150";"0025767";"QCBCAB";"Otrivine Anti-Allergie";"04150";false;;;"c";"c";0;0;false;false;false;true;false
"30452-1289";"0005595";"FCAAA";"Zumenon";"01289";false;;;;;0;0;false;false;false;true;false
"24703-1073";"0008177";"JCAAB";"Sipralexa";"01073";false;;;;;0;0;false;false;false;true;false
"22996-2915";"0018697";"JKAB";"Reminyl";"02915";false;;;;;0;0;false;false;false;true;false
"9530-1818";"0002550";"CAABA";"Esomeprazole Teva";"01818";false;;;;;0;0;false;false;false;true;false
"19653-315";"0005611";"FCABA";"Oestrogel";"00315";false;;;;;0;0;false;false;false;true;false
"16147-1628";"0013201";"MBAA";"Mabthera";"01628";false;;;;;0;0;false;false;false;true;false
"2006-1529";"0017129";"MECA";"Arimidex";"01529";false;;;"AO";"AO";0;0;false;false;false;true;false
"8565-935";"0006601";"HCAB";"Durogesic";"00935";false;;;"N";"N";0;0;false;false;true;true;false
"10207-1636";"0006601";"HCAB";"Fentanyl Sandoz";"01636";false;;;"N";"N";0;0;false;false;true;true;false
"10264-612";"0006254";"GBBB";"Finasteride EG";"00612";false;;;;;0;0;false;false;false;true;false
"10298-1818";"0006254";"GBBB";"Finasteride Teva";"01818";false;;;;;0;0;false;false;false;true;false
"10587-711";"0010462";"KBCA";"Fluconazol Fresenius Kabi";"00711";false;;;;;0;0;false;false;false;true;false
"10595-265";"0010462";"KBCA";"Fluconazole B. Braun";"00265";false;;;;;0;0;false;false;false;true;false
"15370-1289";"0001636";"ALBC";"Lipanthylnano";"01289";false;;;;;0;0;false;false;false;true;false
"10272-1289";"0006254";"GBBB";"Finasteride Viatris";"01289";false;;;;;0;0;false;false;false;true;false
"12088-513";"0013474";"BBAD";"Haemate P";"00513";false;;;;;0;0;false;false;false;true;false
"25734-3491";"0009019";"JGCBA";"Taloxa";"03491";false;;;;;0;0;false;false;false;true;false
"4648-604";"0000232";"ABAAA";"Cedocard";"00604";false;;;;;0;0;false;false;false;true;false
"10124-612";"0001636";"ALBC";"Fenofibraat EG";"00612";false;;;;;0;0;false;false;false;true;false
"10157-1743";"0001636";"ALBC";"Fenogal";"01743";false;;;;;0;0;false;false;false;true;false
"10165-1743";"0001636";"ALBC";"Fenosup";"01743";false;;;;;0;0;false;false;false;true;false
"10579-612";"0010462";"KBCA";"Fluconazol EG";"00612";false;;;;;0;0;false;false;false;true;false
"11536-1024";"0008920";"JGBDA";"Gardenal";"01024";false;;;;;0;0;false;false;false;true;false
"11437-299";"0016303";"SBA";"Gadovist";"00299";false;;;;;0;0;false;false;false;true;false
"32045-257";"8900722";"MBDA";"Lynparza";"00257";false;;;;;0;0;false;false;false;true;false
"22459-3491";"0026104";"FEBE";"Puregon";"03491";false;;;;;0;0;false;false;false;true;false
"11114-463";"0010777";"KDAC";"Foscavir";"00463";false;;;;;0;0;true;false;false;true;false
"11239-1446";"0011502";"LAANA";"FSME Immun";"01446";false;;;;;0;0;false;false;false;true;false
"12146-828";"0011338";"LAAFA";"Havrix";"00828";false;;;;;0;0;false;false;false;true;false
"2014-1289";"0017384";"BABBCA";"Arixtra";"01289";false;;;;;0;0;false;false;false;true;false
"25973-1982";"0009415";"JKCA";"Tavonin";"01982";false;;;;;0;0;false;false;false;true;false
"6502-1818";"0012211";"LCBDEA";"Copaxone";"01818";false;;;;;0;0;false;false;false;true;false
"30163-257";"0005876";"EDFA";"Zoladex";"00257";false;;;"Hman";"Hman";0;0;false;false;false;true;false
"17756-2022";"0010306";"KAGCA";"Monuril";"02022";false;;;;;0;0;false;false;false;true;false
"11775-612";"0004366";"EACC";"Glimepiride EG";"00612";false;;;;;0;0;false;false;false;true;false
"18739-1289";"0020263";"JGBBA";"Neurontin";"01289";false;;;;;0;0;false;false;false;true;false
"11387-612";"0020263";"JGBBA";"Gabapentine EG";"00612";false;;;;;0;0;false;false;false;true;false
"11924-1180";"0026096";"FEBD";"Gonal-F";"01180";false;;;;;0;0;false;false;false;true;false
"11403-1636";"0020263";"JGBBA";"Gabapentine Sandoz";"01636";false;;;;;0;0;false;false;false;true;false
"11130-505";"0000935";"AGAD";"Fosinil";"00505";false;;;;;0;0;false;false;false;true;false
"33514-1529";"0025809";"AADC";"Bipressil";"01529";false;;;"B";"B";0;0;false;false;false;true;false
"3822-1289";"0006866";"IAABB";"Brufen";"01289";false;;;;;0;0;false;false;false;true;false
"12112-2915";"0020107";"JBBAC";"Haldol";"02915";false;;;;;0;0;false;false;false;true;false
"27748-828";"0011379";"LACHA";"Twinrix";"00828";false;;;;;0;0;false;false;false;true;false
"21162-943";"0006866";"IAABB";"Perdofemina";"00943";false;;;;;0;0;false;false;false;true;false
"13136-1917";"0014704";"OKA";"Inotyol";"01917";false;;;;;0;0;false;false;false;true;false
"12724-612";"0006866";"IAABB";"Ibuprofen EG";"00612";false;;;;;0;0;false;false;false;true;false
"12757-1636";"0006866";"IAABB";"Ibuprofen Sandoz";"01636";false;;;;;0;0;false;false;false;true;false
"42200-3269";"8900748";"MBEA";"Bortezomib Accord";"03269";false;;;;;0;0;false;false;false;true;false
"3459-1602";"0014704";"OKA";"Bithiol Qualiphar";"01602";false;;;;;0;0;false;false;false;true;false
"21063-2626";"0017335";"AOBA";"Pedea";"02626";false;;;;;0;0;false;false;false;true;false
"19166-3103";"0003319";"CFAA";"Norit";"03103";false;;;;;0;0;false;false;false;true;false
"12385-281";"8906166";"MAAAC";"Holoxan";"00281";false;;;;;0;0;false;false;false;true;false
"33738-1529";"0025627";"AMA";"Lipertance";"01529";false;;;;;0;0;false;false;false;true;false
"12765-1818";"0007054";"IABAA";"Ibuprofen Teva";"01818";false;;;;;0;0;false;false;false;true;false
"19364-1354";"0004309";"EAAEBA";"NovoMix 30";"01354";false;;;"H";"H";0;0;false;false;false;true;false
"19372-1354";"0004309";"EAAEBA";"NovoMix 50";"01354";false;;;"H";"H";0;0;false;false;false;true;false
"15032-1354";"0004259";"EAADA";"Levemir";"01354";false;;;"H";"H";0;0;false;false;false;true;false
"14597-2097";"0004259";"EAADA";"Lantus";"02097";false;;;"H";"H";0;0;false;false;false;true;false
"1867-2097";"0004192";"EAAAA";"Apidra";"02097";false;;;"H";"H";0;0;false;false;false;true;false
"12393-570";"0004192";"EAAAA";"Humalog";"00570";false;;;"H";"H";0;0;false;false;false;true;false
"12971-612";"0000430";"ADAAB";"Indapamide EG";"00612";false;;;"D";"D";0;0;false;false;false;true;false
"38216-3269";"8900623";"MBCEA";"Ibrance";"03269";false;;;;;0;0;false;false;false;true;false
"12419-570";"0004309";"EAAEBA";"Humalog Mix 50";"00570";false;;;"H";"H";0;0;false;false;false;true;false
"5918-2097";"0000166";"AADF";"CoAprovel";"02097";false;;;"D";"D";0;0;false;false;false;true;false
"13466-612";"0001024";"AGBC";"Irbesartan EG";"00612";false;;;;;0;0;false;false;false;true;false
"13490-1818";"0001024";"AGBC";"Irbesartan Teva";"01818";false;;;;;0;0;false;false;false;true;false
"39800-711";"0013052";"MADAA";"Irinotecan Kabi";"00711";false;;;;;0;0;false;false;false;true;false
"4119-1446";"0013052";"MADAA";"Campto";"01446";false;;;;;0;0;false;false;false;true;false
"24992-174";"0003004";"CEAA";"Spagulax M";"00174";false;;;;;0;0;false;false;false;true;false
"13482-1636";"0001024";"AGBC";"Irbesartan Sandoz";"01636";false;;;;;0;0;false;false;false;true;false
"18838-2162";"0010330";"KAHAA";"Nicotibine";"02162";false;;;;;0;0;false;false;false;true;false
"13524-2485";"0013052";"MADAA";"Irinotecan Eugia";"02485";false;;;;;0;0;false;false;false;true;false
"13771-1636";"0010470";"KBCC";"Itraconazol Sandoz";"01636";false;;;;;0;0;false;false;false;true;false
"18630-1529";"0014621";"OHDA";"Neotigason";"01529";false;;;;;0;0;false;false;false;true;false
"13755-612";"0010470";"KBCC";"Itraconazole EG";"00612";false;;;;;0;0;false;false;false;true;false
"13789-1818";"0010470";"KBCC";"Itraconazole Teva";"01818";false;;;;;0;0;false;false;false;true;false
"25098-935";"0010470";"KBCC";"Sporanox";"00935";false;;;;;0;0;false;false;false;true;false
"37952-836";"0016212";"SAABA";"Telebrix";"00836";false;;;;;0;0;false;false;false;true;false
"14746-1883";"0003111";"CECBC";"Laxido";"01883";false;;;;;0;0;false;false;false;true;false
"16170-1636";"0003111";"CECBC";"Macrogol + Electrolytes Sandoz";"01636";false;;;;;0;0;false;false;false;true;false
"6726-1818";"0003111";"CECBC";"Curapeg";"01818";false;;;;;0;0;false;false;false;true;false
"22871-1610";"0007070";"IABBA";"Reflexspray";"01610";false;;;;;0;0;false;false;false;true;false
"19018-612";"0014076";"OACC";"Nizoral";"00612";false;;;;;0;0;false;false;false;true;false
"14415-828";"0008755";"JGABA";"Lambipol";"00828";false;;;;;0;0;false;false;false;true;false
"6320-4598";"0003004";"CEAA";"Colofiber";"04598";false;;;;;0;0;false;false;false;true;false
"687-4598";"0018655";"CEHB";"Agiolax";"04598";false;;;;;0;0;false;false;false;true;false
"23572-604";"0014530";"OFFA";"Roaccutane";"00604";false;;;;;0;0;false;false;false;true;false
"13714-612";"0014530";"OFFA";"Isotretinoine EG";"00612";false;;;;;0;0;false;false;false;true;false
"14175-1818";"0012468";"LDABE";"Ketotifen Teva";"01818";false;;;;;0;0;false;false;false;true;false
"29801-1248";"0012468";"LDABE";"Zaditen";"01248";false;;;;;0;0;false;false;false;true;false
"14423-828";"0008755";"JGABA";"Lamictal";"00828";false;;;;;0;0;false;false;false;true;false
"13656-1289";"0000844";"AFBA";"Isoptine";"01289";false;;;;;0;0;false;false;false;true;false
"14472-612";"0008755";"JGABA";"Lamotrigine EG";"00612";false;;;;;0;0;false;false;false;true;false
"8557-125";"0026054";"PFE";"Duratears";"00125";false;;;;;0;0;false;false;false;true;false
"24877-927";"0017699";"EFDA";"Somatuline";"00927";false;;;;;0;0;false;false;false;true;false
"11148-1800";"0016469";"TACCA";"Fosrenol";"01800";false;;;;;0;0;false;false;false;true;false
"26815-3467";"0025981";"PDFB";"Timolatears";"03467";false;;;"B";"B";0;0;false;false;false;true;false
"1974-2097";"0007120";"IBCA";"Arava";"02097";false;;;;;0;0;false;false;false;true;false
"14548-612";"0002568";"CAABB";"Lansoprazole EG";"00612";false;;;;;0;0;false;false;false;true;false
"42168-1537";"0018077";"OLD";"Takrozem";"01537";false;;;;;0;0;false;false;false;true;false
"14563-1818";"0002568";"CAABB";"Lansoprazole Teva";"01818";false;;;;;0;0;false;false;false;true;false
"14530-1636";"0002568";"CAABB";"Lansoprazol Sandoz";"01636";false;;;;;0;0;false;false;false;true;false
"13623-4598";"0013847";"OAAI";"Iso-Betadine";"04598";false;;;;;0;0;false;false;false;true;false
"28944-2485";"0013151";"MAEAC";"Vinorelbin Eugia";"02485";false;;;;;0;0;false;false;false;true;false
"29413-1289";"0018515";"PDDB";"Xalatan";"01289";false;;;;;0;0;false;false;false;true;false
"30445-1529";"0014142";"OADC";"Zovirax Duo";"01529";false;;;"c";"c";0;0;false;false;false;true;false
"11999-1453";"0017525";"BCCB";"Granocyte";"01453";false;;;;;0;0;false;false;false;true;false
"10058-1347";"0017020";"MECC";"Femara";"01347";false;;;"AO";"AO";0;0;false;false;false;true;false
"14993-1818";"0017020";"MECC";"Letrozole Teva";"01818";false;;;"AO";"AO";0;0;false;false;false;true;false
"14696-2485";"0018515";"PDDB";"Latanotears";"02485";false;;;;;0;0;false;false;false;true;false
"25619-257";"0003780";"DAEA";"Symbicort";"00257";false;;;"c";"c";0;0;false;false;false;true;false
"14654-612";"0018515";"PDDB";"Latanoprost EG";"00612";false;;;;;0;0;false;false;false;true;false
"828-2097";"0016485";"TBA";"Aldurazyme";"02097";false;;;;;0;0;false;false;false;true;false
"14126-1909";"0008771";"JGACA";"Keppra";"01909";false;;;;;0;0;false;false;false;true;false
"14886-612";"0000778";"AFAD";"Lercanidipine EG";"00612";false;;;;;0;0;false;false;false;true;false
"15073-1636";"0008771";"JGACA";"Levetiracetam Sandoz";"01636";false;;;;;0;0;false;false;false;true;false
"29850-2626";"0000778";"AFAD";"Zanidip";"02626";false;;;;;0;0;false;false;false;true;false
"11015-1529";"0025007";"CECBB";"Forlax";"01529";false;;;;;0;0;false;false;false;true;false
"6643-3491";"0000166";"AADF";"Cozaar Plus";"03491";false;;;"D";"D";0;0;false;false;false;true;false
"29405-1289";"0025981";"PDFB";"Xalacom";"01289";false;;;"B";"B";0;0;false;false;false;true;false
"23770-1263";"0011445";"LAAKA";"Rotateq";"01263";false;;;;;0;0;false;false;false;true;false
"40295-2360";"0018671";"TCA";"Tartephedreel";"02360";false;;;;;0;0;false;false;false;true;false
"15149-1636";"0016790";"LDAAF";"Levocetirizine Sandoz";"01636";false;;;;;0;0;false;false;false;true;false
"15123-612";"0016790";"LDAAF";"Levocetirizine EG";"00612";false;;;;;0;0;false;false;false;true;false
"25122-1404";"0008698";"JFGA";"Stalevo";"01404";false;;;;;0;0;false;false;false;true;false
"25965-2097";"0010181";"KAEB";"Tavanic";"02097";false;;;;;0;0;false;false;false;true;false
"15214-711";"0010181";"KAEB";"Levofloxacine Fresenius Kabi";"00711";false;;;;;0;0;false;false;false;true;false
"8938-1446";"0013581";"NBBGA";"Elvorine";"01446";false;;;;;0;0;false;false;false;true;false
"21709-760";"0005546";"FBDA";"Postinor";"00760";false;;;;;0;0;false;false;false;true;false
"40212-794";"0020339";"KDCGA";"Biktarvy";"00794";false;;;;;0;0;false;false;false;true;false
"9738-1180";"0004564";"ECAA";"Euthyrox";"01180";false;;;;;0;0;false;false;false;true;false
"15206-612";"0010181";"KAEB";"Levofloxacine EG";"00612";false;;;;;0;0;false;false;false;true;false
"15222-1289";"0010181";"KAEB";"Levofloxacine Viatris";"01289";false;;;;;0;0;false;false;false;true;false
"15230-1636";"0010181";"KAEB";"Levofloxacine Sandoz";"01636";false;;;;;0;0;false;false;false;true;false
"22152-1628";"0008524";"JFBA";"Prolopa 125";"01628";false;;;;;0;0;false;false;false;true;false
"22160-1628";"0008524";"JFBA";"Prolopa 250";"01628";false;;;;;0;0;false;false;false;true;false
"19182-1396";"0005546";"FBDA";"Norlevo";"01396";false;;;;;0;0;false;false;false;true;false
"3053-828";"0018853";"LCBGDA";"Benlysta";"00828";true;;;;;0;0;false;false;false;true;false
"29678-1909";"0016790";"LDAAF";"Xyzall";"01909";false;;;;;0;0;false;false;false;true;false
"29603-232";"0016139";"RBA";"Xylocaine";"00232";false;;;;;0;0;false;false;false;true;false
"29637-232";"0001131";"AHBAA";"Xylocard";"00232";false;;;;;0;0;false;false;false;true;false
"15313-265";"0016147";"RBC";"Linisol";"00265";false;;;;;0;0;false;false;false;true;false
"20321-323";"0015677";"QACA";"Otipax";"00323";false;;;;;0;0;false;false;false;true;false
"8995-232";"0016139";"RBA";"Emla";"00232";false;;;;;0;0;false;false;false;true;false
"27466-2014";"0003483";"CHAA";"TriAnal";"02014";false;;;"C,c";"C,c";0;0;false;false;false;true;false
"28670-810";"0016139";"RBA";"Versatis";"00810";false;;;;;0;0;false;false;false;true;false
"30536-1446";"0010058";"KAKAA";"Zyvoxid";"01446";false;;;;;0;0;false;false;false;true;false
"30692-1529";"0015164";"PBBA";"Nevanac";"01529";false;;;;;0;0;false;false;false;true;false
"15305-1446";"0010132";"KADB";"Lincocin";"01446";false;;;;;0;0;false;false;false;true;false
"40311-182";"0028969";"JGAFA";"Zonegran";"00182";false;;;;;0;0;false;false;false;true;false
"15156-1818";"0016790";"LDAAF";"Levocetirizine Teva";"01818";false;;;;;0;0;false;false;false;true;false
"33985-1529";"0020834";"FBCBA";"Kyleena";"01529";false;;;;;0;0;false;false;false;true;false
"1156-1347";"0028423";"PBCC";"Alomide";"01347";false;;;;;0;0;false;false;false;true;false
"12856-943";"0003368";"CFCA";"Imodium";"00943";false;;;;;0;0;false;false;false;true;false
"42218-1636";"8902579";"LCADBA";"Dailiport";"01636";false;;;;;0;0;false;false;false;true;false
"6072-1636";"0000141";"AADD";"Co-Lisinopril Sandoz";"01636";false;;;"D";"D";0;0;false;false;false;true;false
"6080-1818";"0000141";"AADD";"Co-Lisinopril Teva";"01818";false;;;"D";"D";0;0;false;false;false;true;false
"15420-612";"0000943";"AGAE";"Lisinopril EG";"00612";false;;;;;0;0;false;false;false;true;false
"15446-1636";"0000943";"AGAE";"Lisinopril Sandoz";"01636";false;;;;;0;0;false;false;false;true;false
"29967-1024";"0000141";"AADD";"Zestoretic";"01024";false;;;"D";"D";0;0;false;false;false;true;false
"6056-612";"0000141";"AADD";"Co-Lisinopril EG";"00612";false;;;"D";"D";0;0;false;false;false;true;false
"15776-612";"0007617";"JAAM";"Lorazepam EG";"00612";false;;;;;0;0;false;false;false;true;false
"29975-1024";"0000943";"AGAE";"Zestril";"01024";false;;;;;0;0;false;false;false;true;false
"15453-1818";"0000943";"AGAE";"Lisinopril Teva";"01818";false;;;;;0;0;false;false;false;true;false
"8243-1453";"0007609";"JAAL";"Dormonoct";"01453";false;;;;;0;0;false;false;false;true;false
"50088-711";"8902454";"KAAAAA";"Penicilline G Kabi";"00711";false;;;;;0;0;false;false;false;true;false
"15693-1818";"0003368";"CFCA";"Loperamide Teva";"01818";false;;;;;0;0;false;false;false;true;false
"15685-612";"0003368";"CFCA";"Loperamide EG";"00612";false;;;;;0;0;false;false;false;true;false
"24794-2097";"0007880";"JBCA";"Solian";"02097";false;;;;;0;0;false;false;false;true;false
"37671-513";"0002246";"BBAB";"Afstyla";"00513";false;;;;;0;0;false;false;false;true;false
"6635-3491";"0001032";"AGBD";"Cozaar";"03491";false;;;;;0;0;false;false;false;true;false
"6106-1636";"0000166";"AADF";"Co-Losartan Sandoz";"01636";false;;;"D";"D";0;0;false;false;false;true;false
"15891-612";"0000166";"AADF";"Losartan Plus EG";"00612";false;;;"D";"D";0;0;false;false;false;true;false
"23432-1800";"0002634";"CABA";"Riopan";"01800";false;;;;;0;0;false;false;false;true;false
"22384-1446";"0005942";"FFAA";"Provera";"01446";false;;;;;0;0;false;false;false;true;false
"1024-232";"8906174";"MAAAD";"Alkeran";"00232";false;;;;;0;0;false;false;false;true;false
"15768-1818";"0012484";"LDAAG";"Loratadine Teva";"01818";false;;;;;0;0;false;false;false;true;false
"15875-612";"0001032";"AGBD";"Losartan EG";"00612";false;;;;;0;0;false;false;false;true;false
"15909-1636";"0001032";"AGBD";"Losartan Sandoz";"01636";false;;;;;0;0;false;false;false;true;false
"15917-1818";"0001032";"AGBD";"Losartan Teva";"01818";false;;;;;0;0;false;false;false;true;false
"24323-174";"0007617";"JAAM";"Serenase";"00174";false;;;;;0;0;false;false;false;true;false
"15800-612";"0007625";"JAAN";"Lormetazepam EG";"00612";false;;;;;0;0;false;false;false;true;false
"28662-943";"0010561";"KCAB";"Vermox";"00943";false;;;;;0;0;false;false;false;true;false
"15719-1289";"0007625";"JAAN";"Loramet";"01289";false;;;;;0;0;false;false;false;true;false
"26245-1446";"0007617";"JAAM";"Temesta";"01446";false;;;;;0;0;false;false;false;true;false
"26526-745";"0009928";"KACC";"Tetralysal";"00745";false;;;;;0;0;false;false;false;true;false
"24885-1446";"0005165";"EGCA";"Somavert";"01446";false;;;;;0;0;false;false;false;true;false
"15677-3491";"0000166";"AADF";"Loortan Plus";"03491";false;;;"D";"D";0;0;false;false;false;true;false
"49908-3780";"0007781";"JACA";"Melatonin Orifarm";"03780";false;;;;;0;0;false;false;false;true;false
"16709-1446";"0019489";"KAACA";"Meronem";"01446";false;;;;;0;0;false;false;false;true;false
"16717-711";"0019489";"KAACA";"Meropenem Fresenius Kabi";"00711";false;;;;;0;0;false;false;false;true;false
"40428-1818";"8906729";"ALIC";"Ezetimibe / Simvastatine Teva";"01818";false;;;;;0;0;false;false;false;true;false
"5686-1883";"0003442";"CGCA";"Claversal";"01883";false;;;;;0;0;false;false;false;true;false
"6296-539";"0003442";"CGCA";"Colitofalk";"00539";false;;;;;0;0;false;false;false;true;false
"28092-281";"0018978";"MFC";"Uromitexan";"00281";false;;;;;0;0;false;false;false;true;false
"16519-612";"0006940";"IAACA";"Meloxicam EG";"00612";false;;;;;0;0;false;false;false;true;false
"24067-1636";"0016147";"RBC";"Scandicaine";"01636";false;;;;;0;0;false;false;false;true;false
"17517-372";"0006940";"IAACA";"Mobic";"00372";false;;;;;0;0;false;false;false;true;false
"16543-1818";"0006940";"IAACA";"Meloxicam Teva";"01818";false;;;;;0;0;false;false;false;true;false
"22475-232";"0012799";"MABBD";"Puri-Nethol";"00232";false;;;;;0;0;false;false;false;true;false
"8573-4598";"0002691";"CBD";"Duspatalin";"04598";false;;;;;0;0;false;false;false;true;false
"14795-4598";"0002766";"CCBA";"Legalon";"04598";false;;;;;0;0;false;false;false;true;false
"11015-75";"0025007";"CECBB";"Forlax";"00075";false;;;;;0;0;false;false;false;true;false
"9654-1347";"0025445";"EAJC";"Eucreas";"01347";false;;;;;0;0;false;false;false;true;false
"24836-1446";"0004986";"EEFA";"Solu-Medrol";"01446";false;;;"C";"C";0;0;false;false;false;true;false
"42176-2097";"8901126";"LCBBBA";"Dupixent";"02097";false;;;;;0;0;false;false;false;true;false
"9019-1818";"0012740";"MABAA";"Emthexate";"01818";false;;;;;0;0;false;false;false;true;false
"16808-1289";"0004325";"EABA";"Metformine Viatris";"01289";false;;;;;0;0;false;false;false;true;false
"24257-2626";"0000661";"AEF";"Seloken";"02626";false;;;"B";"B";0;0;false;false;false;true;false
"23804-745";"0014944";"OGC";"Rozex";"00745";false;;;;;0;0;false;false;false;true;false
"7047-943";"0014100";"OACE";"Daktozin";"00943";false;;;;;0;0;false;false;false;true;false
"7039-943";"0014076";"OACC";"Daktarin";"00943";false;;;;;0;0;false;false;false;true;false
"16469-1446";"0004986";"EEFA";"Medrol";"01446";false;;;"C";"C";0;0;false;false;false;true;false
"10322-4127";"0010652";"KCCA";"Flagyl";"04127";false;;;;;0;0;false;false;false;true;false
"17251-1453";"0009936";"KACD";"Mino-50";"01453";false;;;;;0;0;false;false;false;true;false
"40436-1073";"0028993";"JCEA";"Brintellix";"01073";false;;;;;0;0;false;false;false;true;false
"6544-2097";"0000380";"ACDA";"Corotrope";"02097";false;;;;;0;0;false;false;false;true;false
"30866-3418";"0025858";"LCBAE";"Remsima";"03418";false;;;;;0;0;false;false;false;true;false
"7245-1446";"0004986";"EEFA";"Depo-Medrol";"01446";false;;;"C";"C";0;0;false;false;false;true;false
"17426-1636";"0008110";"JCDC";"Mirtazapine Sandoz";"01636";false;;;;;0;0;false;false;false;true;false
"17400-612";"0008110";"JCDC";"Mirtazapine EG";"00612";false;;;;;0;0;false;false;false;true;false
"24679-3491";"0003806";"DAGA";"Singulair";"03491";false;;;;;0;0;false;false;false;true;false
"17731-1818";"0003806";"DAGA";"Montelukast Teva";"01818";false;;;;;0;0;false;false;false;true;false
"17699-612";"0003806";"DAGA";"Montelukast EG";"00612";false;;;;;0;0;false;false;false;true;false
"17723-1636";"0003806";"DAGA";"Montelukast Sandoz";"01636";false;;;;;0;0;false;false;false;true;false
"16915-1289";"0000661";"AEF";"Metoprolol Viatris";"01289";false;;;"B";"B";0;0;false;false;false;true;false
"14233-1453";"0009936";"KACD";"Klinotab";"01453";false;;;;;0;0;false;false;false;true;false
"17301-1453";"0009936";"KACD";"Minotab";"01453";false;;;;;0;0;false;false;false;true;false
"6577-1834";"0000307";"ABBA";"Corvaton";"01834";false;;;;;0;0;false;false;false;true;false
"17319-984";"0014951";"OMJ";"Minoxidil Biorga";"00984";false;;;;;0;0;false;false;false;true;false
"17103-265";"0016626";"RAEB";"Midazolam B. Braun";"00265";false;;;;;0;0;false;false;false;true;false
"17111-1289";"0016626";"RAEB";"Midazolam Viatris";"01289";false;;;;;0;0;false;false;false;true;false
"47944-1289";"0017392";"BABABD";"Rivaroxaban Viatris";"01289";false;;;;;0;0;false;false;false;true;false
"22004-2097";"0002865";"CDAD";"Primperan";"02097";false;;;;;0;0;false;false;false;true;false
"29900-935";"0016485";"TBA";"Zavesca";"00935";false;;;;;0;0;false;false;false;true;false
"22947-3491";"0008110";"JCDC";"Remergon";"03491";false;;;;;0;0;false;false;false;true;false
"2618-299";"0010199";"KAEC";"Avelox";"00299";false;;;;;0;0;false;false;false;true;false
"17913-612";"0000083";"AABC";"Moxonidine EG";"00612";false;;;;;0;0;false;false;false;true;false
"17939-1636";"0000083";"AABC";"Moxonidine Sandoz";"01636";false;;;;;0;0;false;false;false;true;false
"17947-1818";"0000083";"AABC";"Moxonidine Teva";"01818";false;;;;;0;0;false;false;false;true;false
"2857-828";"8000721";"KECBBAB";"Bactroban";"00828";false;;;;;0;0;false;false;false;true;false
"12369-1305";"0014407";"OEA";"Hirudoid";"01305";false;;;;;0;0;false;false;false;true;false
"16410-2014";"0001503";"AKA";"Mediaven";"02014";false;;;;;0;0;false;false;false;true;false
"7146-232";"0004796";"EDDA";"Deca-Durabolin";"00232";false;;;"A";"A";0;0;false;false;false;true;false
"6916-1446";"0002618";"CAACA";"Cytotec";"01446";false;;;;;0;0;false;false;false;true;false
"45336-1628";"0016485";"TBA";"Evrysdi";"01628";false;;;;;0;0;false;false;false;true;false
"11189-1289";"0002048";"BABBABB";"Fraxodi";"01289";false;;;;;0;0;false;false;false;true;false
"4895-1628";"0012104";"LCAGA";"Cellcept";"01628";false;;;;;0;0;false;false;false;true;false
"18101-1636";"0012104";"LCAGA";"Mycophenolat Mofetil Sandoz";"01636";false;;;;;0;0;false;false;false;true;false
"32060-2303";"0007963";"JBDG";"Quetiapine Krka";"02303";false;;;;;0;0;false;false;false;true;false
"28977-372";"0011023";"KDCACD";"Viramune";"00372";false;;;;;0;0;false;false;false;true;false
"8797-1800";"0016485";"TBA";"Elaprase";"01800";true;;;;;0;0;false;false;false;true;false
"11304-1057";"0013904";"OAAH";"Furacine";"01057";false;;;;;0;0;false;false;false;true;false
"27540-1818";"0000265";"ABABA";"Trinipatch";"01818";false;;;;;0;0;false;false;false;true;false
"20511-661";"0005777";"FDAA";"Pabal";"00661";false;;;;;0;0;false;false;false;true;false
"18887-3376";"0007054";"IABAA";"Niflugel";"03376";false;;;;;0;0;false;false;false;true;false
"18507-1636";"0000679";"AEH";"Nebivolol Sandoz";"01636";false;;;"B";"B";0;0;false;false;false;true;false
"18515-1818";"0000679";"AEH";"Nebivolol Teva";"01818";false;;;"B";"B";0;0;false;false;false;true;false
"19034-1172";"0000679";"AEH";"Nobiten";"01172";false;;;"B";"B";0;0;false;false;false;true;false
"18366-612";"0006882";"IAABD";"Naproxene EG";"00612";false;;;;;0;0;false;false;false;true;false
"24042-4531";"0013086";"MFA";"Savene";"04531";false;;;;;0;0;false;false;false;true;false
"11312-2618";"0010264";"KAGAA";"Furadantine MC";"02618";false;;;;;0;0;false;false;false;true;false
"20198-1792";"0016485";"TBA";"Orfadin";"01792";false;;;;;0;0;false;false;false;true;false
"18929-3723";"0000802";"AFAG";"Nimotop";"03723";false;;;;;0;0;false;false;false;true;false
"18150-1818";"0012104";"LCAGA";"Myfenax";"01818";false;;;;;0;0;false;false;false;true;false
"17244-1289";"0000265";"ABABA";"Minitran";"01289";false;;;;;0;0;false;false;false;true;false
"27763-1446";"0009944";"KACE";"Tygacil";"01446";false;;;;;0;0;false;false;false;true;false
"25114-406";"8901001";"MBCBA";"Sprycel";"00406";false;;;;;0;0;false;false;false;true;false
"28605-612";"0001503";"AKA";"Venoruton";"00612";false;;;;;0;0;false;false;false;true;false
"22061-1701";"0000323";"ABCA";"Procoralan";"01701";false;;;;;0;0;false;false;false;true;false
"18846-4762";"0008417";"JEBCA";"Nicotinell";"04762";false;;;;;0;0;false;false;false;true;false
"23986-1347";"0017707";"EFDB";"Sandostatine";"01347";false;;;;;0;0;false;false;false;true;false
"27219-273";"8905515";"PABD";"Trafloxal";"00273";false;;;;;0;0;false;false;false;true;false
"11361-562";"0020545";"JGAEA";"Fycompa";"00562";false;;;;;0;0;false;false;false;true;false
"40444-1818";"8901233";"LCBBCC";"Cinqaero";"01818";false;;;;;0;0;false;false;false;true;false
"19737-612";"0007948";"JBDE";"Olanzapine EG";"00612";false;;;;;0;0;false;false;false;true;false
"19752-1636";"0007948";"JBDE";"Olanzapine Sandoz";"01636";false;;;;;0;0;false;false;false;true;false
"30502-604";"0007948";"JBDE";"Zyprexa";"00604";false;;;;;0;0;false;false;false;true;false
"25924-4697";"0013243";"MDA";"Targretin";"04697";false;;;;;0;0;false;false;false;true;false
"3012-1172";"0001040";"AGBE";"Belsar";"01172";false;;;;;0;0;false;false;false;true;false
"19786-1651";"0001040";"AGBE";"Olmetec";"01651";false;;;;;0;0;false;false;false;true;false
"19794-1651";"0000166";"AADF";"Olmetec Plus";"01651";false;;;"D";"D";0;0;false;false;false;true;false
"3020-1172";"0000166";"AADF";"Belsar Plus";"01172";false;;;"D";"D";0;0;false;false;false;true;false
"42242-3301";"0008482";"JECB";"Buvidal";"03301";false;;;"N";"N";0;0;false;true;false;true;false
"30312-1529";"0007732";"JABA";"Zolpidem Teva";"01529";false;;;;;0;0;false;false;false;true;false
"20008-612";"0002931";"CDBB";"Ondansetron EG";"00612";false;;;;;0;0;false;false;false;true;false
"26682-2428";"0010660";"KCCB";"Tiberal";"02428";false;;;;;0;0;false;false;false;true;false
"25015-1172";"0002709";"CBG";"Spasmomen";"01172";false;;;;;0;0;false;false;false;true;false
"29538-885";"0020271";"EBCA";"Xenical";"00885";false;;;;;0;0;false;false;false;true;false
"20388-67";"0012666";"MAACC";"Oxaliplatin Accord Healthcare";"00067";false;;;;;0;0;false;false;false;true;false
"20024-1289";"0002931";"CDBB";"Ondansetron Viatris";"01289";false;;;;;0;0;false;false;false;true;false
"19869-1818";"0002576";"CAABC";"Omeprazol Teva";"01818";false;;;;;0;0;false;false;false;true;false
"17582-1289";"0007641";"JAAP";"Mogadon";"01289";false;;;;;0;0;false;false;false;true;false
"299-1636";"0002576";"CAABC";"Acidcare";"01636";false;;;;;0;0;false;false;false;true;false
"29538-604";"0020271";"EBCA";"Xenical";"00604";false;;;;;0;0;false;false;false;true;false
"19992-265";"0002931";"CDBB";"Ondansetron B. Braun";"00265";false;;;;;0;0;false;false;false;true;false
"25759-1628";"0010827";"KDBB";"Tamiflu";"01628";false;;;;;0;0;false;false;false;true;false
"30148-1636";"0002931";"CDBB";"Zofsetron";"01636";false;;;;;0;0;false;false;false;true;false
"20404-1818";"0012666";"MAACC";"Oxaliplatine Teva";"01818";false;;;;;0;0;false;false;false;true;false
"39453-1610";"0007054";"IABAA";"Nurofen Patch";"01610";false;;;;;0;0;false;false;false;true;false
"25668-1248";"0005777";"FDAA";"Syntocinon";"01248";false;;;;;0;0;false;false;false;true;false
"20529-67";"0013185";"MAEBC";"Paclitaxel Accord Healthcare";"00067";false;;;;;0;0;false;false;false;true;false
"20552-711";"0013185";"MAEBC";"Paclitaxel Fresenius Kabi";"00711";false;;;;;0;0;false;false;false;true;false
"20560-844";"0013185";"MAEBC";"Paclitaxel Hospira";"00844";false;;;;;0;0;false;false;false;true;false
"20594-1818";"0013185";"MAEBC";"Paclitaxin";"01818";false;;;;;0;0;false;false;false;true;false
"19885-1289";"0002576";"CAABC";"Omeprazol Viatris";"01289";false;;;;;0;0;false;false;false;true;false
"20248-1818";"0020271";"EBCA";"Orlistat Teva";"01818";false;;;;;0;0;false;false;false;true;false
"20420-1289";"0008839";"JGBAB";"Oxcarbazepine Viatris";"01289";false;;;;;0;0;false;false;false;true;false
"20453-612";"0006106";"GAAE";"Oxybutynine EG";"00612";false;;;;;0;0;false;false;false;true;false
"27532-1347";"0008839";"JGBAB";"Trileptal";"01347";false;;;;;0;0;false;false;false;true;false
"19877-612";"0002576";"CAABC";"Omeprazole EG";"00612";false;;;;;0;0;false;false;false;true;false
"20735-1800";"0002584";"CAABD";"Pantomed";"01800";false;;;;;0;0;false;false;false;true;false
"20776-1636";"0002584";"CAABD";"Pantoprazol Sandoz";"01636";false;;;;;0;0;false;false;false;true;false
"20784-612";"0002584";"CAABD";"Pantoprazole EG";"00612";false;;;;;0;0;false;false;false;true;false
"20818-1818";"0002584";"CAABD";"Pantoprazole Teva";"01818";false;;;;;0;0;false;false;false;true;false
"20826-1800";"0002584";"CAABD";"Pantozol";"01800";false;;;;;0;0;false;false;false;true;false
"6494-2238";"0014811";"ONEA";"Copa";"02238";false;;;;;0;0;false;false;false;true;false
"20636-844";"0007302";"IEBC";"Pamidronaatdinatrium Hospira";"00844";false;;;;;0;0;false;false;false;true;false
"20644-612";"0007302";"IEBC";"Pamidronate EG";"00612";false;;;;;0;0;false;false;false;true;false
"20792-1289";"0002584";"CAABD";"Pantoprazole Viatris";"01289";false;;;;;0;0;false;false;false;true;false
"40469-265";"0006866";"IAABB";"Ibuprofen B. Braun";"00265";false;;;;;0;0;false;false;false;true;false
"976-1743";"0006437";"HBAA";"Algostase Mono";"01743";false;;;;;0;0;false;false;false;true;false
"29819-810";"0017954";"HCBE";"Zaldiar";"00810";false;;;"N";"N";0;0;false;false;false;true;false
"27250-1818";"0017954";"HCBE";"Tramadol / Paracetamol Teva";"01818";false;;;"N";"N";0;0;false;false;false;true;false
"21188-943";"0019901";"HBDD";"Perdolan Compositum";"00943";false;;;;;0;0;false;false;false;true;false
"943-1743";"0006528";"HCBB";"Algocod";"01743";false;;;"d";"d";0;0;false;false;false;true;false
"6981-3376";"0006528";"HCBB";"Dafalgan Codeine";"03376";false;;;"d";"d";0;0;false;false;false;true;false
"6973-3376";"0006437";"HBAA";"Dafalgan";"03376";false;;;;;0;0;false;false;false;true;false
"40485-1289";"0020826";"FBCAA";"Cupraluna Omega Cu 375";"01289";false;;;;;0;0;false;false;false;true;false
"29363-1743";"0019943";"HBDA";"Witte Kruis";"01743";false;;;;;0;0;false;false;false;true;false
"20925-1818";"0006437";"HBAA";"Paracetamol Teva";"01818";false;;;;;0;0;false;false;false;true;false
"20651-4150";"0006437";"HBAA";"Panadol";"04150";false;;;;;0;0;false;false;false;true;false
"968-1743";"0019943";"HBDA";"Algostase";"01743";false;;;;;0;0;false;false;false;true;false
"638-1743";"0019893";"HBDC";"Afebryl";"01743";false;;;;;0;0;false;false;false;true;false
"16253-1743";"0019943";"HBDA";"Mann";"01743";false;;;;;0;0;false;false;false;true;false
"21170-943";"0006437";"HBAA";"Perdolan";"00943";false;;;;;0;0;false;false;false;true;false
"24695-943";"8904757";"QCACA";"Sinutab";"00943";false;;;"S";"S";0;0;false;false;false;true;false
"23580-1628";"0012310";"LCBBDC";"RoActemra";"01628";false;;;;;0;0;false;false;false;true;false
"8581-1446";"0007005";"IAADC";"Dynastat";"01446";false;;;;;0;0;false;false;false;true;false
"14589-943";"0003020";"CEBA";"Lansoyl Paraffine";"00943";false;;;;;0;0;false;false;false;true;false
"40501-4135";"0029017";"LBEA";"Megalotect";"04135";false;;;;;0;0;false;false;false;true;false
"20883-711";"0006437";"HBAA";"Paracetamol Fresenius Kabi";"00711";false;;;;;0;0;false;false;false;true;false
"24182-1867";"0018101";"JADC";"Sedistress";"01867";false;;;;;0;0;false;false;false;true;false
"3475-836";"0016360";"SDA";"Bleu Patente V Guerbet";"00836";false;;;;;0;0;false;false;false;true;false
"21014-612";"0008201";"JCAAE";"Paroxetine EG";"00612";false;;;;;0;0;false;false;false;true;false
"21030-1636";"0008201";"JCAAE";"Paroxetine Sandoz";"01636";false;;;;;0;0;false;false;false;true;false
"20677-4150";"0019943";"HBDA";"Excedryn Pijn & Koorts";"04150";false;;;;;0;0;false;false;false;true;false
"6601-1701";"0000158";"AADE";"Coveram";"01701";false;;;;;0;0;false;false;false;true;false
"21246-1636";"0000141";"AADD";"Perindopril / Indapamide Sandoz";"01636";false;;;"D";"D";0;0;false;false;false;true;false
"21931-1701";"0000141";"AADD";"Preterax";"01701";false;;;"D";"D";0;0;false;false;false;true;false
"6627-638";"0000141";"AADD";"Coversyl Plus";"00638";false;;;"D";"D";0;0;false;false;false;true;false
"7344-1636";"0012385";"LDAAC";"Desloratadin Sandoz";"01636";false;;;;;0;0;false;false;false;true;false
"6619-1701";"0000950";"AGAF";"Coversyl";"01701";false;;;;;0;0;false;false;false;true;false
"27490-1289";"0018200";"NBBHA";"Tribvit";"01289";false;;;;;0;0;false;false;false;true;false
"40519-570";"8900623";"MBCEA";"Verzenios";"00570";false;;;;;0;0;false;false;false;true;false
"14753-3624";"0003236";"CEDAB";"Laxoberon";"03624";false;;;;;0;0;false;false;false;true;false
"29835-828";"8001109";"KECHBA";"Zalvor";"00828";false;;;;;0;0;false;false;false;true;false
"7807-3244";"0006700";"HCAJ";"Dipidolor";"03244";false;;;;;0;0;false;false;true;true;false
"13680-1347";"0015339";"PDAA";"Pilocarpine-Isopto";"01347";false;;;;;0;0;false;false;false;true;false
"3640-455";"0006957";"IAACB";"Brexine";"00455";false;;;;;0;0;false;false;false;true;false
"8417-3624";"0003236";"CEDAB";"Dulcolax Picosulphate";"03624";false;;;;;0;0;false;false;false;true;false
"6619-1529";"0000950";"AGAF";"Coversyl";"01529";false;;;;;0;0;false;false;false;true;false
"21022-1289";"0008201";"JCAAE";"Paroxetine Viatris";"01289";false;;;;;0;0;false;false;false;true;false
"21279-1636";"0000950";"AGAF";"Perindopril Sandoz";"01636";false;;;;;0;0;false;false;false;true;false
"21501-612";"0001479";"AJC";"Piracetam EG";"00612";false;;;;;0;0;false;false;false;true;false
"21535-612";"0006957";"IAACB";"Piroxicam EG";"00612";false;;;;;0;0;false;false;false;true;false
"6601-1529";"0000158";"AADE";"Coveram";"01529";false;;;;;0;0;false;false;false;true;false
"21139-3574";"8902017";"KCDB";"Pentacarinat";"03574";false;;;;;0;0;false;false;false;true;false
"19083-4572";"0001479";"AJC";"Nootropil";"04572";false;;;;;0;0;false;false;false;true;false
"620-505";"0001529";"AKB";"Aethoxysklerol";"00505";false;;;;;0;0;false;false;false;true;false
"22046-513";"0011874";"LBAA";"Privigen";"00513";false;;;;;0;0;false;false;false;true;false
"22087-315";"0005967";"FFBA";"Progestogel";"00315";false;;;;;0;0;false;false;false;true;false
"21758-612";"0008573";"JFCC";"Pramipexole EG";"00612";false;;;;;0;0;false;false;false;true;false
"21766-1289";"0008573";"JFCC";"Pramipexole Viatris";"01289";false;;;;;0;0;false;false;false;true;false
"21824-1289";"0001578";"ALAB";"Pravastatine Viatris";"01289";false;;;;;0;0;false;false;false;true;false
"21832-1636";"0001578";"ALAB";"Pravastatine Sandoz";"01636";false;;;;;0;0;false;false;false;true;false
"21840-1818";"0001578";"ALAB";"Pravastatine Teva";"01818";false;;;;;0;0;false;false;false;true;false
"21865-612";"0007674";"JAAS";"Prazepam EG";"00612";false;;;;;0;0;false;false;false;true;false
"24497-372";"0008573";"JFCC";"Sifrol";"00372";false;;;;;0;0;false;false;false;true;false
"18226-2428";"0016816";"JGBDB";"Mysoline";"02428";false;;;;;0;0;false;false;false;true;false
"28134-315";"0005942";"FFAA";"Utrogestan";"00315";false;;;;;0;0;false;false;false;true;false
"23861-1818";"0001248";"AHCDA";"Rytmonorm";"01818";false;;;;;0;0;false;false;false;true;false
"50096-612";"0013706";"NBABD";"Vitamine D3 EG";"00612";false;;;;;0;0;false;false;false;true;false
"22210-711";"0019117";"RAAD";"Propolipid";"00711";false;;;;;0;0;false;false;false;true;false
"22194-265";"0019117";"RAAD";"Propofol B. Braun";"00265";false;;;;;0;0;false;false;false;true;false
"7823-232";"0019117";"RAAD";"Diprivan";"00232";false;;;;;0;0;false;false;false;true;false
"19554-1370";"0011874";"LBAA";"Octagam";"01370";false;;;;;0;0;false;false;false;true;false
"4937-1800";"0018663";"BABBDA";"Ceprotin";"01800";false;;;;;0;0;false;false;false;true;false
"14969-1636";"0017020";"MECC";"Letrozol Sandoz";"01636";false;;;"AO";"AO";0;0;false;false;false;true;false
"22558-612";"0007963";"JBDG";"Quetiapine EG";"00612";false;;;;;0;0;false;false;false;true;false
"22228-612";"0000695";"AEI";"Propranolol EG";"00612";false;;;"B";"B";0;0;false;false;false;true;false
"7104-828";"0010710";"KCEA";"Daraprim";"00828";false;;;;;0;0;false;false;false;true;false
"75-3269";"0007922";"JBDA";"Abilify";"03269";false;;;;;0;0;false;false;false;true;false
"12997-1024";"0000695";"AEI";"Inderal";"01024";false;;;"B";"B";0;0;false;false;false;true;false
"2899-3269";"0010926";"KDDB";"Baraclude";"03269";false;;;;;0;0;false;false;false;true;false
"16048-1289";"0020289";"JGBCA";"Lyrica";"01289";false;;;;;0;0;false;false;false;true;false
"12872-943";"0020818";"CBI";"Imonogas";"00943";false;;;;;0;0;false;false;false;true;false
"50104-4754";"8906539";"AEG";"Runrapiq";"04754";false;;;"B";"B";0;0;false;false;false;true;false
"22574-1818";"0007963";"JBDG";"Quetiapine Teva";"01818";false;;;;;0;0;false;false;false;true;false
"22533-1636";"0007963";"JBDG";"Quetiapin Sandoz";"01636";false;;;;;0;0;false;false;false;true;false
"22566-1289";"0007963";"JBDG";"Quetiapine Viatris";"01289";false;;;;;0;0;false;false;false;true;false
"38935-1180";"8903254";"LCBDCA";"Mavenclad";"01180";false;;;;;0;0;false;false;false;true;false
"24364-604";"0007963";"JBDG";"Seroquel";"00604";false;;;;;0;0;false;false;false;true;false
"26971-844";"0012914";"MABDA";"Tomudex";"00844";false;;;;;0;0;false;false;false;true;false
"9993-2097";"0007203";"MFD";"Fasturtec";"02097";false;;;;;0;0;false;false;false;true;false
"27615-2097";"0000976";"AGAH";"Tritace";"02097";false;;;;;0;0;false;false;false;true;false
"22681-612";"0000976";"AGAH";"Ramipril EG";"00612";false;;;;;0;0;false;false;false;true;false
"22699-1636";"0000976";"AGAH";"Ramipril Sandoz";"01636";false;;;;;0;0;false;false;false;true;false
"27615-1529";"0000976";"AGAH";"Tritace";"01529";false;;;;;0;0;false;false;false;true;false
"27623-2097";"0000141";"AADD";"Tritazide";"02097";false;;;"D";"D";0;0;false;false;false;true;false
"48389-612";"0017392";"BABABD";"Rivaroxaban EG";"00612";false;;;;;0;0;false;false;false;true;false
"50112-604";"0016485";"TBA";"Imcivree";"00604";true;;;;;0;0;true;false;false;true;false
"2725-1818";"0008631";"JFEA";"Azilect";"01818";false;;;;;0;0;false;false;false;true;false
"27854-232";"0017749";"RABC";"Ultiva";"00232";false;;;"N";"N";0;0;false;false;true;true;false
"19398-1354";"0017566";"EADA";"NovoNorm";"01354";false;;;;;0;0;false;false;false;true;false
"23382-2097";"0010355";"KAHBA";"Rifadine";"02097";false;;;;;0;0;false;false;false;true;false
"23416-2097";"0018143";"JMA";"Rilutek";"02097";false;;;;;0;0;false;false;false;true;false
"406-3160";"0007310";"IEBD";"Actonel";"03160";false;;;;;0;0;false;false;false;true;false
"23440-1636";"0007310";"IEBD";"Risedronaat Sandoz";"01636";false;;;;;0;0;false;false;false;true;false
"23481-935";"0007971";"JBDH";"Risperdal";"00935";false;;;;;0;0;false;false;false;true;false
"23515-612";"0007971";"JBDH";"Risperidone EG";"00612";false;;;;;0;0;false;false;false;true;false
"23481-1529";"0007971";"JBDH";"Risperdal";"01529";false;;;;;0;0;false;false;false;true;false
"31039-1818";"0007971";"JBDH";"Risperidone Teva";"01818";false;;;;;0;0;false;false;false;true;false
"48512-828";"8902215";"MCAB";"Jemperli";"00828";true;;;;;0;0;false;false;false;true;false
"22491-4598";"0016030";"QDBA";"Pyralvex";"04598";false;;;;;0;0;false;false;false;true;false
"17368-299";"0005355";"FBAAC";"Mirelle";"00299";false;;;;;0;0;false;false;false;true;false
"15958-3103";"0005363";"FBAAD";"Louise";"03103";false;;;;;0;0;false;false;false;true;false
"23143-828";"0008581";"JFCD";"Requip";"00828";false;;;;;0;0;false;false;false;true;false
"16352-3491";"0009217";"JIAAE";"Maxalt";"03491";false;;;;;0;0;false;false;false;true;false
"39818-984";"0005363";"FBAAD";"Oedien";"00984";false;;;;;0;0;false;false;false;true;false
"40550-554";"0018895";"LDACBA";"Navalit";"00554";false;;;;;0;0;false;false;false;true;false
"40543-1354";"0029025";"EAGD";"Ozempic";"01354";false;;;;;0;0;false;false;false;true;false
"9811-1347";"0018689";"JKAC";"Exelon";"01347";false;;;;;0;0;false;false;false;true;false
"497-570";"0017780";"ANG";"Adcirca";"00570";false;;;;;0;0;false;false;false;true;false
"28621-828";"0003566";"DAAAA";"Ventolin";"00828";false;;;"B2,d";"B2,d";0;0;false;false;false;true;false
"11031-455";"0003590";"DAABA";"Formoair";"00455";false;;;"d";"d";0;0;false;false;false;true;false
"24349-828";"0003608";"DAABD";"Serevent";"00828";false;;;"d";"d";0;0;false;false;false;true;false
"9787-760";"0005413";"FBABA";"Evra";"00760";false;;;;;0;0;false;false;false;true;false
"24356-1289";"0008219";"JCAAF";"Serlain";"01289";false;;;;;0;0;false;false;false;true;false
"24315-1073";"0007989";"JBDI";"Serdolect";"01073";false;;;;;0;0;false;false;false;true;false
"6676-810";"0001586";"ALAC";"Crestor";"00810";false;;;;;0;0;false;false;false;true;false
"19349-1289";"0003590";"DAABA";"Novolizer Formoterol";"01289";false;;;"d";"d";0;0;false;false;false;true;false
"23069-2097";"0016469";"TACCA";"Renvela";"02097";false;;;;;0;0;false;false;false;true;false
"23705-1289";"0008581";"JFCD";"Ropinirole Viatris";"01289";false;;;;;0;0;false;false;false;true;false
"24398-612";"0008219";"JCAAF";"Sertraline EG";"00612";false;;;;;0;0;false;false;false;true;false
"24406-1289";"0008219";"JCAAF";"Sertraline Viatris";"01289";false;;;;;0;0;false;false;false;true;false
"24414-1636";"0008219";"JCAAF";"Sertraline Sandoz";"01636";false;;;;;0;0;false;false;false;true;false
"24422-1818";"0008219";"JCAAF";"Sertraline Teva";"01818";false;;;;;0;0;false;false;false;true;false
"40576-257";"8902215";"MCAB";"Imfinzi";"00257";false;;;;;0;0;false;false;false;true;false
"422-1529";"0013425";"EAEA";"Actos";"01529";false;;;;;0;0;false;false;false;true;false
"11007-1636";"0003590";"DAABA";"Foradil";"01636";false;;;"d";"d";0;0;false;false;false;true;false
"11023-1743";"0003590";"DAABA";"Formagal";"01743";false;;;"d";"d";0;0;false;false;false;true;false
"22269-1834";"0017939";"GBDA";"Prostaserene";"01834";false;;;;;0;0;false;false;false;true;false
"50120-1636";"0017236";"IEEAA";"Wyost";"01636";true;;;;;0;0;false;false;false;true;false
"25064-612";"0000513";"ADBC";"Spironolactone EG";"00612";false;;;"D";"D";0;0;false;false;false;true;false
"22756-1446";"8902900";"LCAFBA";"Rapamune";"01446";false;;;;;0;0;false;false;false;true;false
"28704-240";"0006122";"GAAG";"Vesicare";"00240";false;;;;;0;0;false;false;false;true;false
"24851-596";"0017715";"EFDD";"Somatostatine-Belpharma";"00596";false;;;;;0;0;false;false;false;true;false
"12823-828";"0009225";"JIAAF";"Imitrex";"00828";false;;;;;0;0;false;false;false;true;false
"28753-1289";"0019430";"GCAB";"Viagra";"01289";false;;;;;0;0;false;false;false;true;false
"1925-2097";"0001024";"AGBC";"Aprovel";"02097";false;;;;;0;0;false;false;false;true;false
"24620-1289";"0001594";"ALAD";"Simvastatine Viatris";"01289";false;;;;;0;0;false;false;false;true;false
"11643-1446";"0005074";"EFCA";"Genotonorm";"01446";false;;;"H";"H";0;0;false;false;false;true;false
"3558-828";"0018457";"LACDA";"Boostrix Polio";"00828";false;;;;;0;0;false;false;false;true;false
"31955-2261";"0014811";"ONEA";"Biatain Silicone";"02261";false;;;;;0;0;false;false;false;true;false
"24596-1636";"0001594";"ALAD";"Simvastatin Sandoz";"01636";false;;;;;0;0;false;false;false;true;false
"24612-612";"0001594";"ALAD";"Simvastatine EG";"00612";false;;;;;0;0;false;false;false;true;false
"24638-1818";"0001594";"ALAD";"Simvastatine Teva";"01818";false;;;;;0;0;false;false;false;true;false
"24943-604";"0001263";"AHCEA";"Sotalex";"00604";false;;;"B";"B";0;0;false;false;false;true;false
"24968-1636";"0001263";"AHCEA";"Sotalol Sandoz";"01636";false;;;"B";"B";0;0;false;false;false;true;false
"40592-1818";"0002972";"CDCA";"Aprepitant Teva";"01818";false;;;;;0;0;false;false;false;true;false
"22251-4598";"0017939";"GBDA";"Prosta-Urgenin";"04598";false;;;;;0;0;false;false;false;true;false
"14803-1289";"0002808";"TABCA";"Legalon-Sil";"01289";false;;;;;0;0;false;false;false;true;false
"794-1446";"0000513";"ADBC";"Aldactone";"01446";false;;;"D";"D";0;0;false;false;false;true;false
"25395-3244";"0017756";"RABD";"Sufenta";"03244";false;;;"N";"N";0;0;false;false;true;true;false
"18176-2014";"0014076";"OACC";"Myk-1";"02014";false;;;;;0;0;false;false;false;true;false
"9720-232";"0010231";"KAFA";"Eusaprim";"00232";false;;;;;0;0;false;false;false;true;false
"23911-1446";"0003426";"CGBA";"Salazopyrine";"01446";false;;;;;0;0;false;false;false;true;false
"25478-612";"0009225";"JIAAF";"Sumatriptan EG";"00612";false;;;;;0;0;false;false;false;true;false
"25502-1818";"0009225";"JIAAF";"Sumatriptan Teva";"01818";false;;;;;0;0;false;false;false;true;false
"25486-1289";"0009225";"JIAAF";"Sumatriptan Viatris";"01289";false;;;;;0;0;false;false;false;true;false
"40600-2444";"0028423";"PBCC";"Lecrolyn";"02444";false;;;;;0;0;false;false;false;true;false
"40618-3087";"0014738";"ONAA";"Medihoney Apinate";"03087";false;;;;;0;0;false;false;false;true;false
"3541-828";"0018440";"LACCA";"Boostrix";"00828";false;;;;;0;0;false;false;false;true;false
"16659-1230";"0014811";"ONEA";"Mepilex";"01230";false;;;;;0;0;false;false;false;true;false
"40634-2402";"0014738";"ONAA";"Kliniderm Alginate";"02402";false;;;;;0;0;false;false;false;true;false
"6759-455";"0004143";"DCBA";"Curosurf";"00455";false;;;;;0;0;false;false;false;true;false
"7997-3756";"0007898";"JBCB";"Dogmatil";"03756";false;;;;;0;0;false;false;false;true;false
"21253-1701";"0000950";"AGAF";"Perindopril Servier";"01701";false;;;;;0;0;false;false;false;true;false
"24950-1289";"0001263";"AHCEA";"Sotalol Viatris";"01289";false;;;"B";"B";0;0;false;false;false;true;false
"25494-1636";"0009225";"JIAAF";"Sumatriptan Sandoz";"01636";false;;;;;0;0;false;false;false;true;false
"25593-1446";"8900706";"MBCLA";"Sutent";"01446";false;;;;;0;0;false;false;false;true;false
"23788-3574";"0009886";"KABCA";"Rovamycine";"03574";false;;;;;0;0;false;false;false;true;false
"6742-174";"0014563";"OHAA";"Curatoderm";"00174";false;;;;;0;0;false;false;false;true;false
"22350-1040";"0018077";"OLD";"Protopic";"01040";false;;;;;0;0;false;false;false;true;false
"22103-240";"8902579";"LCADBA";"Prograft";"00240";false;;;;;0;0;false;false;false;true;false
"5223-570";"0019448";"GCAC";"Cialis";"00570";false;;;;;0;0;false;false;false;true;false
"19067-257";"0004697";"MEAA";"Nolvadex";"00257";false;;;"AO";"AO";0;0;false;false;false;true;false
"25775-1818";"0004697";"MEAA";"Tamoplex";"01818";false;;;"AO";"AO";0;0;false;false;false;true;false
"25791-1636";"0004697";"MEAA";"Tamoxifen Sandoz";"01636";false;;;"AO";"AO";0;0;false;false;false;true;false
"3095-3012";"0013243";"MDA";"Beromun";"03012";false;;;;;0;0;false;false;false;true;false
"16998-372";"0000166";"AADF";"MicardisPlus";"00372";false;;;"D";"D";0;0;false;false;false;true;false
"16980-372";"0001057";"AGBF";"Micardis";"00372";false;;;;;0;0;false;false;false;true;false
"18549-596";"0009563";"KAAAEA";"Negaban";"00596";false;;;;;0;0;false;false;false;true;false
"50138-1636";"0017236";"IEEAA";"Jubbonti";"01636";true;;;;;0;0;false;false;false;true;false
"3145-1289";"0015727";"QBAA";"Betahistine Viatris";"01289";false;;;;;0;0;false;false;false;true;false
"3137-612";"0015727";"QBAA";"Betahistine EG";"00612";false;;;;;0;0;false;false;false;true;false
"26716-604";"0001891";"BAABAC";"Ticlid";"00604";false;;;;;0;0;false;false;false;true;false
"12625-182";"0006221";"GBAD";"Hytrin";"00182";false;;;;;0;0;false;false;false;true;false
"26351-182";"0006221";"GBAD";"Terazosab";"00182";false;;;;;0;0;false;false;false;true;false
"31542-3160";"0013417";"IEAB";"Cacit Vitamine D3";"03160";false;;;;;0;0;false;false;false;true;false
"26260-1263";"0017111";"MAADC";"Temodal";"01263";false;;;;;0;0;false;false;false;true;false
"40675-2402";"0014811";"ONEA";"Kliniderm Foam";"02402";false;;;;;0;0;false;false;false;true;false
"3194-1289";"0015727";"QBAA";"Betaserc";"01289";false;;;;;0;0;false;false;false;true;false
"13268-455";"0003780";"DAEA";"Inuvair";"00455";false;;;"c";"c";0;0;false;false;false;true;false
"11908-661";"0017681";"EFBB";"Glypressin";"00661";false;;;"M";"M";0;0;false;false;false;true;false
"25585-232";"0004804";"EDDB";"Sustanon 250";"00232";false;;;"A";"A";0;0;false;false;false;true;false
"7864-3491";"0014258";"OBAA";"Diprosone";"03491";false;;;"c";"c";0;0;false;false;false;true;false
"27995-2022";"0010074";"KAKBA";"Urfamycine";"02022";false;;;;;0;0;false;false;false;true;false
"3046-1453";"0016873";"NBBAA";"Benerva";"01453";false;;;;;0;0;false;false;false;true;false
"26666-2097";"0004580";"ECBA";"Thyrogen";"02097";false;;;;;0;0;false;false;false;true;false
"18911-1446";"0011700";"LABEC";"Nimenrix";"01446";false;;;;;0;0;false;false;false;true;false
"26419-612";"0010538";"KBDA";"Terbinafine EG";"00612";false;;;;;0;0;false;false;false;true;false
"26435-1636";"0010538";"KBDA";"Terbinafine Sandoz";"01636";false;;;;;0;0;false;false;false;true;false
"26443-1818";"0010538";"KBDA";"Terbinafine Teva";"01818";false;;;;;0;0;false;false;false;true;false
"14431-4630";"8001471";"KECJBB";"Lamisil";"04630";false;;;;;0;0;false;false;false;true;false
"27862-1164";"0017152";"NACA";"Ultra-Mg";"01164";false;;;;;0;0;false;false;false;true;false
"40691-2402";"0014837";"ONFA";"Kliniderm Silicone";"02402";false;;;;;0;0;false;false;false;true;false
"8482-1347";"0025981";"PDFB";"Duotrav";"01347";false;;;"B";"B";0;0;false;false;false;true;false
"12278-3103";"0005728";"FCCA";"Heria";"03103";false;;;"A";"A";0;0;false;false;false;true;false
"16261-232";"0016147";"RBC";"Marcaine";"00232";false;;;;;0;0;false;false;false;true;false
"13128-1040";"0002055";"BABBABC";"Innohep";"01040";false;;;;;0;0;false;false;false;true;false
"26930-1347";"0015081";"PABF";"Tobrex";"01347";false;;;;;0;0;false;false;false;true;false
"19547-604";"0009993";"KAID";"Obracin";"00604";false;;;;;0;0;false;false;false;true;false
"26989-935";"0008797";"JGADA";"Topamax";"00935";true;;;;;0;0;false;false;false;true;false
"26997-612";"0008797";"JGADA";"Topiramate EG";"00612";true;;;;;0;0;false;false;false;true;false
"40683-2402";"0014811";"ONEA";"Kliniderm Foam Silicone";"02402";false;;;;;0;0;false;false;false;true;false
"14092-406";"0005009";"EEHA";"Kenacort A";"00406";false;;;"C";"C";0;0;false;false;false;true;false
"26427-1289";"0010538";"KBDA";"Terbinafine Viatris";"01289";false;;;;;0;0;false;false;false;true;false
"27946-3756";"0007534";"JAAF";"Uni-Tranxene";"03756";false;;;;;0;0;false;false;false;true;false
"28068-4093";"0018499";"LACIA";"Uro-Vaxom";"04093";false;;;;;0;0;false;false;false;true;false
"430-596";"0017483";"BACC";"Actosolv";"00596";false;;;;;0;0;false;false;false;true;false
"26898-1289";"0009993";"KAID";"Tobi";"01289";false;;;;;0;0;true;false;false;true;false
"27086-1289";"0000471";"ADABC";"Torrem";"01289";false;;;"D";"D";0;0;false;false;false;true;false
"29934-828";"0010793";"KDAD";"Zelitrex";"00828";false;;;;;0;0;false;false;false;true;false
"28175-1636";"0010793";"KDAD";"Valaciclovir Sandoz";"01636";false;;;;;0;0;false;false;false;true;false
"22897-1891";"0017830";"JADA";"Relaxine";"01891";false;;;;;0;0;false;false;false;true;false
"9860-1347";"0000174";"AADG";"Exforge";"01347";false;;;;;0;0;false;false;false;true;false
"6015-1347";"0000166";"AADF";"Co-Diovane";"01347";false;;;"D";"D";0;0;false;false;false;true;false
"15388-836";"0016196";"SAAAA";"Lipiodol Ultra Fluide";"00836";false;;;;;0;0;false;false;false;true;false
"6205-1636";"0000166";"AADF";"Co-Valsartan Sandoz";"01636";false;;;"D";"D";0;0;false;false;false;true;false
"6189-612";"0000166";"AADF";"Co-Valsartan EG";"00612";false;;;"D";"D";0;0;false;false;false;true;false
"27771-2097";"0011809";"LABHA";"Typhim Vi";"02097";false;;;;;0;0;false;false;false;true;false
"7468-1289";"0006130";"GAAH";"Detrusitol";"01289";false;;;;;0;0;false;false;false;true;false
"28118-2022";"0002741";"CCAA";"Ursochol";"02022";false;;;;;0;0;false;false;false;true;false
"28126-539";"0002741";"CCAA";"Ursofalk";"00539";false;;;;;0;0;false;false;false;true;false
"3103-299";"0028472";"LCBCBA";"Betaferon";"00299";false;;;;;0;0;false;false;false;true;false
"28183-604";"8900227";"KDFA";"Valcyte";"00604";false;;;;;0;0;false;false;false;true;false
"25130-2097";"0011486";"LAAMA";"Stamaril";"02097";false;;;;;0;0;false;false;false;true;false
"17350-1628";"8904500";"BCAAA";"Mircera";"01628";false;;;"H";"H";0;0;false;false;false;true;false
"22020-828";"0018358";"LACAA";"Priorix";"00828";false;;;;;0;0;false;false;false;true;false
"29785-1461";"0013243";"MDA";"Yondelis";"01461";false;;;;;0;0;false;false;false;true;false
"13615-1263";"0026211";"KDCDC";"Isentress";"01263";false;;;;;0;0;false;false;false;true;false
"9779-2097";"0012773";"MABBB";"Evoltra";"02097";true;;;;;0;0;false;false;false;true;false
"2485-1636";"0019570";"MABBE";"Atriance";"01636";true;;;;;0;0;false;false;false;true;false
"40097-174";"0021394";"LCBDDA";"Skilarence";"00174";false;;;;;0;0;false;false;false;true;false
"8805-1404";"0008649";"JFEC";"Eldepryl";"01404";false;;;"S";"S";0;0;false;false;false;true;false
"7773-1347";"0001065";"AGBG";"Diovane";"01347";false;;;;;0;0;false;false;false;true;false
"28290-612";"0001065";"AGBG";"Valsartan EG";"00612";false;;;;;0;0;false;false;false;true;false
"28316-1636";"0001065";"AGBG";"Valsartan Sandoz";"01636";false;;;;;0;0;false;false;false;true;false
"23234-406";"8900789";"MCDA";"Revlimid";"00406";true;;;;;0;0;false;false;false;true;false
"25940-1347";"8901001";"MBCBA";"Tasigna";"01347";false;;;;;0;0;false;false;false;true;false
"12963-4663";"0016485";"TBA";"Increlex";"04663";true;;;"H";"H";0;0;false;false;false;true;false
"28357-1289";"0018036";"KAJB";"Vancomycine Viatris";"01289";false;;;;;0;0;false;false;false;true;false
"25916-2097";"0018028";"KAJA";"Targocid";"02097";false;;;;;0;0;false;false;false;true;false
"28449-1602";"0015768";"QCAAA";"Vasocedine Pseudoephedrine";"01602";false;;;"S";"S";0;0;false;false;false;true;false
"4580-2162";"0000067";"AABA";"Catapressan";"02162";false;;;;;0;0;false;false;false;true;false
"8490-372";"0020602";"DACA";"Duovent";"00372";false;;;"B2";"B2";0;0;false;false;false;true;false
"2535-372";"0021105";"DABAA";"Atrovent";"00372";false;;;;;0;0;false;false;false;true;false
"6361-372";"0020602";"DACA";"Combivent";"00372";false;;;"d";"d";0;0;false;false;false;true;false
"22608-1818";"0003707";"DADAA";"Qvar";"01818";false;;;"c";"c";0;0;false;false;false;true;false
"40725-1446";"8906083";"MBBA";"Mylotarg";"01446";false;;;;;0;0;true;false;false;true;false
"40709-1354";"0004259";"EAADA";"Tresiba";"01354";false;;;"H";"H";0;0;false;false;false;true;false
"20354-4150";"0015966";"QCBDA";"Otrivine Duo";"04150";false;;;;;0;0;false;false;false;true;false
"40733-1446";"0013201";"MBAA";"Trazimera";"01446";false;;;;;0;0;false;false;false;true;false
"10496-828";"0003731";"DADAC";"Flixotide";"00828";false;;;"c";"c";0;0;false;false;false;true;false
"3905-3624";"0002683";"CBC";"Buscopan";"03624";false;;;;;0;0;false;false;false;true;false
"5041-1818";"0012369";"LDAAB";"Cetirizine Teva";"01818";false;;;;;0;0;false;false;false;true;false
"30510-1909";"0012369";"LDAAB";"Zyrtec";"01909";false;;;;;0;0;false;false;false;true;false
"190-612";"0004002";"DBBAA";"Acetylcysteine EG";"00612";false;;;;;0;0;false;false;false;true;false
"16774-372";"0017475";"BACB";"Metalyse";"00372";false;;;;;0;0;false;false;false;true;false
"24331-828";"0003780";"DAEA";"Seretide";"00828";false;;;"c";"c";0;0;false;false;false;true;false
"20933-1453";"0003921";"DBAC";"Paracodine";"01453";false;;;;;0;0;false;false;false;true;false
"8193-596";"0004127";"DCAAA";"Dopram";"00596";false;;;"S";"S";0;0;false;false;false;true;false
"505-1263";"0020669";"AND";"Adempas";"01263";false;;;;;0;0;false;false;false;true;false
"40758-1818";"0006122";"GAAG";"Solifenacine Teva";"01818";false;;;;;0;0;false;false;false;true;false
"40782-612";"0006122";"GAAG";"Solifenacine EG";"00612";false;;;;;0;0;false;false;false;true;false
"40808-612";"0003756";"DADBA";"Budesonide EG";"00612";false;;;"c";"c";0;0;false;false;false;true;false
"40774-2964";"0016485";"TBA";"Vimizim";"02964";true;;;;;0;0;false;false;false;true;false
"18432-3491";"0025775";"QCBCAC";"Nasonex";"03491";false;;;"c";"c";0;0;false;false;false;true;false
"3962-3160";"0013409";"IEAA";"Cacit";"03160";false;;;;;0;0;false;false;false;true;false
"14605-232";"0012807";"MABBF";"Lanvis";"00232";false;;;;;0;0;false;false;false;true;false
"39578-1560";"0003913";"DBAB";"Vicks Droge Hoest";"01560";false;;;;;0;0;false;false;false;true;false
"30098-877";"0003913";"DBAB";"Zirorphan";"00877";false;;;;;0;0;false;false;false;true;false
"48710-1404";"0008532";"JFBB";"Doporio";"01404";false;;;;;0;0;false;false;false;true;false
"23317-1164";"8904773";"LDACAA";"Rhinofebryl";"01164";false;;;;;0;0;false;false;false;true;false
"40790-612";"0017855";"ICBB";"Febuxostat EG";"00612";false;;;;;0;0;false;false;false;true;false
"40832-2485";"0001586";"ALAC";"Rosuvastatin AB";"02485";false;;;;;0;0;false;false;false;true;false
"31724-3780";"0013417";"IEAB";"Steovit";"03780";false;;;;;0;0;false;false;false;true;false
"23333-3624";"0015883";"QCBBC";"Rhinospray Verstopte neus";"03624";false;;;;;0;0;false;false;false;true;false
"18663-1560";"0015875";"QCBBB";"Nesivine";"01560";false;;;;;0;0;false;false;false;true;false
"40816-1289";"0006122";"GAAG";"Solifenacine Viatris";"01289";false;;;;;0;0;false;false;false;true;false
"1990-1446";"0009373";"JKAA";"Aricept";"01446";false;;;;;0;0;false;false;false;true;false
"8169-1818";"0009373";"JKAA";"Donepezil Teva";"01818";false;;;;;0;0;false;false;false;true;false
"18374-828";"0009209";"JIAAD";"Naramig";"00828";false;;;;;0;0;false;false;false;true;false
"18382-1636";"0009209";"JIAAD";"Naratriptan Sandoz";"01636";false;;;;;0;0;false;false;false;true;false
"24778-1164";"0015966";"QCBDA";"Sofrasolone";"01164";false;;;"c";"c";0;0;false;false;false;true;false
"2071-1453";"0020149";"JFFC";"Artane";"01453";false;;;;;0;0;false;false;false;true;false
"40824-2485";"0010538";"KBDA";"Terbinafin AB";"02485";false;;;;;0;0;false;false;false;true;false
"27425-1818";"0008136";"JCDD";"Trazodone Teva";"01818";false;;;;;0;0;false;false;false;true;false
"25171-935";"0016733";"LCBBEA";"Stelara";"00935";false;;;;;0;0;false;false;false;true;false
"11866-1479";"0021402";"IDAA";"Glucosamine Pharma Nord";"01479";false;;;;;0;0;false;false;false;true;false
"1057-4598";"0015933";"QCBCBA";"Allergodil";"04598";false;;;;;0;0;false;false;false;true;false
"25866-1024";"0006825";"IAAAC";"Taradyl";"01024";false;;;;;0;0;false;false;false;true;false
"20495-1271";"0006676";"HCAH";"OxyNorm";"01271";false;;;"N";"N";0;0;false;false;true;true;false
"729-1735";"0020123";"JFFA";"Akineton";"01735";false;;;;;0;0;false;false;false;true;false
"7229-2097";"0008730";"JGAAA";"Depakine";"02097";true;;;;;0;0;false;false;false;true;false
"18408-1636";"0016147";"RBC";"Naropin";"01636";false;;;;;0;0;false;false;false;true;false
"16642-1784";"0006668";"HCAD";"Mephenon";"01784";false;;;"N";"N";0;0;false;false;true;true;false
"6478-810";"0006619";"HCAM";"Contramal";"00810";false;;;"N";"N";0;0;false;false;false;true;false
"21584-2097";"0007104";"IBBA";"Plaquenil";"02097";false;;;;;0;0;false;false;false;true;false
"9316-935";"8904500";"BCAAA";"Eprex";"00935";false;;;"H";"H";0;0;false;false;false;true;false
"18622-1628";"8904500";"BCAAA";"NeoRecormon";"01628";false;;;"H";"H";0;0;false;false;false;true;false
"4085-2915";"0008284";"JCHAA";"Camcolit";"02915";false;;;;;0;0;false;false;false;true;false
"10520-1289";"0008193";"JCAAD";"Floxyfral";"01289";false;;;;;0;0;false;false;false;true;false
"14084-232";"0020131";"JFFB";"Kemadrin";"00232";false;;;;;0;0;false;false;false;true;false
"27268-612";"0006619";"HCAM";"Tramadol EG";"00612";false;;;"N";"N";0;0;false;false;false;true;false
"27359-3756";"0007534";"JAAF";"Tranxene";"03756";false;;;;;0;0;false;false;false;true;false
"17970-1271";"0006577";"HCAE";"MS Direct";"01271";false;;;"N";"N";0;0;false;false;true;true;false
"20610-1271";"0006650";"HCAC";"Palladone";"01271";false;;;"N";"N";0;0;false;false;true;true;false
"27284-1636";"0006619";"HCAM";"Tramadol Sandoz";"01636";false;;;"N";"N";0;0;false;false;false;true;false
"12476-3103";"0025700";"IDBA";"Hyalgan";"03103";false;;;;;0;0;false;false;false;true;false
"2089-273";"0015362";"PDBB";"Arteoptic";"00273";false;;;"B";"B";0;0;false;false;false;true;false
"29215-828";"0017293";"ANA";"Volibris";"00828";false;;;;;0;0;false;false;false;true;false
"27201-1289";"0006619";"HCAM";"Tradonal";"01289";false;;;"N";"N";0;0;false;false;false;true;false
"3327-1636";"8904500";"BCAAA";"Binocrit";"01636";false;;;"H";"H";0;0;false;false;false;true;false
"38778-1636";"0001701";"ALDA";"Ezetimibe Sandoz";"01636";false;;;;;0;0;false;false;false;true;false
"16071-2022";"0004002";"DBBAA";"Lysomucil";"02022";false;;;;;0;0;false;false;false;true;false
"42-232";"0004945";"EEDA";"Aacidexam";"00232";false;;;"C";"C";0;0;false;false;false;true;false
"8664-1446";"0010447";"KBBA";"Ecalta";"01446";false;;;;;0;0;false;false;false;true;false
"23739-711";"0016147";"RBC";"Ropivacaine Fresenius Kabi";"00711";false;;;;;0;0;false;false;false;true;false
"20180-406";"0012179";"LCBGAA";"Orencia";"00406";false;;;;;0;0;false;false;false;true;false
"21113-3103";"8902454";"KAAAAA";"Penicilline";"03103";false;;;;;0;0;false;false;false;true;false
"26468-1446";"0015206";"PACA";"Terra-Cortril + Polymyxine B";"01446";false;;;"c";"c";0;0;false;false;false;true;false
"6452-489";"0014316";"OBDA";"Conforma Hydrocortisone";"00489";false;;;"c";"c";0;0;false;false;false;true;false
"2899-406";"0010926";"KDDB";"Baraclude";"00406";false;;;;;0;0;false;false;false;true;false
"15255-1024";"8905424";"NBBGB";"Levofolic";"01024";false;;;;;0;0;false;false;false;true;false
"11478-1347";"0017616";"EAFE";"Galvus";"01347";false;;;;;0;0;false;false;false;true;false
"29082-604";"0016782";"PIAA";"Visudyne";"00604";false;;;;;0;0;false;false;false;true;false
"6460-489";"0013870";"OAAK";"Confosept Zuurstofwater";"00489";false;;;;;0;0;false;false;false;true;false
"27813-1347";"8900649";"MBCFA";"Tyverb";"01347";false;;;;;0;0;false;false;false;true;false
"42259-67";"0017301";"ANB";"Bosentan Accord";"00067";false;;;;;0;0;false;false;false;true;false
"28746-1446";"0010512";"KBCF";"Vfend";"01446";false;;;;;0;0;false;false;false;true;false
"16295-1834";"0017426";"BABAAC";"Marevan";"01834";false;;;;;0;0;false;false;false;true;false
"23887-2097";"0009035";"JGCFA";"Sabril";"02097";false;;;;;0;0;false;false;false;true;false
"4994-273";"0015651";"QABA";"Cerulyx";"00273";false;;;;;0;0;false;false;false;true;false
"28498-1867";"0001503";"AKA";"Veinofytol";"01867";false;;;;;0;0;false;false;false;true;false
"28936-1818";"0013136";"MAEAB";"Vincrisin";"01818";false;;;;;0;0;false;false;false;true;false
"28951-1636";"0013151";"MAEAC";"Vinorelbine Sandoz";"01636";false;;;;;0;0;false;false;false;true;false
"23192-1966";"0010959";"KDCABD";"Retrovir";"01966";false;;;;;0;0;false;false;false;true;false
"40964-2485";"0006122";"GAAG";"Solifenacine AB";"02485";false;;;;;0;0;false;false;false;true;false
"30353-810";"0009233";"JIAAG";"Zomig";"00810";false;;;;;0;0;false;false;false;true;false
"30239-612";"0009233";"JIAAG";"Zolmitriptan EG";"00612";false;;;;;0;0;false;false;false;true;false
"30254-1636";"0009233";"JIAAG";"Zolmitriptan Sandoz";"01636";false;;;;;0;0;false;false;false;true;false
"240-612";"8000937";"KECEBA";"Aciclovir EG";"00612";false;;;;;0;0;false;false;false;true;false
"28985-2485";"8000937";"KECEBA";"Viratop";"02485";false;;;;;0;0;false;false;false;true;false
"5876-1073";"0020115";"JBABB";"Clopixol";"01073";false;;;;;0;0;false;false;false;true;false
"2147-3780";"0006460";"BAAAB";"Asaflow";"03780";false;;;;;0;0;false;false;false;true;false
"46201-828";"0010744";"KDAA";"Aciclovir GSK";"00828";false;;;;;0;0;false;false;false;true;false
"2212-3467";"0006452";"HBBA";"Aspegic";"03467";false;;;;;0;0;false;false;false;true;false
"20347-4150";"0015891";"QCBBD";"Otrivine Tegen neusverstopping";"04150";false;;;;;0;0;false;false;false;true;false
"40931-1636";"0017533";"BCCD";"Ziextenzo";"01636";false;;;;;0;0;false;false;false;true;false
"12880-1289";"0007740";"JABB";"Imovane";"01289";false;;;;;0;0;false;false;false;true;false
"30379-612";"0007740";"JABB";"Zopiclone EG";"00612";false;;;;;0;0;false;false;false;true;false
"30395-1818";"0007740";"JABB";"Zopiclone Teva";"01818";false;;;;;0;0;false;false;false;true;false
"29355-2626";"0016485";"TBA";"Wilzin";"02626";false;;;;;0;0;false;false;false;true;false
"18416-3624";"0015891";"QCBBD";"Nasa Rhinathiol";"03624";false;;;;;0;0;false;false;false;true;false
"273-1636";"0010744";"KDAA";"Aciclovir Sandoz";"01636";false;;;;;0;0;false;false;false;true;false
"13185-1354";"0004234";"EAACA";"Insulatard";"01354";false;;;"H";"H";0;0;false;false;false;true;false
"41004-1636";"0019455";"GCAD";"Vardenafil Sandoz";"01636";false;;;;;0;0;false;false;false;true;false
"41012-3137";"0029082";"FCDA";"Intrarosa";"03137";false;;;"A";"A";0;0;false;false;false;true;false
"41020-2303";"0006122";"GAAG";"Solifenacin Krka";"02303";false;;;;;0;0;false;false;false;true;false
"41038-2303";"0006619";"HCAM";"Tramadol Krka";"02303";false;;;"N";"N";0;0;false;false;false;true;false
"41046-2303";"8906729";"ALIC";"Ezetimibe / Simvastatin Krka";"02303";false;;;;;0;0;false;false;false;true;false
"41053-2303";"0012385";"LDAAC";"Desloratadine Krka";"02303";false;;;;;0;0;false;false;false;true;false
"41061-1636";"0003780";"DAEA";"Airbufo";"01636";false;;;"c";"c";0;0;false;false;false;true;false
"7013-1164";"0013888";"OAAG";"Dakin Cooper";"01164";false;;;;;0;0;false;false;false;true;false
"41103-67";"8900649";"MBCFA";"Gefitinib Accord";"00067";false;;;;;0;0;false;false;false;true;false
"30387-1289";"0007740";"JABB";"Zopiclone Viatris";"01289";false;;;;;0;0;false;false;false;true;false
"39040-3269";"8901217";"LCBBCA";"Fasenra";"03269";false;;;;;0;0;false;false;false;true;false
"41137-1818";"0029058";"HCBC";"Paracetamol / Codeine Teva";"01818";false;;;"d";"d";0;0;false;false;false;true;false
"41145-1636";"0013243";"MDA";"Anagrelid Sandoz";"01636";false;;;;;0;0;false;false;false;true;false
"41152-1636";"0006122";"GAAG";"Solifenacin Sandoz";"01636";false;;;;;0;0;false;false;false;true;false
"41129-1289";"8906737";"ALIB";"Myrosor";"01289";false;;;;;0;0;false;false;false;true;false
"41186-2444";"0015537";"PGA";"Combiflure";"02444";false;;;;;0;0;false;false;false;true;false
"22681-885";"0000976";"AGAH";"Ramipril EG";"00885";false;;;;;0;0;false;false;false;true;false
"9860-3269";"0000174";"AADG";"Exforge";"03269";false;;;;;0;0;false;false;false;true;false
"20776-885";"0002584";"CAABD";"Pantoprazol Sandoz";"00885";false;;;;;0;0;false;false;false;true;false
"41293-1271";"0017533";"BCCD";"Pelmeg";"01271";false;;;;;0;0;false;false;false;true;false
"41277-2469";"0019422";"FBBAA";"Desirett";"02469";false;;;;;0;0;false;false;false;true;false
"41301-2360";"0018671";"TCA";"Reneel";"02360";false;;;;;0;0;false;false;false;true;false
"41251-2469";"0005355";"FBAAC";"Lumivela Continu 20";"02469";false;;;;;0;0;false;false;false;true;false
"41269-2469";"0005355";"FBAAC";"Lumivela Continu 30";"02469";false;;;;;0;0;false;false;false;true;false
"41194-1446";"0026260";"LABEA";"Trumenba";"01446";false;;;;;0;0;false;false;false;true;false
"41376-455";"0029108";"PIBA";"Raxone";"00455";true;;;;;0;0;false;false;false;true;false
"41202-3145";"0025437";"BADA";"Cablivi";"03145";false;;;;;0;0;true;false;false;true;false
"41384-711";"0025817";"LCBAA";"Idacio";"00711";false;;;;;0;0;false;false;false;true;false
"41285-2469";"0005728";"FCCA";"Sempreluna";"02469";false;;;"A";"A";0;0;false;false;false;true;false
"25437-612";"0016055";"QDCA";"Sulfarlem S25";"00612";false;;;;;0;0;false;false;false;true;false
"42275-2303";"0006213";"GBAC";"Tamsulosine HCl Krka";"02303";false;;;;;0;0;false;false;false;true;false
"24075-4630";"0003483";"CHAA";"Scheriproct";"04630";false;;;"c";"c";0;0;false;false;false;true;false
"50153-3426";"8906505";"JEBBA";"Decigatan";"03426";false;;;;;0;0;false;false;false;true;false
"12211-414";"0011890";"LBBA";"Hepacaf";"00414";false;;;;;0;0;false;false;false;true;false
"40535-612";"8900748";"MBEA";"Bortezomib EG";"00612";false;;;;;0;0;false;false;false;true;false
"41434-1537";"8900664";"MBCHA";"Mektovi";"01537";false;;;;;0;0;false;false;false;true;false
"19158-2915";"0003251";"CEGA";"Norgalax";"02915";false;;;;;0;0;false;false;false;true;false
"33233-257";"0025601";"EAIB";"Forxiga";"00257";false;;;;;0;0;false;false;false;true;false
"4655-2485";"0001610";"ALBA";"Cedur";"02485";false;;;;;0;0;false;false;false;true;false
"42135-2626";"0016485";"TBA";"Cystadrops";"02626";false;;;;;0;0;true;false;false;true;false
"19950-3269";"0005074";"EFCA";"Omnitrope";"03269";false;;;"H";"H";0;0;false;false;false;true;false
"4671-1636";"0009613";"KAABAA";"Cefadroxil Sandoz";"01636";false;;;;;0;0;false;false;false;true;false
"9134-323";"0003343";"CFBA";"Enterol";"00323";false;;;;;0;0;false;false;false;true;false
"39875-190";"0025817";"LCBAA";"Amgevita";"00190";false;;;;;0;0;false;false;false;true;false
"48793-67";"0019521";"DCCA";"Pirfenidone Accord";"00067";false;;;;;0;0;false;false;false;true;false
"48918-67";"8900789";"MCDA";"Pomalidomide Accord";"00067";false;;;;;0;0;false;false;false;true;false
"41392-299";"0002246";"BBAB";"Jivi";"00299";false;;;;;0;0;false;false;false;true;false
"38075-3418";"0019448";"GCAC";"Tadalafil Mylan";"03418";false;;;;;0;0;false;false;false;true;false
"26534-2097";"0018465";"LACEA";"Tetravac";"02097";false;;;;;0;0;false;false;false;true;false
"5009-828";"0011460";"LAALA";"Cervarix";"00828";false;;;;;0;0;false;false;false;true;false
"4101-1180";"0025163";"JEAA";"Campral";"01180";false;;;;;0;0;false;false;false;true;false
"3335-174";"0006791";"IAAAA";"Biofenac";"00174";false;;;;;0;0;false;false;false;true;false
"24687-1198";"0017400";"BABAAA";"Sintrom";"01198";false;;;;;0;0;false;false;false;true;false
"8367-877";"0013656";"NBBIA";"Additiva Vitamin C";"00877";false;;;;;0;0;false;false;false;true;false
"25320-1610";"0016014";"QDAA";"Strepsils";"01610";false;;;;;0;0;false;false;false;true;false
"18218-2097";"0016485";"TBA";"Myozyme";"02097";false;;;;;0;0;false;false;false;true;false
"380-372";"0017459";"BACA";"Actilyse";"00372";false;;;;;0;0;false;false;false;true;false
"6536-2097";"0001164";"AHCAA";"Cordarone";"02097";false;;;;;0;0;false;false;false;true;false
"24844-711";"0020941";"NBCB";"Soluvit Novum";"00711";false;;;;;0;0;false;false;false;true;false
"15941-3491";"0014340";"OBEB";"Lotriderm";"03491";false;;;"c";"c";0;0;false;false;false;true;false
"16238-828";"0019380";"KCBAAA";"Malarone";"00828";false;;;;;0;0;false;false;false;true;false
"22285-1446";"0005777";"FDAA";"Prostin 15M";"01446";false;;;;;0;0;false;false;false;true;false
"11221-2097";"0000562";"ADDA";"Frusamil";"02097";false;;;"D";"D";0;0;false;false;false;true;false
"48785-3160";"8905390";"FIBA";"Yselty";"03160";true;;;;;0;0;false;false;false;true;false
"11411-1446";"0019067";"KAIC";"Gabbroral";"01446";false;;;;;0;0;false;false;false;true;false
"7542-2618";"0000547";"ADCA";"Diamox";"02618";false;;;"D";"D";0;0;false;false;false;true;false
"4754-711";"0009720";"KAABCC";"Ceftriaxone Fresenius Kabi";"00711";false;;;;;0;0;false;false;false;true;false
"27177-935";"0017301";"ANB";"Tracleer";"00935";false;;;;;0;0;false;false;false;true;false
"5561-182";"0009704";"KAABCA";"Claforan";"00182";false;;;;;0;0;false;false;false;true;false
"13375-2915";"0015412";"PDCA";"Iopidine";"02915";false;;;;;0;0;false;false;false;true;false
"4689-1289";"0009639";"KAABAC";"Cefazoline Viatris";"01289";false;;;;;0;0;false;false;false;true;false
"4804-1636";"0009688";"KAABBA";"Cefuroxim Sandoz";"01636";false;;;;;0;0;false;false;false;true;false
"13177-1164";"0018341";"RBB";"Instillagel";"01164";false;;;;;0;0;false;false;false;true;false
"37770-2303";"0006247";"GBBA";"Dutasteride Krka";"02303";false;;;;;0;0;false;false;false;true;false
"7385-1818";"0012385";"LDAAC";"Desloratadine Teva";"01818";false;;;;;0;0;false;false;false;true;false
"25361-935";"0001438";"AJA";"Stugeron";"00935";false;;;;;0;0;false;false;false;true;false
"8250-612";"0025999";"PDFC";"Dorzolamide / Timolol EG";"00612";false;;;"B";"B";0;0;false;false;false;true;false
"5702-2097";"0002030";"BABBABA";"Clexane";"02097";false;;;;;0;0;false;false;false;true;false
"27706-794";"0011049";"KDCADA";"Truvada";"00794";false;;;;;0;0;false;false;false;true;false
"27193-661";"0005793";"FDBA";"Tractocile";"00661";false;;;;;0;0;false;false;false;true;false
"19414-1354";"0002279";"BBAH";"NovoSeven";"01354";false;;;;;0;0;false;false;false;true;false
"24828-1446";"0004960";"EEEA";"Solu-Cortef";"01446";false;;;"C";"C";0;0;false;false;false;true;false
"12401-570";"0004309";"EAAEBA";"Humalog Mix 25";"00570";false;;;"H";"H";0;0;false;false;false;true;false
"40741-1347";"8903536";"MCBAA";"Kymriah";"01347";true;;;;;0;0;true;false;false;true;false
"9076-1446";"0025833";"LCBAC";"Enbrel";"01446";false;;;;;0;0;false;false;false;true;false
"2824-1289";"0009092";"JHA";"Baclofen Viatris";"01289";false;;;;;0;0;false;false;false;true;false
"13698-1743";"0014530";"OFFA";"Isosupra";"01743";false;;;;;0;0;false;false;false;true;false
"10249-1891";"0013300";"NAAAC";"Ferricure";"01891";false;;;;;0;0;false;false;false;true;false
"19448-190";"0017491";"BCBC";"Nplate";"00190";false;;;;;0;0;false;false;false;true;false
"13037-1156";"0007443";"IFA";"InductOs";"01156";false;;;;;0;0;false;false;false;true;false
"885-299";"0006882";"IAABD";"Aleve";"00299";false;;;;;0;0;false;false;false;true;false
"3061-745";"0014431";"OFAA";"Benzac";"00745";false;;;;;0;0;false;false;false;true;false
"4564-950";"0004820";"MEDC";"Casodex";"00950";false;;;;;0;0;false;false;false;true;false
"18333-1024";"0006882";"IAABD";"Naprosyne";"01024";false;;;;;0;0;false;false;false;true;false
"14787-1636";"0007120";"IBCA";"Leflunomide Sandoz";"01636";false;;;;;0;0;false;false;false;true;false
"5546-232";"0016147";"RBC";"Citanest";"00232";false;;;;;0;0;false;false;false;true;false
"15735-612";"0012484";"LDAAG";"Loratadine EG";"00612";false;;;;;0;0;false;false;false;true;false
"20230-1636";"0020271";"EBCA";"Orlistat Sandoz";"01636";false;;;;;0;0;false;false;false;true;false
"19976-1263";"8900789";"MCDA";"Oncotice";"01263";false;;;;;0;0;false;false;false;true;false
"6734-2238";"0014738";"ONAA";"Curasorb";"02238";false;;;;;0;0;false;false;false;true;false
"14019-2097";"0018317";"TACAB";"Kayexalate Ca";"02097";false;;;;;0;0;false;false;false;true;false
"4481-299";"0006460";"BAAAB";"Cardioaspirine";"00299";false;;;;;0;0;false;false;false;true;false
"23820-2923";"0012526";"LDAAH";"Rupatall";"02923";false;;;;;0;0;false;false;false;true;false
"3764-4093";"0018499";"LACIA";"Broncho-Vaxom";"04093";false;;;;;0;0;false;false;false;true;false
"18697-190";"0017533";"BCCD";"Neulasta";"00190";false;;;;;0;0;false;false;false;true;false
"16121-3624";"0002634";"CABA";"Maalox Antacid";"03624";false;;;;;0;0;false;false;false;true;false
"13953-2253";"0014738";"ONAA";"Kaltostat";"02253";false;;;;;0;0;false;false;false;true;false
"29009-794";"0028381";"KDDD";"Viread";"00794";false;;;;;0;0;false;false;false;true;false
"1982-3491";"0006999";"IAADB";"Arcoxia";"03491";false;;;;;0;0;false;false;false;true;false
"7260-1446";"0017988";"FBBCA";"Depo-Provera";"01446";false;;;;;0;0;false;false;false;true;false
"653-1347";"8900680";"MBCIA";"Afinitor";"01347";false;;;;;0;0;false;false;false;true;false
"23200-1289";"0017327";"ANF";"Revatio";"01289";false;;;;;0;0;false;false;false;true;false
"16634-828";"0011700";"LABEC";"Menveo";"00828";false;;;;;0;0;false;false;false;true;false
"50161-1230";"0013813";"OAAC";"Hibiwash";"01230";false;;;;;0;0;false;false;false;true;false
"17921-1289";"0000083";"AABC";"Moxonidine Viatris";"01289";false;;;;;0;0;false;false;false;true;false
"28910-1909";"0008987";"JGBGA";"Vimpat";"01909";false;;;;;0;0;false;false;false;true;false
"22830-1180";"0028472";"LCBCBA";"Rebif";"01180";false;;;;;0;0;false;false;false;true;false
"5587-1537";"0014258";"OBAA";"Clarelux";"01537";false;;;"c";"c";0;0;false;false;false;true;false
"50179-67";"0016733";"LCBBEA";"Imuldosa";"00067";true;;;;;0;0;false;false;false;true;false
"29470-299";"0017392";"BABABD";"Xarelto";"00299";false;;;;;0;0;false;false;false;true;false
"24810-133";"0012195";"LCBFAA";"Soliris";"00133";false;;;;;0;0;true;false;false;true;false
"24059-1446";"0018192";"FBBBA";"Sayana";"01446";false;;;;;0;0;false;false;false;true;false
"4952-2097";"0016485";"TBA";"Cerezyme";"02097";false;;;;;0;0;false;false;false;true;false
"7377-612";"0012385";"LDAAC";"Desloratadine EG";"00612";false;;;;;0;0;false;false;false;true;false
"9126-828";"8906588";"LAAGA";"Engerix-B";"00828";false;;;;;0;0;false;false;false;true;false
"17087-802";"0006114";"GAAF";"Mictonorm";"00802";false;;;;;0;0;false;false;false;true;false
"2220-299";"0006452";"HBBA";"Aspirine";"00299";false;;;;;0;0;false;false;false;true;false
"7526-323";"0009050";"JGCEA";"Diacomit";"00323";false;;;;;0;0;false;false;false;true;false
"257-844";"0010744";"KDAA";"Aciclovir Hospira";"00844";false;;;;;0;0;false;false;false;true;false
"14217-1966";"0020198";"KDCABE";"Kivexa";"01966";false;;;;;0;0;false;false;false;true;false
"11486-1289";"0007021";"IAAEA";"Gambaran";"01289";false;;;;;0;0;false;false;false;true;false
"12450-570";"0004234";"EAACA";"Humuline NPH";"00570";false;;;"H";"H";0;0;false;false;false;true;false
"13920-59";"0020214";"KDCBH";"Kaletra";"00059";false;;;;;0;0;false;false;false;true;false
"12153-1263";"8906588";"LAAGA";"Hbvaxpro";"01263";false;;;;;0;0;false;false;false;true;false
"10108-828";"8906596";"LAAGB";"Fendrix";"00828";false;;;;;0;0;false;false;false;true;false
"16055-1446";"0007674";"JAAS";"Lysanxia";"01446";false;;;;;0;0;false;false;false;true;false
"25445-1594";"0014027";"OABBA";"Sulfasil";"01594";false;;;;;0;0;false;false;false;true;false
"10686-2022";"0015966";"QCBDA";"Fluimucil Antibiotic";"02022";false;;;;;0;0;false;false;false;true;false
"1180-3236";"0002949";"CDBC";"Aloxi";"03236";false;;;;;0;0;false;false;false;true;false
"13631-1537";"0014530";"OFFA";"Isocural";"01537";false;;;;;0;0;false;false;false;true;false
"48587-1636";"0016733";"LCBBEA";"Pyzchiva";"01636";true;;;;;0;0;false;false;false;true;false
"18283-265";"0019349";"TAAHA";"Naloxon B. Braun";"00265";false;;;;;0;0;false;false;false;true;false
"33167-1784";"0006692";"HCAI";"Pethisom";"01784";false;;;"N";"N";0;0;false;false;true;true;false
"1909-1024";"0006882";"IAABD";"Apranax";"01024";false;;;;;0;0;false;false;false;true;false
"33373-2527";"0025635";"AHABA";"Brinavess";"02527";false;;;;;0;0;false;false;false;true;false
"27664-1164";"0019901";"HBDD";"Troc";"01164";false;;;;;0;0;false;false;false;true;false
"17954-2097";"0017541";"BCCE";"Mozobil";"02097";false;;;;;0;0;false;false;false;true;false
"23101-4598";"0001503";"AKA";"Reparil";"04598";false;;;;;0;0;false;false;false;true;false
"16063-4663";"0013243";"MDA";"Lysodren";"04663";false;;;;;0;0;false;false;false;true;false
"30437-4150";"8000937";"KECEBA";"Zovirax";"04150";false;;;;;0;0;false;false;false;true;false
"12468-570";"0004218";"EAABA";"Humuline Regular";"00570";false;;;"H";"H";0;0;false;false;false;true;false
"2790-1347";"0015453";"PDEA";"Azopt";"01347";false;;;;;0;0;false;false;false;true;false
"2667-1347";"0025999";"PDFC";"Azarga";"01347";false;;;"B";"B";0;0;false;false;false;true;false
"513-2097";"0001115";"AHAAA";"Adenocor";"02097";false;;;;;0;0;false;false;false;true;false
"24984-174";"0003004";"CEAA";"Spagulax";"00174";false;;;;;0;0;false;false;false;true;false
"25544-2295";"0014795";"ONDA";"Suprasorb G";"02295";false;;;;;0;0;false;false;false;true;false
"9936-2097";"0016485";"TBA";"Fabrazyme";"02097";false;;;;;0;0;false;false;false;true;false
"14027-2097";"0018325";"TACAC";"Kayexalate Na";"02097";false;;;;;0;0;false;false;false;true;false
"19026-1172";"0000125";"AADA";"Nobiretic";"01172";false;;;"B,D";"B,D";0;0;false;false;false;true;false
"17061-836";"0016279";"SABA";"Microtrast";"00836";false;;;;;0;0;false;false;false;true;false
"23127-1800";"0016485";"TBA";"Replagal";"01800";false;;;;;0;0;false;false;false;true;false
"3681-612";"0007492";"JAAB";"Bromazepam EG";"00612";false;;;;;0;0;false;false;false;true;false
"15297-604";"0007492";"JAAB";"Lexotan";"00604";false;;;;;0;0;false;false;false;true;false
"30411-1172";"0000141";"AADD";"Zopranol Plus";"01172";false;;;"D";"D";0;0;false;false;false;true;false
"30403-1172";"0000984";"AGAI";"Zopranol";"01172";false;;;;;0;0;false;false;false;true;false
"13847-3269";"0025445";"EAJC";"Janumet";"03269";false;;;;;0;0;false;false;false;true;false
"23119-4598";"0014407";"OEA";"Reparil Gel";"04598";false;;;;;0;0;false;false;false;true;false
"42309-2303";"0000679";"AEH";"Nebivolol Krka";"02303";false;;;"B";"B";0;0;false;false;false;true;false
"844-612";"0007260";"IEBA";"Alendronate EG";"00612";false;;;;;0;0;false;false;false;true;false
"42291-67";"0008359";"JDBC";"Oxybate Accord";"00067";false;;;;;0;0;false;false;true;true;false
"42317-59";"8901118";"LCBEAAF";"Rinvoq";"00059";false;;;;;0;0;false;false;false;true;false
"11627-844";"0012864";"MABCF";"Gemcitabine Hospira";"00844";false;;;;;0;0;false;false;false;true;false
"11577-1636";"0012864";"MABCF";"Gemcitabin Sandoz";"01636";false;;;;;0;0;false;false;false;true;false
"2394-612";"0001552";"ALAA";"Atorstatineg";"00612";false;;;;;0;0;false;false;false;true;false
"11205-1172";"0009191";"JIAAC";"Frovatex";"01172";false;;;;;0;0;false;false;false;true;false
"31369-1784";"0021022";"TAAFB";"Glucose Sterop";"01784";false;;;;;0;0;false;false;false;true;false
"25312-1610";"0016014";"QDAA";"Strepfen";"01610";false;;;;;0;0;false;false;false;true;false
"12054-2626";"8904070";"FAAAB";"Gynoxin";"02626";false;;;;;0;0;false;false;false;true;false
"9514-612";"0002550";"CAABA";"Esomeprazole EG";"00612";false;;;;;0;0;false;false;false;true;false
"50187-2360";"0018671";"TCA";"Ubichinon Compositum";"02360";false;;;;;0;0;false;false;false;true;false
"29348-414";"0002295";"BBAC";"Wilfactin";"00414";false;;;;;0;0;false;false;false;true;false
"22301-1446";"0001792";"AOAA";"Prostin VR";"01446";false;;;;;0;0;false;false;false;true;false
"12922-596";"0019976";"JBBAA";"Impromen";"00596";false;;;;;0;0;false;false;false;true;false
"27342-810";"0006635";"HCAA";"Transtec";"00810";false;;;"N";"N";0;0;false;true;false;true;false
"5272-1909";"0025825";"LCBAB";"Cimzia";"01909";false;;;;;0;0;false;false;false;true;false
"28225-1701";"0008292";"JCDA";"Valdoxan";"01701";false;;;;;0;0;false;false;false;true;false
"4911-1453";"0019174";"RACE";"Celocurine";"01453";false;;;;;0;0;false;false;false;true;false
"11700-3269";"0018606";"LCBDGA";"Gilenya";"03269";false;;;;;0;0;false;false;false;true;false
"38893-3269";"0011049";"KDCADA";"Efavirenz / Emtricitabine / Tenofovir disoproxil Mylan";"03269";false;;;;;0;0;false;false;false;true;false
"40246-3269";"0020339";"KDCGA";"Juluca";"03269";false;;;;;0;0;false;false;false;true;false
"48835-4309";"0017533";"BCCD";"Fulphila";"04309";false;;;;;0;0;false;false;false;true;false
"48843-190";"0016733";"LCBBEA";"Wezenla";"00190";true;;;;;0;0;false;false;false;true;false
"4606-1446";"0006320";"GCCA";"Caverject";"01446";false;;;;;0;0;false;false;false;true;false
"50195-1636";"0016782";"PIAA";"Afqlir";"01636";true;;;;;0;0;false;false;false;true;false
"20057-257";"0017590";"EAFC";"Onglyza";"00257";false;;;;;0;0;false;false;false;true;false
"14290-2964";"0016485";"TBA";"Kuvan";"02964";false;;;;;0;0;false;false;false;true;false
"28852-1354";"0017582";"EAGC";"Victoza";"01354";false;;;;;0;0;false;false;false;true;false
"13508-257";"8900649";"MBCFA";"Iressa";"00257";false;;;;;0;0;false;false;false;true;false
"8771-3467";"0001883";"BAABAB";"Efient";"03467";false;;;;;0;0;false;false;false;true;false
"24570-3269";"0025841";"LCBAD";"Simponi";"03269";false;;;;;0;0;false;false;false;true;false
"28928-1818";"0013128";"MAEAA";"Vinblastine Teva";"01818";false;;;;;0;0;false;false;false;true;false
"3202-3269";"0019653";"GAAD";"Betmiga";"03269";false;;;;;0;0;false;false;false;true;false
"40212-3269";"0020339";"KDCGA";"Biktarvy";"03269";false;;;;;0;0;false;false;false;true;false
"41467-3269";"0020339";"KDCGA";"Dovato";"03269";false;;;;;0;0;false;false;false;true;false
"33365-3269";"0025684";"ACBA";"Entresto";"03269";false;;;;;0;0;false;false;false;true;false
"39230-3269";"8900623";"MBCEA";"Kisqali";"03269";false;;;;;0;0;false;false;false;true;false
"2543-3269";"0020677";"LCBDHA";"Aubagio";"03269";false;;;;;0;0;false;false;false;true;false
"37853-3269";"8900748";"MBEA";"Ninlaro";"03269";false;;;;;0;0;true;false;false;true;false
"21949-3269";"0021295";"LABFB";"Prevenar 13";"03269";false;;;;;0;0;false;false;false;true;false
"23069-3269";"0016469";"TACCA";"Renvela";"03269";false;;;;;0;0;false;false;false;true;false
"41541-2303";"0000190";"AADI";"Amlodipine / Valsartan / Hydrochlorothiazide Krka";"02303";false;;;"D";"D";0;0;false;false;false;true;false
"42341-752";"0016360";"SDA";"Optison";"00752";false;;;;;0;0;false;false;false;true;false
"42440-141";"8901142";"LDBA";"Acarizax";"00141";false;;;;;0;0;false;false;false;true;false
"13169-1289";"0000505";"ADBA";"Inspra";"01289";false;;;"D";"D";0;0;false;false;false;true;false
"9431-1289";"0008177";"JCAAB";"Escitalopram Viatris";"01289";false;;;;;0;0;false;false;false;true;false
"42366-745";"0014514";"OFDA";"Aklief";"00745";true;;;;;0;0;false;false;false;true;false
"33472-3269";"8900649";"MBCFA";"Tagrisso";"03269";false;;;;;0;0;false;false;false;true;false
"50211-1818";"0025247";"LCBGCA";"Apremilast Teva";"01818";false;;;;;0;0;false;false;false;true;false
"42374-2485";"0008086";"JCBBA";"Duloxetin AB";"02485";false;;;;;0;0;false;false;false;true;false
"29298-3269";"0016485";"TBA";"Vyndaqel";"03269";true;;;;;0;0;true;false;false;true;false
"37739-3269";"0013201";"MBAA";"Empliciti";"03269";false;;;;;0;0;false;false;false;true;false
"42382-1818";"0008078";"JCBCA";"Bupropion Teva";"01818";false;;;;;0;0;false;false;false;true;false
"42390-2485";"0012385";"LDAAC";"Desloratadine AB";"02485";false;;;;;0;0;false;false;false;true;false
"42416-141";"0025866";"LDBB";"Itulazax";"00141";false;;;;;0;0;false;false;false;true;false
"42457-760";"0005702";"FCBAA";"Klimedix";"00760";false;;;;;0;0;false;false;false;true;false
"19588-1370";"0002261";"BBAG";"Octaplex";"01370";false;;;;;0;0;false;false;false;true;false
"42465-1446";"8900722";"MBDA";"Talzenna";"01446";false;;;;;0;0;false;false;false;true;false
"38018-1982";"0009415";"JKCA";"Focuzine";"01982";false;;;;;0;0;false;false;false;true;false
"42622-570";"0004192";"EAAAA";"Lyumjev";"00570";false;;;"H";"H";0;0;false;false;false;true;false
"29546-1206";"0009100";"JHD";"Xeomeen";"01206";false;;;;;0;0;false;false;false;true;false
"42481-1743";"0017855";"ICBB";"Feburik";"01743";false;;;;;0;0;false;false;false;true;false
"42515-1834";"8903114";"HBDE";"Combophen";"01834";false;;;;;0;0;false;false;false;true;false
"42499-1743";"0019000";"JECD";"Libroxar";"01743";false;;;"N";"N";0;0;false;true;false;true;false
"42549-1263";"8901167";"LACBA";"ProQuad";"01263";false;;;;;0;0;false;false;false;true;false
"42556-67";"0019752";"MABCA";"Azacitidine Accord";"00067";false;;;;;0;0;false;false;false;true;false
"42531-1818";"0025775";"QCBCAC";"Mometeva";"01818";false;;;"c";"c";0;0;false;false;false;true;false
"42473-190";"0013201";"MBAA";"Mvasi";"00190";false;;;;;0;0;false;false;false;true;false
"38208-75";"8901068";"CBB";"Simalviane";"00075";false;;;;;0;0;false;false;false;true;false
"29397-1800";"0013243";"MDA";"Xagrid";"01800";false;;;;;0;0;false;false;false;true;false
"20875-612";"0006437";"HBAA";"Paracetamol EG";"00612";false;;;;;0;0;false;false;false;true;false
"42523-3376";"0019943";"HBDA";"Dafalgan Plus Cafeine";"03376";false;;;;;0;0;false;false;false;true;false
"42630-1818";"8906737";"ALIB";"Ezetimibe / Rosuvastatine Teva";"01818";false;;;;;0;0;false;false;false;true;false
"41657-1263";"8900227";"KDFA";"Prevymis";"01263";false;;;;;0;0;true;false;false;true;false
"3996-281";"0012955";"MACAB";"Caelyx";"00281";false;;;;;0;0;false;false;false;true;false
"42598-1446";"0013201";"MBAA";"Zirabev";"01446";false;;;;;0;0;false;false;false;true;false
"42358-2485";"0006270";"GBCA";"Dutasteride / Tamsulosine HCl AB";"02485";false;;;;;0;0;false;false;false;true;false
"7336-4788";"0016444";"TACBA";"Desferal";"04788";false;;;;;0;0;false;false;false;true;false
"42713-141";"0025874";"LDBC";"Alutard SQ Bee";"00141";false;;;;;0;0;false;false;false;true;false
"42689-2097";"0018457";"LACDA";"Triaxis Polio";"02097";false;;;;;0;0;false;false;false;true;false
"42648-3319";"8901274";"KAGDA";"Selexid";"03319";false;;;;;0;0;false;false;false;true;false
"30882-1925";"0015933";"QCBCBA";"Pollival";"01925";false;;;;;0;0;false;false;false;true;false
"50203-1628";"8905697";"MCCA";"Lunsumio";"01628";true;;;;;0;0;true;false;false;true;false
"42655-828";"0020636";"LAAJA";"Shingrix";"00828";false;;;;;0;0;false;false;false;true;false
"42788-257";"8901308";"TACAD";"Lokelma";"00257";false;;;;;0;0;false;false;false;true;false
"39461-4150";"0007054";"IABAA";"Voltaren Emulgel";"04150";false;;;;;0;0;false;false;false;true;false
"42705-2485";"0017079";"GBAB";"Silodosin AB";"02485";false;;;;;0;0;false;false;false;true;false
"42721-141";"0025874";"LDBC";"Alutard SQ Wasp";"00141";false;;;;;0;0;false;false;false;true;false
"21923-1446";"0005777";"FDAA";"Prepidil";"01446";false;;;;;0;0;false;false;false;true;false
"33225-3269";"8901225";"LCBBCB";"Nucala";"03269";false;;;;;0;0;false;false;false;true;false
"31807-3269";"0013201";"MBAA";"Gazyvaro";"03269";false;;;;;0;0;true;false;false;true;false
"10421-2626";"0026245";"CECCA";"Cleen Phospho-Soda";"02626";false;;;;;0;0;false;false;false;true;false
"1321-794";"0010421";"KBAA";"AmBisome";"00794";false;;;;;0;0;false;false;false;true;false
"28779-4150";"0015966";"QCBDA";"Vibrocil";"04150";false;;;;;0;0;false;false;false;true;false
"27599-1818";"0013243";"MDA";"Trisenox";"01818";false;;;;;0;0;false;false;false;true;false
"42747-2485";"0003111";"CECBC";"Macrogol + Electrolytes AB";"02485";false;;;;;0;0;false;false;false;true;false
"42762-612";"0000190";"AADI";"Olmesartan / Amlodipine / HCT EG";"00612";false;;;"D";"D";0;0;false;false;false;true;false
"9555-174";"0012435";"LDAAD";"Estivan";"00174";false;;;;;0;0;false;false;false;true;false
"9753-3269";"0011049";"KDCADA";"Eviplera";"03269";false;;;;;0;0;false;false;false;true;false
"33019-3269";"0020339";"KDCGA";"Genvoya";"03269";false;;;;;0;0;false;false;false;true;false
"48124-570";"8905119";"LCBBHB";"Omvoh";"00570";true;;;;;0;0;false;false;false;true;false
"33761-3269";"8901001";"MBCBA";"Imatinib Accord";"03269";false;;;;;0;0;false;false;false;true;false
"33746-3269";"0011049";"KDCADA";"Odefsey";"03269";false;;;;;0;0;false;false;false;true;false
"32029-3269";"0019521";"DCCA";"Ofev";"03269";false;;;;;0;0;false;false;false;true;false
"1479-1289";"0000729";"AFAA";"Amlor";"01289";false;;;;;0;0;false;false;false;true;false
"6973-885";"0006437";"HBAA";"Dafalgan";"00885";false;;;;;0;0;false;false;false;true;false
"4234-3269";"0019794";"MABCB";"Capecitabine Accord";"03269";false;;;;;0;0;false;false;false;true;false
"2634-1529";"0006247";"GBBA";"Avodart";"01529";false;;;;;0;0;false;false;false;true;false
"38349-2360";"0018671";"TCA";"Spascupreel";"02360";false;;;;;0;0;false;false;false;true;false
"30775-3269";"0020339";"KDCGA";"Triumeq";"03269";false;;;;;0;0;false;false;false;true;false
"1388-612";"0007880";"JBCA";"Amisulpride EG";"00612";false;;;;;0;0;false;false;false;true;false
"42770-1289";"0000190";"AADI";"Olmesartan / Amlodipin / HCT Viatris";"01289";false;;;"D";"D";0;0;false;false;false;true;false
"6411-1404";"0008615";"JFDA";"Comtan";"01404";false;;;;;0;0;false;false;false;true;false
"13003-612";"0014472";"OFBB";"Inderm";"00612";false;;;;;0;0;false;false;false;true;false
"29090-711";"0020941";"NBCB";"Vitalipid Novum";"00711";false;;;;;0;0;false;false;false;true;false
"22913-59";"0028415";"PBCA";"Relestat";"00059";false;;;;;0;0;false;false;false;true;false
"38646-3269";"0020339";"KDCGA";"Symtuza";"03269";false;;;;;0;0;false;false;false;true;false
"32474-3269";"0017111";"MAADC";"Temozolomide Accord";"03269";false;;;;;0;0;false;false;false;true;false
"15495-1529";"0005728";"FCCA";"Livial";"01529";false;;;"A";"A";0;0;false;false;false;true;false
"48926-2360";"0018671";"TCA";"Diarrheel";"02360";false;;;;;0;0;false;false;false;true;false
"38935-3269";"8903254";"LCBDCA";"Mavenclad";"03269";false;;;;;0;0;false;false;false;true;false
"3277-3418";"0004820";"MEDC";"Bicalutamide EG";"03418";false;;;;;0;0;false;false;false;true;false
"398-1354";"0005702";"FCBAA";"Activelle";"01354";false;;;;;0;0;false;false;false;true;false
"9589-1354";"0005595";"FCAAA";"Estrofem";"01354";false;;;;;0;0;false;false;false;true;false
"14241-1354";"0005702";"FCBAA";"Kliogest";"01354";false;;;;;0;0;false;false;false;true;false
"42796-3400";"0016485";"TBA";"Cuprior";"03400";false;;;;;0;0;false;false;false;true;false
"42846-1818";"0004739";"MEBA";"Fulvestrant Teva";"01818";false;;;"AO";"AO";0;0;false;false;false;true;false
"29710-299";"0005363";"FBAAD";"Yasminelle";"00299";false;;;;;0;0;false;false;false;true;false
"37598-760";"0005363";"FBAAD";"Drosana 20";"00760";false;;;;;0;0;false;false;false;true;false
"42812-1347";"0016782";"PIAA";"Beovu";"01347";false;;;;;0;0;false;false;false;true;false
"11171-1289";"0002048";"BABBABB";"Fraxiparine";"01289";false;;;;;0;0;false;false;false;true;false
"10090-3160";"0005702";"FCBAA";"Femoston";"03160";false;;;;;0;0;false;false;false;true;false
"42838-1289";"0011072";"KDCBB";"Darunavir Viatris";"01289";false;;;;;0;0;false;false;false;true;false
"42820-3269";"8900565";"MBCAA";"Lorviqua";"03269";false;;;;;0;0;false;false;false;true;false
"9373-182";"0009811";"KABAA";"Erythrocine";"00182";false;;;;;0;0;false;false;false;true;false
"10090-885";"0005702";"FCBAA";"Femoston";"00885";false;;;;;0;0;false;false;false;true;false
"32391-3269";"0025262";"EAGA";"Trulicity";"03269";false;;;;;0;0;false;false;false;true;false
"7419-760";"0005355";"FBAAC";"Desorelle 20";"00760";false;;;;;0;0;false;false;false;true;false
"15966-1446";"0005348";"FBAAB";"Lowette";"01446";false;;;;;0;0;false;false;false;true;false
"17004-299";"0005348";"FBAAB";"Microgynon 20";"00299";false;;;;;0;0;false;false;false;true;false
"19117-3103";"0005348";"FBAAB";"Noranelle 20/100";"03103";false;;;;;0;0;false;false;false;true;false
"29702-299";"0005363";"FBAAD";"Yasmin";"00299";false;;;;;0;0;false;false;false;true;false
"17012-299";"0005348";"FBAAB";"Microgynon 30";"00299";false;;;;;0;0;false;false;false;true;false
"10470-1164";"0007054";"IABAA";"Flexium";"01164";false;;;;;0;0;false;false;false;true;false
"19091-760";"0005348";"FBAAB";"Levorichter 30";"00760";false;;;;;0;0;false;false;false;true;false
"25163-1446";"0005348";"FBAAB";"Stediril-30";"01446";false;;;;;0;0;false;false;false;true;false
"13847-1263";"0025445";"EAJC";"Janumet";"01263";false;;;;;0;0;false;false;false;true;false
"12906-3491";"0005520";"FBBDA";"Implanon";"03491";false;;;;;0;0;false;false;false;true;false
"29660-1909";"0008359";"JDBC";"Xyrem";"01909";false;;;;;0;0;false;false;true;true;false
"29876-2915";"0008854";"JGCAA";"Zarontin";"02915";false;;;;;0;0;false;false;false;true;false
"25551-2295";"0014753";"ONBA";"Suprasorb H";"02295";false;;;;;0;0;false;false;false;true;false
"489-3269";"8906083";"MBBA";"Adcetris";"03269";false;;;;;0;0;true;false;false;true;false
"5223-3418";"0019448";"GCAC";"Cialis";"03418";false;;;;;0;0;false;false;false;true;false
"21949-3418";"0021295";"LABFB";"Prevenar 13";"03418";false;;;;;0;0;false;false;false;true;false
"29538-3418";"0020271";"EBCA";"Xenical";"03418";false;;;;;0;0;false;false;false;true;false
"40519-3269";"8900623";"MBCEA";"Verzenios";"03269";false;;;;;0;0;false;false;false;true;false
"12138-1446";"0005355";"FBAAC";"Harmonet";"01446";false;;;;;0;0;false;false;false;true;false
"16501-299";"0005355";"FBAAC";"Meliane";"00299";false;;;;;0;0;false;false;false;true;false
"11676-760";"0005355";"FBAAC";"Lindynette 20";"00760";false;;;;;0;0;false;false;false;true;false
"11684-760";"0005355";"FBAAC";"Lindynette 30";"00760";false;;;;;0;0;false;false;false;true;false
"17327-1446";"0005355";"FBAAC";"Minulet";"01446";false;;;;;0;0;false;false;false;true;false
"10082-299";"0005355";"FBAAC";"Femodene";"00299";false;;;;;0;0;false;false;false;true;false
"7427-760";"0005355";"FBAAC";"Desorelle 30";"00760";false;;;;;0;0;false;false;false;true;false
"16683-3491";"0005355";"FBAAC";"Mercilon";"03491";false;;;;;0;0;false;false;false;true;false
"50229-299";"0016485";"TBA";"Beyonttra";"00299";true;;;;;0;0;false;false;false;true;false
"9308-1818";"0013094";"MADBA";"Eposin";"01818";false;;;;;0;0;false;false;false;true;false
"28811-1560";"0015982";"QCCA";"Vicks Vaporub";"01560";false;;;;;0;0;false;false;false;true;false
"4978-1347";"8902595";"LCAFAA";"Certican";"01347";false;;;;;0;0;false;false;false;true;false
"2063-1446";"0017038";"MECB";"Aromasin";"01446";false;;;"AO";"AO";0;0;false;false;false;true;false
"10000-1800";"0002279";"BBAH";"Feiba";"01800";false;;;;;0;0;false;false;false;true;false
"8763-2428";"0001388";"AIBA";"Effortil";"02428";false;;;"S";"S";0;0;false;false;false;true;false
"42879-2360";"0018671";"TCA";"Vinceel";"02360";false;;;;;0;0;false;false;false;true;false
"42887-554";"0002030";"BABBABA";"Ghemaxan";"00554";false;;;;;0;0;false;false;false;true;false
"42895-711";"0012666";"MAACC";"Oxaliplatine Fresenius Kabi";"00711";false;;;;;0;0;false;false;false;true;false
"42820-1446";"8900565";"MBCAA";"Lorviqua";"01446";false;;;;;0;0;false;false;false;true;false
"28639-604";"0013094";"MADBA";"Vepesid";"00604";false;;;;;0;0;false;false;false;true;false
"22129-398";"0016303";"SBA";"ProHance";"00398";false;;;;;0;0;false;false;false;true;false
"13946-1982";"0015800";"QCADA";"Kaloban";"01982";false;;;;;0;0;false;false;false;true;false
"1412-1636";"0000729";"AFAA";"Amlodipin Sandoz";"01636";false;;;;;0;0;false;false;false;true;false
"1461-1743";"0000729";"AFAA";"Amlogal";"01743";false;;;;;0;0;false;false;false;true;false
"6445-513";"0002261";"BBAG";"Confidex";"00513";false;;;;;0;0;false;false;false;true;false
"23242-1347";"0017509";"BCBB";"Revolade";"01347";false;;;;;0;0;false;false;false;true;false
"9878-1347";"0000190";"AADI";"Exforge HCT";"01347";false;;;"D";"D";0;0;false;false;false;true;false
"15362-1289";"0001636";"ALBC";"Lipanthyl";"01289";false;;;;;0;0;false;false;false;true;false
"10173-3244";"0017731";"RABB";"Fentanyl-Piramal";"03244";false;;;"N";"N";0;0;false;false;true;true;false
"10181-612";"0006601";"HCAB";"Fentanyl EG";"00612";false;;;"N";"N";0;0;false;false;true;true;false
"42937-3426";"0016485";"TBA";"Nitisinone Dipharma";"03426";false;;;;;0;0;false;false;false;true;false
"22434-1024";"0016485";"TBA";"Pulmolast";"01024";false;;;;;0;0;false;false;false;true;false
"1453-1818";"0000729";"AFAA";"Amlodipine Teva";"01818";false;;;;;0;0;false;false;false;true;false
"17525-612";"0014407";"OEA";"Mobilat";"00612";false;;;;;0;0;false;false;false;true;false
"42952-794";"8901472";"KDGB";"Veklury";"00794";false;;;;;0;0;false;false;false;true;false
"23168-1800";"0013466";"CEEA";"Resolor";"01800";false;;;;;0;0;false;false;false;true;false
"42945-2659";"0016485";"TBA";"Crysvita";"02659";false;;;;;0;0;true;false;false;true;false
"16287-1289";"0017418";"BABAAB";"Marcoumar";"01289";false;;;;;0;0;false;false;false;true;false
"16345-4580";"0006601";"HCAB";"Matrifen";"04580";false;;;"N";"N";0;0;false;false;true;true;false
"14126-3418";"0008771";"JGACA";"Keppra";"03418";false;;;;;0;0;false;false;false;true;false
"48967-1651";"8902165";"MBCGA";"Vanflyta";"01651";true;;;;;0;0;false;false;false;true;false
"50237-117";"0020222";"JBBAB";"Droperidol Aguettant";"00117";false;;;;;0;0;false;false;false;true;false
"42960-2303";"0000190";"AADI";"Olmesartan / Amlodipine / HCTZ Krka";"02303";false;;;"D";"D";0;0;false;false;false;true;false
"15545-745";"0014068";"OACA";"Loceryl";"00745";false;;;;;0;0;false;false;false;true;false
"18143-1826";"0015305";"PCE";"Mydriasert";"01826";false;;;;;0;0;false;false;false;true;false
"26658-1867";"0004077";"DBBDA";"Thymoseptine";"01867";false;;;;;0;0;false;false;false;true;false
"26146-3624";"0012443";"LDAAE";"Telfast";"03624";false;;;;;0;0;false;false;false;true;false
"18705-190";"0017517";"BCCA";"Neupogen";"00190";false;;;;;0;0;false;false;false;true;false
"26559-1818";"0017517";"BCCA";"Tevagrastim";"01818";false;;;;;0;0;false;false;false;true;false
"42994-1636";"0010447";"KBBA";"Anidulafungin Sandoz";"01636";false;;;;;0;0;false;false;false;true;false
"42986-1636";"0006270";"GBCA";"Dutasteride / Tamsulosine Sandoz";"01636";false;;;;;0;0;false;false;false;true;false
"43000-315";"0005942";"FFAA";"Dimetrum";"00315";false;;;;;0;0;false;false;false;true;false
"12187-1289";"0009845";"KABBB";"Heliclar";"01289";false;;;;;0;0;false;false;false;true;false
"1032-3624";"0012443";"LDAAE";"Allegra Tab";"03624";false;;;;;0;0;false;false;false;true;false
"25148-1891";"0009498";"KAAABA";"Staphycid";"01891";false;;;;;0;0;false;false;false;true;false
"20701-2022";"0015693";"QADA";"Panotile";"02022";false;;;"c";"c";0;0;false;false;false;true;false
"1719-604";"0019356";"TAAIA";"Anexate";"00604";false;;;;;0;0;false;false;false;true;false
"10694-265";"0019356";"TAAIA";"Flumazenil B. Braun";"00265";false;;;;;0;0;false;false;false;true;false
"32870-3269";"0025395";"EBAA";"Saxenda";"03269";false;;;;;0;0;false;false;false;true;false
"10629-1636";"0010462";"KBCA";"Fluconazole Sandoz";"01636";false;;;;;0;0;false;false;false;true;false
"10637-1818";"0010462";"KBCA";"Fluconazole Teva";"01818";false;;;;;0;0;false;false;false;true;false
"48975-2055";"0015800";"QCADA";"Echinaforcemed";"02055";false;;;;;0;0;false;false;false;true;false
"43059-1818";"0007054";"IABAA";"Kinespir";"01818";false;;;;;0;0;false;false;false;true;false
"10660-1818";"0012781";"MABBC";"Fludarabine Teva";"01818";false;;;;;0;0;false;false;false;true;false
"43067-1818";"0010504";"KBCE";"Posaconazole Teva";"01818";false;;;;;0;0;false;false;false;true;false
"10546-1073";"0020305";"JBABA";"Fluanxol";"01073";false;;;;;0;0;false;false;false;true;false
"25742-1289";"0001222";"AHCCA";"Tambocor";"01289";false;;;;;0;0;false;false;false;true;false
"10769-273";"0015537";"PGA";"Minims Natriumfluoresceine";"00273";false;;;;;0;0;false;false;false;true;false
"10751-2428";"0015537";"PGA";"Fluoresceine Faure";"02428";false;;;;;0;0;false;false;false;true;false
"5579-828";"0009530";"KAAACA";"Clamoxyl";"00828";false;;;;;0;0;false;false;false;true;false
"14621-2097";"0000463";"ADABB";"Lasix";"02097";false;;;"D";"D";0;0;false;false;false;true;false
"11288-182";"8002685";"KEGABA";"Fucithalmic";"00182";false;;;;;0;0;false;false;false;true;false
"11262-1040";"8900375";"OABAA";"Fucidin";"01040";false;;;;;0;0;false;false;false;true;false
"14274-604";"0002337";"NBADA";"Konakion";"00604";false;;;;;0;0;false;false;false;true;false
"11320-612";"0000463";"ADABB";"Furosemide EG";"00612";false;;;"D";"D";0;0;false;false;false;true;false
"10603-1289";"0010462";"KBCA";"Fluconazole Viatris";"01289";false;;;;;0;0;false;false;false;true;false
"10801-612";"0008185";"JCAAC";"Fluoxetine EG";"00612";false;;;;;0;0;false;false;false;true;false
"43075-3475";"0016147";"RBC";"Ropivacaine Readyfusor";"03475";false;;;;;0;0;false;false;false;true;false
"27714-2162";"0016345";"SCA";"Tuberculin PPD RT23 SSI";"02162";false;;;;;0;0;false;false;false;true;false
"12898-2097";"0011270";"LAAAA";"Imovax Polio";"02097";false;;;;;0;0;false;false;false;true;false
"10967-59";"0015149";"PBAA";"FML Liquifilm";"00059";false;;;"c";"c";0;0;false;false;false;true;false
"8789-1289";"0014928";"OMG";"Efudix";"01289";false;;;;;0;0;false;false;false;true;false
"29017-1826";"0015115";"PADA";"Virgan";"01826";false;;;;;0;0;false;false;false;true;false
"6825-604";"8900227";"KDFA";"Cymevene";"00604";false;;;;;0;0;false;false;false;true;false
"50252-489";"0014704";"OKA";"Pasta Zinci Oxydi Conforma";"00489";false;;;;;0;0;false;false;false;true;false
"22186-661";"0005777";"FDAA";"Propess";"00661";false;;;;;0;0;false;false;false;true;false
"23598-596";"0021055";"RAFA";"Robinul";"00596";false;;;;;0;0;false;false;false;true;false
"23606-596";"0021048";"RADA";"Robinul-Neostigmine";"00596";false;;;;;0;0;false;false;false;true;false
"11783-1636";"0004366";"EACC";"Glimepiride Sandoz";"01636";false;;;;;0;0;false;false;false;true;false
"11833-1354";"0004531";"TAAFA";"GlucaGen";"01354";false;;;;;0;0;false;false;false;true;false
"25155-1289";"0007591";"JAAK";"Staurodorm";"01289";false;;;;;0;0;false;false;false;true;false
"25049-372";"0003657";"DABBC";"Spiriva";"00372";false;;;;;0;0;false;false;false;true;false
"8532-2428";"0009977";"KAIB";"Duracoll";"02428";false;;;;;0;0;false;false;false;true;false
"43091-3483";"8901530";"ANH";"Remodulin";"03483";false;;;;;0;0;false;false;false;true;false
"27870-1164";"0016840";"NADB";"Ultra-K";"01164";false;;;;;0;0;false;false;false;true;false
"28571-1818";"0008144";"JCBBB";"Venlafaxine Teva";"01818";false;;;;;0;0;false;false;false;true;false
"12229-1040";"0002006";"BABBAAA";"Heparine Leo";"01040";false;;;;;0;0;false;false;false;true;false
"50245-489";"0014704";"OKA";"Pasta Zinci Oxydi Salicylata Conforma";"00489";false;;;;;0;0;false;false;false;true;false
"919-1602";"0007070";"IABBA";"Algipan";"01602";false;;;;;0;0;false;false;false;true;false
"448-1354";"0004218";"EAABA";"Actrapid";"01354";false;;;"H";"H";0;0;false;false;false;true;false
"22772-604";"0016139";"RBA";"Rapydan";"00604";false;;;;;0;0;false;false;false;true;false
"3087-513";"0016485";"TBA";"Berinert";"00513";false;;;;;0;0;false;false;false;true;false
"12302-943";"0016030";"QDBA";"Hextril";"00943";false;;;;;0;0;false;false;false;true;false
"44677-2485";"0007948";"JBDE";"Olanzapine AB";"02485";false;;;;;0;0;false;false;false;true;false
"10314-661";"0017657";"EDGB";"Firmagon";"00661";false;;;;;0;0;false;false;false;true;false
"49361-67";"8901001";"MBCBA";"Nilotinib Accord";"00067";false;;;;;0;0;false;false;false;true;false
"6304-1933";"0016030";"QDBA";"Colludol";"01933";false;;;;;0;0;false;false;false;true;false
"49510-828";"8900706";"MBCLA";"Omjjara";"00828";true;;;;;0;0;true;false;false;true;false
"10306-1800";"0016485";"TBA";"Firazyr";"01800";false;;;;;0;0;false;false;false;true;false
"12237-265";"0002006";"BABBAAA";"Heparine Natrium B. Braun";"00265";false;;;;;0;0;false;false;false;true;false
"15354-2006";"0014142";"OADC";"Lipactin";"02006";false;;;;;0;0;false;false;false;true;false
"7021-943";"0014340";"OBEB";"Daktacort";"00943";false;;;"c";"c";0;0;false;false;false;true;false
"26450-1446";"0014332";"OBEA";"Terra-Cortril";"01446";false;;;"c";"c";0;0;false;false;false;true;false
"43117-3210";"0016782";"PIAA";"Iluvien";"03210";false;;;"c";"c";0;0;false;false;false;true;false
"12443-570";"0004283";"EAAEAA";"Humuline 30/70";"00570";false;;;"H";"H";0;0;false;false;false;true;false
"24562-2626";"0017079";"GBAB";"Silodyx";"02626";false;;;;;0;0;false;false;false;true;false
"7443-273";"0015024";"PAAA";"Desomedine";"00273";false;;;;;0;0;false;false;false;true;false
"43125-1172";"8901761";"ABDA";"Ranexa";"01172";false;;;;;0;0;false;false;false;true;false
"31757-1743";"0018200";"NBBHA";"Befact";"01743";false;;;;;0;0;false;false;false;true;false
"12641-612";"0007294";"IEBB";"Ibandronate EG";"00612";false;;;;;0;0;false;false;false;true;false
"43158-1636";"0004739";"MEBA";"Fulvestrant Sandoz";"01636";false;;;"AO";"AO";0;0;false;false;false;true;false
"27227-372";"0018887";"EAFB";"Trajenta";"00372";false;;;;;0;0;false;false;false;true;false
"7856-3491";"0014589";"OHBA";"Diprosalic";"03491";false;;;"c";"c";0;0;false;false;false;true;false
"43182-2485";"0001552";"ALAA";"Atorvastatin AB";"02485";false;;;;;0;0;false;false;false;true;false
"32938-372";"0025452";"EAJB";"Synjardy";"00372";false;;;;;0;0;false;false;false;true;false
"30866-3343";"0025858";"LCBAE";"Remsima";"03343";false;;;;;0;0;false;false;false;true;false
"21485-1289";"0009589";"KAAAFA";"Piperacilline / Tazobactam Viatris";"01289";false;;;;;0;0;false;false;false;true;false
"44065-1529";"0025817";"LCBAA";"Yuflyma";"01529";false;;;;;0;0;false;false;false;true;false
"43174-2485";"0001701";"ALDA";"Ezetimib AB";"02485";false;;;;;0;0;false;false;false;true;false
"75-3418";"0007922";"JBDA";"Abilify";"03418";false;;;;;0;0;false;false;false;true;false
"2725-3418";"0008631";"JFEA";"Azilect";"03418";false;;;;;0;0;false;false;false;true;false
"43190-2014";"0013706";"NBABD";"Vitamine D Will";"02014";false;;;;;0;0;false;false;false;true;false
"13029-1586";"0016360";"SDA";"Verdye";"01586";false;;;;;0;0;false;false;false;true;false
"44586-1941";"0009548";"KAAADA";"Levmentin";"01941";false;;;;;0;0;false;false;false;true;false
"13474-1289";"0001024";"AGBC";"Irbesartan Viatris";"01289";false;;;;;0;0;false;false;false;true;false
"29272-1347";"8900706";"MBCLA";"Votrient";"01347";false;;;;;0;0;false;false;false;true;false
"25338-1610";"0016014";"QDAA";"Strepsils + Lidocaine";"01610";false;;;;;0;0;false;false;false;true;false
"27318-232";"0000653";"AEE";"Trandate";"00232";false;;;"B";"B";0;0;false;false;false;true;false
"43141-794";"8903536";"MCBAA";"Yescarta";"00794";true;;;;;0;0;true;false;false;true;false
"1487-612";"0009548";"KAAADA";"AmoclaneEG";"00612";false;;;;;0;0;false;false;false;true;false
"50807-612";"0009548";"KAAADA";"Amoclane";"00612";false;;;;;0;0;false;false;false;true;false
"9282-1966";"0010934";"KDCABC";"Epivir";"01966";false;;;;;0;0;false;false;false;true;false
"5702-1529";"0002030";"BABBABA";"Clexane";"01529";false;;;;;0;0;false;false;false;true;false
"1263-1826";"0028415";"PBCA";"Altriabak";"01826";false;;;;;0;0;false;false;false;true;false
"695-3285";"8901779";"LDABF";"Agyrax";"03285";false;;;;;0;0;false;false;false;true;false
"16899-1024";"0029132";"IBAA";"Metoject";"01024";false;;;;;0;0;false;false;false;true;false
"8508-4598";"0003061";"CECAA";"Duphalac";"04598";false;;;;;0;0;false;false;false;true;false
"14365-612";"0003061";"CECAA";"Lactulose EG";"00612";false;;;;;0;0;false;false;false;true;false
"32029-372";"0019521";"DCCA";"Ofev";"00372";false;;;;;0;0;false;false;false;true;false
"29918-828";"0016717";"KDDC";"Zeffix";"00828";false;;;;;0;0;false;false;false;true;false
"22327-1040";"0002311";"TAABA";"Protamine Sulfaat Leo";"01040";false;;;;;0;0;false;false;false;true;false
"29587-1347";"8901258";"LDCA";"Xolair";"01347";false;;;;;0;0;false;false;false;true;false
"4044-3780";"0013409";"IEAA";"Calci-Chew";"03780";false;;;;;0;0;false;false;false;true;false
"21998-299";"0016303";"SBA";"Primovist";"00299";false;;;;;0;0;false;false;false;true;false
"9340-1180";"0013201";"MBAA";"Erbitux";"01180";false;;;;;0;0;false;false;false;true;false
"14001-1347";"8905507";"PABC";"Kanavig";"01347";false;;;;;0;0;false;false;false;true;false
"38422-1818";"0000950";"AGAF";"Perindopril Teva";"01818";false;;;;;0;0;false;false;false;true;false
"13813-3590";"0017194";"LAAOA";"Ixiaro";"03590";false;;;;;0;0;false;false;false;true;false
"8904-3491";"0026088";"FEBC";"Elonva";"03491";false;;;;;0;0;false;false;false;true;false
"32334-1347";"0017061";"DAABB";"Onbrez";"01347";false;;;"B2";"B2";0;0;false;false;false;true;false
"19109-117";"0001362";"AIAF";"Noradrenaline (Norepinephrine) Aguettant";"00117";false;;;"S";"S";0;0;false;false;false;true;false
"19133-1784";"0001362";"AIAF";"Norepine";"01784";false;;;"S";"S";0;0;false;false;false;true;false
"32474-67";"0017111";"MAADC";"Temozolomide Accord";"00067";false;;;;;0;0;false;false;false;true;false
"4705-711";"0009746";"KAABDA";"Cefepim Fresenius Kabi";"00711";false;;;;;0;0;false;false;false;true;false
"1263-1529";"0028415";"PBCA";"Altriabak";"01529";false;;;;;0;0;false;false;false;true;false
"9191-1784";"0017269";"AIAD";"Ephedrine HCl Sterop";"01784";false;;;"S";"S";0;0;false;false;false;true;false
"28902-810";"0017251";"IAAFB";"Vimovo";"00810";false;;;;;0;0;false;false;false;true;false
"4002-1784";"0017277";"DCABA";"Cafeine Sterop";"01784";false;;;;;0;0;false;false;false;true;false
"32763-67";"0017517";"BCCA";"Accofil";"00067";false;;;;;0;0;false;false;false;true;false
"22640-3558";"0017186";"LAAHA";"Rabipur";"03558";false;;;;;0;0;false;false;false;true;false
"20156-1776";"0025866";"LDBB";"Oralair";"01776";false;;;;;0;0;false;false;false;true;false
"15479-1065";"0012765";"MABBA";"Litak";"01065";false;;;;;0;0;false;false;false;true;false
"27755-372";"0000174";"AADG";"Twynsta";"00372";false;;;;;0;0;false;false;false;true;false
"24455-1651";"0000190";"AADI";"Sevikar / HCT";"01651";false;;;"D";"D";0;0;false;false;false;true;false
"29611-232";"0016147";"RBC";"Xylocaine met Adrenaline";"00232";false;;;"d";"d";0;0;false;false;false;true;false
"18010-4598";"0017053";"DBBAC";"Mucodox";"04598";false;;;;;0;0;false;false;false;true;false
"11072-1172";"0000190";"AADI";"Forzaten / HCT";"01172";false;;;"D";"D";0;0;false;false;false;true;false
"33225-828";"8901225";"LCBBCB";"Nucala";"00828";false;;;;;0;0;false;false;false;true;false
"29553-935";"0007955";"JBDF";"Xeplion";"00935";false;;;;;0;0;false;false;false;true;false
"41129-1529";"8906737";"ALIB";"Myrosor";"01529";false;;;;;0;0;false;false;false;true;false
"2378-4176";"0012005";"LCAAA";"Grafalon";"04176";false;;;;;0;0;false;false;false;true;false
"11650-265";"0009977";"KAIB";"Gentamycine B. Braun";"00265";false;;;;;0;0;false;false;false;true;false
"23945-927";"0005892";"EDFC";"Salvacyl";"00927";false;;;"Hman";"Hman";0;0;false;false;false;true;false
"33027-1347";"8900680";"MBCIA";"Votubia";"01347";false;;;;;0;0;false;false;false;true;false
"4903-281";"0013094";"MADBA";"Celltop";"00281";false;;;;;0;0;false;false;false;true;false
"9803-4150";"0019901";"HBDD";"Excedryn Migraine & Hoofdpijn";"04150";false;;;;;0;0;false;false;false;true;false
"25601-3491";"0017863";"JBDB";"Sycrest";"03491";false;;;;;0;0;false;false;false;true;false
"12179-3103";"0005363";"FBAAD";"Helen";"03103";false;;;;;0;0;false;false;false;true;false
"2998-760";"0005363";"FBAAD";"Bellina";"00760";false;;;;;0;0;false;false;false;true;false
"8854-406";"0018556";"BABABA";"Eliquis";"00406";false;;;;;0;0;false;false;false;true;false
"4986-2097";"0012948";"MACAA";"Cerubidine";"02097";false;;;;;0;0;false;false;false;true;false
"12864-943";"0017558";"CFCB";"Imodium Duo";"00943";false;;;;;0;0;false;false;false;true;false
"10785-67";"0012823";"MABCE";"Fluorouracil Accord Healthcare";"00067";false;;;;;0;0;false;false;false;true;false
"32169-2402";"0014795";"ONDA";"L-Mesitran";"02402";false;;;;;0;0;false;false;false;true;false
"12377-513";"0011874";"LBAA";"Hizentra";"00513";false;;;;;0;0;false;false;false;true;false
"10116-4150";"0012427";"LDABC";"Fenistil";"04150";false;;;;;0;0;false;false;false;true;false
"13144-562";"0018754";"JGCDA";"Inovelon";"00562";false;;;;;0;0;false;false;false;true;false
"15560-1289";"0000844";"AFBA";"Lodixal";"01289";false;;;;;0;0;false;false;false;true;false
"8748-1289";"0008144";"JCBBB";"Efexor";"01289";false;;;;;0;0;false;false;false;true;false
"49015-174";"8905473";"LCBBFA";"Ebglyss";"00174";true;;;;;0;0;false;false;false;true;false
"26849-2444";"0015396";"PDBC";"Timoptolgel";"02444";false;;;"B";"B";0;0;false;false;false;true;false
"25809-612";"0006213";"GBAC";"Tamsulosine EG";"00612";false;;;;;0;0;false;false;false;true;false
"19901-240";"0006213";"GBAC";"Omic";"00240";false;;;;;0;0;false;false;false;true;false
"570-240";"8902579";"LCADBA";"Advagraf";"00240";false;;;;;0;0;false;false;false;true;false
"19901-1529";"0006213";"GBAC";"Omic";"01529";false;;;;;0;0;false;false;false;true;false
"22749-2485";"0006213";"GBAC";"Ranomax";"02485";false;;;;;0;0;false;false;false;true;false
"25833-1636";"0006213";"GBAC";"Tamsulosine Sandoz";"01636";false;;;;;0;0;false;false;false;true;false
"25841-1818";"0006213";"GBAC";"Tamsulosine Teva";"01818";false;;;;;0;0;false;false;false;true;false
"25825-1289";"0006213";"GBAC";"Tamsulosine Viatris";"01289";false;;;;;0;0;false;false;false;true;false
"27300-1743";"0006619";"HCAM";"Tramium";"01743";false;;;"N";"N";0;0;false;false;false;true;false
"28555-612";"0008144";"JCBBB";"Venlafaxine EG";"00612";false;;;;;0;0;false;false;false;true;false
"5595-299";"0015784";"QCABA";"Clarinase";"00299";false;;;"S";"S";0;0;false;false;false;true;false
"17343-372";"0008573";"JFCC";"Mirapexin";"00372";false;;;;;0;0;false;false;false;true;false
"24364-3418";"0007963";"JBDG";"Seroquel";"03418";false;;;;;0;0;false;false;false;true;false
"20479-1636";"0006676";"HCAH";"Oxycodon Sandoz";"01636";false;;;"N";"N";0;0;false;false;true;true;false
"30445-4150";"0014142";"OADC";"Zovirax Duo";"04150";false;;;"c";"c";0;0;false;false;false;true;false
"27060-3756";"0001461";"AJB";"Torental";"03756";false;;;;;0;0;false;false;false;true;false
"37655-2303";"0009845";"KABBB";"Clarithromycin Krka";"02303";false;;;;;0;0;false;false;false;true;false
"37689-1636";"0006247";"GBBA";"Dutasteride Sandoz";"01636";false;;;;;0;0;false;false;false;true;false
"30528-935";"0017798";"MEDA";"Zytiga";"00935";false;;;;;0;0;false;false;false;true;false
"25106-1305";"0007054";"IABAA";"Sportflex";"01305";false;;;;;0;0;false;false;false;true;false
"38364-59";"0028431";"KDED";"Maviret";"00059";false;;;;;0;0;false;false;false;true;false
"18036-398";"0016303";"SBA";"MultiHance";"00398";false;;;;;0;0;false;false;false;true;false
"14308-1024";"0002923";"CDBA";"Kytril";"01024";false;;;;;0;0;false;false;false;true;false
"13011-273";"0015164";"PBBA";"Indocollyre";"00273";false;;;;;0;0;false;false;false;true;false
"38414-752";"0016360";"SDA";"Rapiscan";"00752";false;;;;;0;0;false;false;false;true;false
"37630-612";"0001578";"ALAB";"Pravastatine EG";"00612";false;;;;;0;0;false;false;false;true;false
"37663-2626";"0013201";"MBAA";"Qarziba";"02626";true;;;;;0;0;true;false;false;true;false
"37614-1289";"0028381";"KDDD";"Tenofovir Disoproxil Viatris";"01289";false;;;;;0;0;false;false;false;true;false
"38521-1321";"0017889";"CEHA";"Plenvu";"01321";false;;;;;0;0;false;false;false;true;false
"38687-1982";"0018671";"TCA";"Mama Natura Gastro";"01982";false;;;;;0;0;false;false;false;true;false
"38695-2360";"0018671";"TCA";"Engystol";"02360";false;;;;;0;0;false;false;false;true;false
"38737-455";"0028613";"DAFA";"Trimbow";"00455";false;;;"c";"c";0;0;false;false;false;true;false
"38794-2949";"0018671";"TCA";"2Lebv";"02949";false;;;;;0;0;false;false;false;true;false
"38851-2360";"0018671";"TCA";"Luffa-Heel";"02360";false;;;;;0;0;false;false;false;true;false
"9654-3418";"0025445";"EAJC";"Eucreas";"03418";false;;;;;0;0;false;false;false;true;false
"38844-331";"0016485";"TBA";"Spinraza";"00331";false;;;;;0;0;true;false;false;true;false
"38513-1628";"8902215";"MCAB";"Tecentriq";"01628";false;;;;;0;0;false;false;false;true;false
"34256-661";"0026419";"FEBF";"Rekovelle";"00661";false;;;;;0;0;false;false;false;true;false
"39206-2303";"0000323";"ABCA";"Ivabradine Krka";"02303";false;;;;;0;0;false;false;false;true;false
"39396-2360";"0018671";"TCA";"Colocynthis-Homaccord";"02360";false;;;;;0;0;false;false;false;true;false
"39966-2469";"0005348";"FBAAB";"Levesialle Continu 20";"02469";false;;;;;0;0;false;false;false;true;false
"41095-1446";"8906083";"MBBA";"Besponsa";"01446";false;;;;;0;0;true;false;false;true;false
"39214-828";"0028613";"DAFA";"Trelegy";"00828";false;;;"c";"c";0;0;false;false;false;true;false
"39883-2303";"0011049";"KDCADA";"Emtricitabine / Tenofovir disoproxil Krka";"02303";false;;;;;0;0;false;false;false;true;false
"50260-3343";"0017236";"IEEAA";"Stoboclo";"03343";true;;;;;0;0;false;false;false;true;false
"21147-661";"0003442";"CGCA";"Pentasa";"00661";false;;;;;0;0;false;false;false;true;false
"40188-2303";"0006882";"IAABD";"Naproxen Krka";"02303";false;;;;;0;0;false;false;false;true;false
"40147-1446";"0028829";"KAABCD";"Zavicefta";"01446";false;;;;;0;0;false;false;false;true;false
"39990-3285";"0003343";"CFBA";"Sacchiflora";"03285";false;;;;;0;0;false;false;false;true;false
"29777-299";"0010579";"KCAC";"Yomesan";"00299";false;;;;;0;0;false;false;false;true;false
"50278-3343";"0016782";"PIAA";"Eydenzelt";"03343";true;;;;;0;0;false;false;false;true;false
"40162-1800";"0002246";"BBAB";"Adynovi";"01800";true;;;;;0;0;false;false;false;true;false
"40261-1818";"0007955";"JBDF";"Paliperidone Teva";"01818";false;;;;;0;0;false;false;false;true;false
"40238-1636";"0025858";"LCBAE";"Zessly";"01636";false;;;;;0;0;false;false;false;true;false
"39958-2428";"0028720";"CFEA";"Xermelo";"02428";false;;;;;0;0;true;false;false;true;false
"44099-67";"0013201";"MBAA";"Zercepac";"00067";true;;;;;0;0;false;false;false;true;false
"40220-2303";"0011049";"KDCADA";"Efavirenz / Emtricitabine / Tenofovir disoproxil Krka";"02303";false;;;;;0;0;false;false;false;true;false
"40246-1966";"0020339";"KDCGA";"Juluca";"01966";false;;;;;0;0;false;false;false;true;false
"40287-2360";"0018671";"TCA";"Cralonin";"02360";false;;;;;0;0;false;false;false;true;false
"25908-1271";"8906109";"HCCA";"Targinact";"01271";false;;;"N";"N";0;0;false;false;true;true;false
"3665-257";"0018820";"BAABBB";"Brilique";"00257";false;;;;;0;0;false;false;false;true;false
"40907-3103";"0006122";"GAAG";"Pelvicare";"03103";false;;;;;0;0;false;false;false;true;false
"8870-1396";"0005553";"FBDB";"EllaOne";"01396";false;;;;;0;0;false;false;false;true;false
"49056-315";"0004804";"EDDB";"Testosterone Besins";"00315";false;;;"A";"A";0;0;false;false;false;true;false
"20156-3418";"0025866";"LDBB";"Oralair";"03418";false;;;;;0;0;false;false;false;true;false
"41319-1636";"8900649";"MBCFA";"Gefitinib Sandoz";"01636";false;;;;;0;0;false;false;false;true;false
"40717-3921";"0014068";"OACA";"Amorolfine Schollmedical";"03921";false;;;;;0;0;false;false;false;true;false
"41079-1404";"0003780";"DAEA";"Flutisamix";"01404";false;;;"c";"c";0;0;false;false;false;true;false
"6593-2444";"0025999";"PDFC";"Cosopt";"02444";false;;;"B";"B";0;0;false;false;false;true;false
"41467-1966";"0020339";"KDCGA";"Dovato";"01966";false;;;;;0;0;false;false;false;true;false
"41475-1818";"0029116";"GAAB";"Tovedeso";"01818";false;;;;;0;0;false;false;false;true;false
"41483-1354";"0002253";"BBAE";"Refixia";"01354";true;;;;;0;0;false;false;false;true;false
"31153-1396";"0004093";"DBCA";"Bronchostop Duo";"01396";false;;;;;0;0;false;false;false;true;false
"41517-612";"0003780";"DAEA";"Flutisacombo";"00612";false;;;"c";"c";0;0;false;false;false;true;false
"41533-2303";"0000174";"AADG";"Amlodipine / Valsartan Krka";"02303";false;;;;;0;0;false;false;false;true;false
"2725-1529";"0008631";"JFEA";"Azilect";"01529";false;;;;;0;0;false;false;false;true;false
"41574-2485";"0006981";"IAADA";"Celecoxib AB";"02485";false;;;;;0;0;false;false;false;true;false
"41491-2485";"0017855";"ICBB";"Febuxostat AB";"02485";false;;;;;0;0;false;false;false;true;false
"6973-4614";"0006437";"HBAA";"Dafalgan";"04614";false;;;;;0;0;false;false;false;true;false
"1958-2253";"0014779";"ONCA";"Aquacel-Ag";"02253";false;;;;;0;0;false;false;false;true;false
"49379-711";"0019752";"MABCA";"Azacitidine Kabi";"00711";false;;;;;0;0;false;false;false;true;false
"49387-4655";"8905572";"ONGA";"Cutimed Sorbact";"04655";false;;;;;0;0;false;false;false;true;false
"1131-3418";"0009175";"JIAAA";"Almogran";"03418";false;;;;;0;0;false;false;false;true;false
"49403-2402";"0014753";"ONBA";"Kliniderm Hydro";"02402";false;;;;;0;0;false;false;false;true;false
"41590-2097";"8906737";"ALIB";"Suvezen";"02097";false;;;;;0;0;false;false;false;true;false
"22392-3756";"0008342";"JDBB";"Provigil";"03756";false;;;"S";"S";0;0;false;false;false;true;false
"41608-3103";"0013680";"NBABB";"Defediol";"03103";false;;;;;0;0;false;false;false;true;false
"41632-1982";"0018101";"JADC";"Laseaxan";"01982";false;;;;;0;0;false;false;false;true;false
"41673-3087";"8900185";"ONIA";"Medihoney";"03087";false;;;;;0;0;false;false;false;true;false
"41640-1446";"8901027";"KBCB";"Cresemba";"01446";false;;;;;0;0;true;false;false;true;false
"646-2014";"8000713";"KECBBAA";"Affusine";"02014";false;;;;;0;0;false;false;false;true;false
"11270-1040";"0014332";"OBEA";"Fucidin Hydrocortisone";"01040";false;;;"c";"c";0;0;false;false;false;true;false
"50286-67";"8900706";"MBCLA";"Pazopanib Accord";"00067";false;;;;;0;0;false;false;false;true;false
"8177-2014";"0020644";"FCGA";"Donnafyta Meno";"02014";false;;;;;0;0;false;false;false;true;false
"14498-604";"0000364";"ACAB";"Lanitop";"00604";false;;;;;0;0;false;false;false;true;false
"41616-1446";"8900193";"RAAA";"Vesierra";"01446";false;;;;;0;0;false;true;false;true;false
"41582-3103";"0005355";"FBAAC";"Desolina 30";"03103";false;;;;;0;0;false;false;false;true;false
"41624-3202";"0016485";"TBA";"Onpattro";"03202";false;;;;;0;0;true;false;false;true;false
"41665-2311";"8900235";"AIAB";"Reverpleg";"02311";false;;;;;0;0;false;false;false;true;false
"12575-1982";"0008235";"JCGA";"Hyperiplant";"01982";false;;;;;0;0;false;false;false;true;false
"11809-1347";"8901001";"MBCBA";"Glivec";"01347";false;;;;;0;0;false;false;false;true;false
"10678-1701";"0000430";"ADAAB";"Fludex";"01701";false;;;"D";"D";0;0;false;false;false;true;false
"20040-1818";"0002931";"CDBB";"Ondansetron Teva";"01818";false;;;;;0;0;false;false;false;true;false
"802-1289";"0018051";"OLA";"Aldara";"01289";false;;;;;0;0;false;false;false;true;false
"41749-1263";"0011049";"KDCADA";"Delstrigo";"01263";false;;;;;0;0;false;false;false;true;false
"41731-1263";"8900300";"KDCACA";"Pifeltro";"01263";false;;;;;0;0;false;false;false;true;false
"12492-604";"0012914";"MABDA";"Hydrea";"00604";false;;;;;0;0;false;false;false;true;false
"49114-3343";"0016733";"LCBBEA";"Steqeyma";"03343";true;;;;;0;0;false;false;false;true;false
"19422-1263";"0010504";"KBCE";"Noxafil";"01263";false;;;;;0;0;false;false;false;true;false
"26476-1446";"0013995";"OABAC";"Terramycine + Polymyxine B";"01446";false;;;;;0;0;false;false;false;true;false
"13383-2485";"0002584";"CAABD";"Ippracid";"02485";false;;;;;0;0;false;false;false;true;false
"20727-1818";"0002584";"CAABD";"Pantogastrix";"01818";false;;;;;0;0;false;false;false;true;false
"15503-943";"0028415";"PBCA";"Livostin";"00943";false;;;;;0;0;false;false;false;true;false
"16139-3624";"0002584";"CAABD";"Maalox Control";"03624";false;;;;;0;0;false;false;false;true;false
"41566-2428";"8901019";"TABFA";"Fomepizole Serb";"02428";false;;;;;0;0;false;false;false;true;false
"46789-1370";"0011874";"LBAA";"Cutaquig";"01370";false;;;;;0;0;false;false;false;true;false
"41756-612";"0000174";"AADG";"Amlodipine / Valsartan EG";"00612";false;;;;;0;0;false;false;false;true;false
"42077-1289";"0005637";"FCACA";"Oekolp";"01289";false;;;;;0;0;false;false;false;true;false
"50294-3343";"0017236";"IEEAA";"Osenvelt";"03343";true;;;;;0;0;false;false;false;true;false
"14860-1636";"0000778";"AFAD";"Lercanidipin Sandoz";"01636";false;;;;;0;0;false;false;false;true;false
"24612-1529";"0001594";"ALAD";"Simvastatine EG";"01529";false;;;;;0;0;false;false;false;true;false
"24372-828";"0008201";"JCAAE";"Seroxat";"00828";false;;;;;0;0;false;false;false;true;false
"16956-745";"0021386";"OMH";"Metvix";"00745";false;;;;;0;0;false;false;false;true;false
"810-505";"0000075";"AABB";"Aldomet";"00505";false;;;;;0;0;false;false;false;true;false
"41848-2469";"0005702";"FCBAA";"Velbienne";"02469";false;;;;;0;0;false;false;false;true;false
"41889-3251";"0015115";"PADA";"Aciclovir Agepha";"03251";false;;;;;0;0;false;false;false;true;false
"41905-760";"0005983";"FFCA";"Amelgen";"00760";false;;;;;0;0;false;false;false;true;false
"41830-802";"8900458";"EBDA";"Mysimba";"00802";true;;;;;0;0;false;false;false;true;false
"34090-612";"0018507";"PDDA";"Bimatoprost EG";"00612";false;;;;;0;0;false;false;false;true;false
"41863-174";"8900466";"LCBBHD";"Ilumetri";"00174";false;;;;;0;0;false;false;false;true;false
"41806-3103";"0005355";"FBAAC";"Desolina 20";"03103";false;;;;;0;0;false;false;false;true;false
"31765-59";"0015149";"PBAA";"Pred Forte";"00059";false;;;"c";"c";0;0;false;false;false;true;false
"41954-67";"0010447";"KBBA";"Anidulafungine Accord Healthcare";"00067";false;;;;;0;0;false;false;false;true;false
"41988-1180";"0005074";"EFCA";"Saizen";"01180";false;;;"H";"H";0;0;false;false;false;true;false
"32417-3053";"8901001";"MBCBA";"Iclusig";"03053";false;;;;;0;0;false;false;false;true;false
"39040-257";"8901217";"LCBBCA";"Fasenra";"00257";false;;;;;0;0;false;false;false;true;false
"41962-1743";"0003913";"DBAB";"Acatar Mono";"01743";false;;;;;0;0;false;false;false;true;false
"41939-1628";"0002246";"BBAB";"Hemlibra";"01628";false;;;;;0;0;false;false;false;true;false
"42002-1636";"8900649";"MBCFA";"Erlotinib Sandoz";"01636";false;;;;;0;0;false;false;false;true;false
"12310-3368";"0016360";"SDA";"Hexvix";"03368";false;;;;;0;0;false;false;false;true;false
"422-604";"0013425";"EAEA";"Actos";"00604";false;;;;;0;0;false;false;false;true;false
"22848-810";"0012476";"CHBA";"Rectogesic";"00810";false;;;;;0;0;false;false;false;true;false
"3103-3269";"0028472";"LCBCBA";"Betaferon";"03269";false;;;;;0;0;false;false;false;true;false
"41996-1818";"0006270";"GBCA";"Dutasteride / Tamsulosine Teva";"01818";false;;;;;0;0;false;false;false;true;false
"18069-1446";"0010090";"KAKCA";"Mycobutin";"01446";false;;;;;0;0;false;false;false;true;false
"34272-1206";"0026427";"JHC";"Fampyra";"01206";false;;;;;0;0;false;false;false;true;false
"15263-844";"0001362";"AIAF";"Levophed";"00844";false;;;"S";"S";0;0;false;false;false;true;false
"18895-1453";"0018044";"KBAB";"Nilstat";"01453";false;;;;;0;0;false;false;false;true;false
"29595-240";"0020727";"MEDE";"Xtandi";"00240";false;;;;;0;0;false;false;false;true;false
"31013-935";"8902140";"MBCDA";"Imbruvica";"00935";false;;;;;0;0;false;false;false;true;false
"40014-1370";"0019588";"BBAI";"Fibryga";"01370";false;;;;;0;0;false;false;false;true;false
"11064-1172";"0000174";"AADG";"Forzaten";"01172";false;;;;;0;0;false;false;false;true;false
"24448-1651";"0000174";"AADG";"Sevikar";"01651";false;;;;;0;0;false;false;false;true;false
"323-3269";"0007336";"IEBE";"Aclasta";"03269";false;;;;;0;0;false;false;false;true;false
"40923-4309";"0013201";"MBAA";"Ogivri";"04309";false;;;;;0;0;false;false;false;true;false
"37861-3269";"0028373";"LCBEAAE";"Xeljanz";"03269";false;;;;;0;0;false;false;false;true;false
"1000-3269";"0012914";"MABDA";"Alimta";"03269";false;;;;;0;0;false;false;false;true;false
"18796-3269";"8900706";"MBCLA";"Nexavar";"03269";false;;;;;0;0;false;false;false;true;false
"31062-3269";"0021394";"LCBDDA";"Tecfidera";"03269";false;;;;;0;0;false;false;false;true;false
"14217-3269";"0020198";"KDCABE";"Kivexa";"03269";false;;;;;0;0;false;false;false;true;false
"4929-1966";"0011189";"KDCCA";"Celsentri";"01966";false;;;;;0;0;false;false;false;true;false
"28373-174";"0014910";"OME";"Vaniqa";"00174";false;;;;;0;0;false;false;false;true;false
"10488-828";"0025767";"QCBCAB";"Flixonase Aqua";"00828";false;;;"c";"c";0;0;false;false;false;true;false
"6221-2162";"0003939";"DBAD";"Codethyline";"02162";false;;;"d";"d";0;0;false;false;false;true;false
"22343-1453";"0016519";"JCBAC";"Prothiaden";"01453";false;;;;;0;0;false;false;false;true;false
"26948-182";"0016642";"JCBAD";"Tofranil";"00182";false;;;;;0;0;false;false;false;true;false
"1628-1248";"0016501";"JCBAB";"Anafranil";"01248";false;;;;;0;0;false;false;false;true;false
"13854-1263";"0017608";"EAFD";"Januvia";"01263";false;;;;;0;0;false;false;false;true;false
"9274-1818";"0012963";"MACAC";"Epirubicine Teva";"01818";false;;;;;0;0;false;false;false;true;false
"9225-2485";"0012963";"MACAC";"Epirubicin Eugia";"02485";false;;;;;0;0;false;false;false;true;false
"28845-3756";"0007575";"JAAI";"Victan";"03756";false;;;;;0;0;false;false;false;true;false
"9951-1446";"0012963";"MACAC";"Farmorubicine";"01446";false;;;;;0;0;false;false;false;true;false
"33720-3269";"0026161";"KDEF";"Epclusa";"03269";false;;;;;0;0;false;false;false;true;false
"38679-3269";"0028647";"KDEG";"Vosevi";"03269";false;;;;;0;0;false;false;false;true;false
"20065-1347";"0028415";"PBCA";"Opatanol";"01347";false;;;;;0;0;false;false;false;true;false
"7492-1925";"0015206";"PACA";"Dexagenta-POS";"01925";false;;;"c";"c";0;0;false;false;false;true;false
"17632-1826";"0015149";"PBAA";"Monofree Dexamethason";"01826";false;;;"c";"c";0;0;false;false;false;true;false
"42051-612";"0006270";"GBCA";"Dutasteride / Tamsulosine EG";"00612";false;;;;;0;0;false;false;false;true;false
"42069-1636";"8901993";"KBBB";"Caspofungin Sandoz";"01636";false;;;;;0;0;false;false;false;true;false
"42119-2469";"8901050";"FBBAB";"Slinda";"02469";false;;;;;0;0;false;false;false;true;false
"24133-1743";"0002576";"CAABC";"Sedacid";"01743";false;;;;;0;0;false;false;false;true;false
"21733-372";"0017368";"BABABB";"Pradaxa";"00372";false;;;;;0;0;false;false;false;true;false
"19851-1636";"0002576";"CAABC";"Omeprazol Sandoz";"01636";false;;;;;0;0;false;false;false;true;false
"3616-265";"0005280";"FACA";"Braunol";"00265";false;;;;;0;0;false;false;false;true;false
"42044-1289";"0006270";"GBCA";"Dutasteride / Tamsulosine Viatris";"01289";false;;;;;0;0;false;false;false;true;false
"15925-604";"0002576";"CAABC";"Losec";"00604";false;;;;;0;0;false;false;false;true;false
"18861-612";"0000794";"AFAF";"Nifedipine EG";"00612";false;;;;;0;0;false;false;false;true;false
"17780-1818";"0006585";"HCAF";"Morphine Teva";"01818";false;;;"N";"N";0;0;false;false;true;true;false
"17962-1271";"0006585";"HCAF";"MS Contin";"01271";false;;;"N";"N";0;0;false;false;true;true;false
"6569-1834";"0000307";"ABBA";"Coruno";"01834";false;;;;;0;0;false;false;false;true;false
"15594-2626";"0000133";"AADB";"Logimat";"02626";false;;;"B";"B";0;0;false;false;false;true;false
"20966-935";"0002592";"CAABE";"Pariet";"00935";false;;;;;0;0;false;false;false;true;false
"22095-1743";"0000869";"AFCA";"Progor";"01743";false;;;;;0;0;false;false;false;true;false
"24265-2626";"0000661";"AEF";"Selozok";"02626";false;;;"B";"B";0;0;false;false;false;true;false
"6437-935";"0008334";"JDAD";"Concerta";"00935";false;;;"S";"S";0;0;false;true;false;true;false
"5405-1800";"0007781";"JACA";"Circadin";"01800";false;;;;;0;0;false;false;false;true;false
"10231-1453";"0013318";"NAAAD";"Fero-Gradumet";"01453";false;;;;;0;0;false;false;false;true;false
"20172-596";"0020065";"JBBBA";"Orap";"00596";false;;;;;0;0;false;false;false;true;false
"7815-596";"0020099";"JBBAD";"Dipiperon";"00596";false;;;;;0;0;false;false;false;true;false
"27169-1446";"0006080";"GAAC";"Toviaz";"01446";false;;;;;0;0;false;false;false;true;false
"25999-2097";"0000158";"AADE";"Tazko";"02097";false;;;;;0;0;false;false;false;true;false
"10041-1636";"0000745";"AFAC";"Felodipine Sandoz";"01636";false;;;;;0;0;false;false;false;true;false
"10025-612";"0000745";"AFAC";"Felodipine EG";"00612";false;;;;;0;0;false;false;false;true;false
"9001-3764";"0006072";"GAAA";"Emselex";"03764";false;;;;;0;0;false;false;false;true;false
"16907-612";"0000661";"AEF";"Metoprolol EG";"00612";false;;;"B";"B";0;0;false;false;false;true;false
"27920-1701";"0004358";"EACB";"Uni Diamicron";"01701";false;;;;;0;0;false;false;false;true;false
"1875-1289";"0001222";"AHCCA";"Apocard";"01289";false;;;;;0;0;false;false;false;true;false
"6387-828";"0006270";"GBCA";"Combodart";"00828";false;;;;;0;0;false;false;false;true;false
"10223-1453";"0013318";"NAAAD";"FeroGrad";"01453";false;;;;;0;0;false;false;false;true;false
"8706-935";"0018838";"KDCACE";"Edurant";"00935";false;;;;;0;0;false;false;false;true;false
"901-1636";"0006205";"GBAA";"Alfuzosine Sandoz";"01636";false;;;;;0;0;false;false;false;true;false
"13896-2097";"0018788";"MAEBA";"Jevtana";"02097";false;;;;;0;0;false;false;false;true;false
"6775-2428";"0019364";"TABAA";"Cyanokit";"02428";false;;;;;0;0;false;false;false;true;false
"29116-1784";"0019547";"NBBEA";"Vitamine B12 Sterop";"01784";false;;;;;0;0;false;false;false;true;false
"5991-1636";"0000166";"AADF";"Co-Candesartan Sandoz";"01636";false;;;"D";"D";0;0;false;false;false;true;false
"3947-2014";"0013656";"NBBIA";"C-Will";"02014";false;;;;;0;0;false;false;false;true;false
"14357-1883";"0003343";"CFBA";"Lacteol";"01883";false;;;;;0;0;false;false;false;true;false
"9183-117";"0017269";"AIAD";"Ephedrine HCl Aguettant";"00117";false;;;"S";"S";0;0;false;false;false;true;false
"7500-1404";"0020925";"RAEA";"Dexdor";"01404";false;;;;;0;0;false;false;false;true;false
"3814-943";"0004077";"DBBDA";"Bronchosedal Mucus";"00943";false;;;;;0;0;false;false;false;true;false
"29744-406";"8902207";"MCAA";"Yervoy";"00406";false;;;;;0;0;false;false;false;true;false
"9753-794";"0011049";"KDCADA";"Eviplera";"00794";false;;;;;0;0;false;false;false;true;false
"26864-2923";"0018911";"CFDA";"Tiorfix";"02923";false;;;;;0;0;false;false;false;true;false
"9258-67";"0012963";"MACAC";"Epirubicine Accord Healthcare";"00067";false;;;;;0;0;false;false;false;true;false
"13235-935";"0011015";"KDCACC";"Intelence";"00935";false;;;;;0;0;false;false;false;true;false
"4614-794";"0009787";"KAADA";"Cayston";"00794";false;;;;;0;0;false;false;false;true;false
"12005-141";"0025866";"LDBB";"Grazax";"00141";false;;;;;0;0;false;false;false;true;false
"13805-1263";"0002972";"CDCA";"Ivemend";"01263";false;;;;;0;0;false;false;false;true;false
"22582-612";"0000968";"AGAG";"Quinapril EG";"00612";false;;;;;0;0;false;false;false;true;false
"22590-810";"0019810";"OMB";"Qutenza";"00810";false;;;;;0;0;false;false;false;true;false
"29280-1800";"0016485";"TBA";"Vpriv";"01800";false;;;;;0;0;false;false;false;true;false
"29561-190";"0017236";"IEEAA";"Xgeva";"00190";false;;;;;0;0;false;false;false;true;false
"21451-612";"0009589";"KAAAFA";"Piperacilline / Tazobactam EG";"00612";false;;;;;0;0;false;false;false;true;false
"21493-1636";"0009589";"KAAAFA";"Piperacilline / Tazobactam Sandoz";"01636";false;;;;;0;0;false;false;false;true;false
"21469-711";"0009589";"KAAAFA";"Piperacilline / Tazobactam Fresenius Kabi";"00711";false;;;;;0;0;false;false;false;true;false
"29926-1628";"8900607";"MBCCA";"Zelboraf";"01628";false;;;;;0;0;false;false;false;true;false
"29025-299";"0005942";"FFAA";"Visannette";"00299";false;;;;;0;0;false;false;false;true;false
"24083-1784";"0020990";"RAFB";"Scopolamine HBr Sterop";"01784";false;;;;;0;0;false;false;false;true;false
"2022-3103";"8901381";"QBBA";"Arlevertan";"03103";false;;;;;0;0;false;false;false;true;false
"6874-2626";"0016485";"TBA";"Cystagon";"02626";false;;;;;0;0;false;false;false;true;false
"26583-1313";"0018713";"MABCG";"Teysuno";"01313";false;;;;;0;0;false;false;false;true;false
"1917-1826";"0015552";"PHA";"Aprokam";"01826";false;;;;;0;0;false;false;false;true;false
"1602-1313";"0016147";"RBC";"Ampres";"01313";false;;;;;0;0;false;false;false;true;false
"7179-3467";"0020222";"JBBAB";"Dehydrobenzperidol";"03467";false;;;;;0;0;false;false;false;true;false
"30270-1289";"0007732";"JABA";"Zolpeduar";"01289";false;;;;;0;0;false;false;false;true;false
"4309-2097";"8900706";"MBCLA";"Caprelsa";"02097";false;;;;;0;0;false;false;false;true;false
"28399-1263";"0011338";"LAAFA";"Vaqta";"01263";false;;;;;0;0;false;false;false;true;false
"13870-372";"0025445";"EAJC";"Jentadueto";"00372";false;;;;;0;0;false;false;false;true;false
"711-1818";"0003566";"DAAAA";"Airomir";"01818";false;;;"d";"d";0;0;false;false;false;true;false
"18127-1537";"8001299";"KECLBA";"Mycosten";"01537";false;;;;;0;0;false;false;false;true;false
"15842-1636";"0007625";"JAAN";"Lormetazepam Sandoz";"01636";false;;;;;0;0;false;false;false;true;false
"21782-1743";"8906703";"ALIE";"Pravafenix";"01743";false;;;;;0;0;false;false;false;true;false
"26302-2014";"0019562";"CBE";"Tempocol";"02014";false;;;;;0;0;false;false;false;true;false
"24539-1636";"0019430";"GCAB";"Sildenafil Sandoz";"01636";false;;;;;0;0;false;false;false;true;false
"24513-612";"0019430";"GCAB";"Sildenafil EG";"00612";false;;;;;0;0;false;false;false;true;false
"30189-1289";"0007336";"IEBE";"Zoledroninezuur Mylan";"01289";false;;;;;0;0;false;false;false;true;false
"30197-1636";"0007336";"IEBE";"Zoledronic Acid Sandoz";"01636";false;;;;;0;0;false;false;false;true;false
"28688-1289";"0019430";"GCAB";"Verventi";"01289";false;;;;;0;0;false;false;false;true;false
"24521-1289";"0019430";"GCAB";"Sildenafil Viatris";"01289";false;;;;;0;0;false;false;false;true;false
"1354-612";"0001164";"AHCAA";"Amiodarone EG";"00612";false;;;;;0;0;false;false;false;true;false
"23366-513";"0019588";"BBAI";"Riastap";"00513";false;;;;;0;0;false;false;false;true;false
"25890-1321";"0019596";"KAKCC";"Targaxan";"01321";false;;;;;0;0;false;false;false;true;false
"2642-331";"0028472";"LCBCBA";"Avonex";"00331";false;;;;;0;0;false;false;false;true;false
"20917-1636";"0006437";"HBAA";"Paracetamol Sandoz";"01636";false;;;;;0;0;false;false;false;true;false
"18192-604";"0012955";"MACAB";"Myocet";"00604";false;;;;;0;0;false;false;false;true;false
"27235-612";"0017954";"HCBE";"Tramadol / Paracetamol EG";"00612";false;;;"N";"N";0;0;false;false;false;true;false
"18085-984";"8001299";"KECLBA";"Myconail";"00984";false;;;;;0;0;false;false;false;true;false
"9910-299";"0016782";"PIAA";"Eylea";"00299";false;;;;;0;0;false;false;false;true;false
"1446-1289";"0000729";"AFAA";"Amlodipine Viatris";"01289";false;;;;;0;0;false;false;false;true;false
"5140-3350";"0013813";"OAAC";"ChloraPrep";"03350";false;;;;;0;0;false;false;false;true;false
"11767-1636";"0004358";"EACB";"Gliclazide Sandoz";"01636";false;;;;;0;0;false;false;false;true;false
"10900-1271";"0003780";"DAEA";"Flutiform";"01271";false;;;"c";"c";0;0;false;false;false;true;false
"11254-1040";"0014332";"OBEA";"Fucicort";"01040";false;;;"c";"c";0;0;false;false;false;true;false
"26799-1925";"0015396";"PDBC";"Timo-COMOD";"01925";false;;;"B";"B";0;0;false;false;false;true;false
"2121-612";"0006460";"BAAAB";"Asa EG";"00612";false;;;;;0;0;false;false;false;true;false
"16162-612";"0003111";"CECBC";"Macrogol + Electrolytes EG";"00612";false;;;;;0;0;false;false;false;true;false
"17277-612";"0009936";"KACD";"Minocycline EG";"00612";false;;;;;0;0;false;false;false;true;false
"20834-1784";"0019687";"CBH";"Papaverine HCl Sterop";"01784";false;;;;;0;0;false;false;false;true;false
"22863-1446";"0002246";"BBAB";"Refacto AF";"01446";false;;;;;0;0;false;false;false;true;false
"539-1636";"8902579";"LCADBA";"Adoport";"01636";false;;;;;0;0;false;false;false;true;false
"24570-935";"0025841";"LCBAD";"Simponi";"00935";false;;;;;0;0;false;false;false;true;false
"19984-67";"0002931";"CDBB";"Ondansetron Accord Healthcare";"00067";false;;;;;0;0;false;false;false;true;false
"2519-117";"0001297";"AHDAA";"Atropine Sulfate Aguettant";"00117";false;;;;;0;0;false;false;false;true;false
"489-1800";"8906083";"MBBA";"Adcetris";"01800";false;;;;;0;0;true;false;false;true;false
"27375-1347";"0018531";"PDDD";"Travatan";"01347";false;;;;;0;0;false;false;false;true;false
"12104-1446";"0007690";"JAAT";"Halcion";"01446";false;;;;;0;0;false;false;false;true;false
"7153-927";"0005892";"EDFC";"Decapeptyl";"00927";false;;;"Hman";"Hman";0;0;false;false;false;true;false
"11932-661";"0005892";"EDFC";"Gonapeptyl";"00661";false;;;"Hman";"Hman";0;0;false;false;false;true;false
"9795-604";"0002352";"BBBB";"Exacyl";"00604";false;;;;;0;0;false;false;false;true;false
"13110-1446";"8900706";"MBCLA";"Inlyta";"01446";false;;;;;0;0;false;false;false;true;false
"11585-67";"0012864";"MABCF";"Gemcitabine Accord Healthcare";"00067";false;;;;;0;0;false;false;false;true;false
"18135-125";"0015297";"PCD";"Mydriacyl";"00125";false;;;;;0;0;false;false;false;true;false
"13425-1636";"0000166";"AADF";"Irbesartan / Hydrochlorothiazide Sandoz";"01636";false;;;"D";"D";0;0;false;false;false;true;false
"13391-612";"0000166";"AADF";"Irbesartan / HCT EG";"00612";false;;;"D";"D";0;0;false;false;false;true;false
"29421-1446";"8900565";"MBCAA";"Xalkori";"01446";false;;;;;0;0;false;false;false;true;false
"661-4572";"0001966";"BAADA";"Aggrastat";"04572";false;;;;;0;0;false;false;false;true;false
"28696-604";"0013243";"MDA";"Vesanoid";"00604";false;;;;;0;0;false;false;false;true;false
"21972-3541";"8906828";"GDA";"Priligy";"03541";false;;;;;0;0;false;false;false;true;false
"2469-1289";"0019380";"KCBAAA";"Atovaquone / Proguanil Viatris";"01289";false;;;;;0;0;false;false;false;true;false
"3202-240";"0019653";"GAAD";"Betmiga";"00240";false;;;;;0;0;false;false;false;true;false
"22368-612";"0019380";"KCBAAA";"Atovaquone / Proguanil EG";"00612";false;;;;;0;0;false;false;false;true;false
"7948-67";"0013177";"MAEBB";"Docetaxel Accord";"00067";false;;;;;0;0;false;false;false;true;false
"14712-3160";"0005348";"FBAAB";"Lavinia";"03160";false;;;;;0;0;false;false;false;true;false
"25882-1537";"0013318";"NAAAD";"Tardyferon";"01537";false;;;;;0;0;false;false;false;true;false
"8656-604";"0000109";"AACA";"Ebrantil";"00604";false;;;;;0;0;false;false;false;true;false
"28159-1354";"0005637";"FCACA";"Vagifem";"01354";false;;;;;0;0;false;false;false;true;false
"20362-1180";"0026070";"FEBB";"Ovitrelle";"01180";false;;;"Hman";"Hman";0;0;false;false;false;true;false
"30056-1446";"0019802";"KAABEA";"Zinforo";"01446";false;;;;;0;0;false;false;false;true;false
"28365-1636";"0018036";"KAJB";"Vancomycine Sandoz";"01636";false;;;;;0;0;false;false;false;true;false
"10405-1818";"0001222";"AHCCA";"Flecateva";"01818";false;;;;;0;0;false;false;false;true;false
"17095-67";"0016626";"RAEB";"Midazolam Accord Healthcare";"00067";false;;;;;0;0;false;false;false;true;false
"24208-1347";"0019679";"DABBB";"Seebri";"01347";false;;;;;0;0;false;false;false;true;false
"19810-1289";"0001727";"ALEA";"Omacor";"01289";false;;;;;0;0;false;false;false;true;false
"14779-1024";"0007120";"IBCA";"Leflunomide Medac";"01024";false;;;;;0;0;false;false;false;true;false
"16113-1263";"0018358";"LACAA";"M.M.R. VaxPro";"01263";false;;;;;0;0;false;false;false;true;false
"1222-612";"0007484";"JAAA";"Alprazolam EG";"00612";false;;;;;0;0;false;false;false;true;false
"9670-2485";"0001610";"ALBA";"Eulitop";"02485";false;;;;;0;0;false;false;false;true;false
"28506-935";"8900748";"MBEA";"Velcade";"00935";false;;;;;0;0;false;false;false;true;false
"4234-67";"0019794";"MABCB";"Capecitabine Accord";"00067";false;;;;;0;0;false;false;false;true;false
"8292-67";"0012955";"MACAB";"Doxorubicin Accord Healthcare";"00067";false;;;;;0;0;false;false;false;true;false
"13433-1818";"0000166";"AADF";"Irbesartan / Hydrochlorothiazide Teva";"01818";false;;;"D";"D";0;0;false;false;false;true;false
"2097-1446";"0006817";"IAAFA";"Arthrotec";"01446";false;;;;;0;0;false;false;false;true;false
"3905-1529";"0002683";"CBC";"Buscopan";"01529";false;;;;;0;0;false;false;false;true;false
"16816-1636";"0004325";"EABA";"Metformine Sandoz";"01636";false;;;;;0;0;false;false;false;true;false
"8151-1636";"0009373";"JKAA";"Donepezil Sandoz";"01636";false;;;;;0;0;false;false;false;true;false
"29124-1784";"0013524";"NBBDA";"Vitamine B6 Sterop";"01784";false;;;;;0;0;false;false;false;true;false
"6379-1966";"0020198";"KDCABE";"Combivir";"01966";false;;;;;0;0;false;false;false;true;false
"11213-1784";"0003236";"CEDAB";"Fructines";"01784";false;;;;;0;0;false;false;false;true;false
"17418-1289";"0008110";"JCDC";"Mirtazapine Viatris";"01289";false;;;;;0;0;false;false;false;true;false
"7674-4093";"0002378";"BBCA";"Dicynone";"04093";false;;;;;0;0;false;false;false;true;false
"18465-1529";"0004804";"EDDB";"Nebido";"01529";false;;;"A";"A";0;0;false;false;false;true;false
"10850-1818";"0012823";"MABCE";"Fluracedyl";"01818";false;;;;;0;0;false;false;false;true;false
"2592-828";"0025767";"QCBCAB";"Avamys";"00828";false;;;"c";"c";0;0;false;false;false;true;false
"8144-612";"0009373";"JKAA";"Donepezil EG";"00612";false;;;;;0;0;false;false;false;true;false
"5553-2626";"0017889";"CEHA";"CitraFleet";"02626";false;;;;;0;0;false;false;false;true;false
"30213-711";"0007336";"IEBE";"Zoledroninezuur Fresenius Kabi";"00711";false;;;;;0;0;false;false;false;true;false
"16444-2931";"0008334";"JDAD";"Medikinet";"02931";true;;;"S";"S";0;0;false;true;false;true;false
"16485-505";"0005942";"FFAA";"Megace";"00505";false;;;;;0;0;false;false;false;true;false
"29298-1446";"0016485";"TBA";"Vyndaqel";"01446";true;;;;;0;0;true;false;false;true;false
"11122-1321";"0003251";"CEGA";"Fosfaatlavement";"01321";false;;;;;0;0;false;false;false;true;false
"10439-2626";"0003251";"CEGA";"Cleen Enema";"02626";false;;;;;0;0;false;false;false;true;false
"5413-3491";"0005439";"FBACA";"Circlet";"03491";false;;;;;0;0;false;false;false;true;false
"23507-1636";"0007971";"JBDH";"Risperidon Sandoz";"01636";false;;;;;0;0;false;false;false;true;false
"9761-3467";"0007377";"IECA";"Evista";"03467";false;;;"AO";"AO";0;0;false;false;false;true;false
"15651-1818";"0020438";"BCCC";"Lonquex";"01818";false;;;;;0;0;false;false;false;true;false
"29330-1370";"0013474";"BBAD";"Wilate";"01370";false;;;;;0;0;false;false;false;true;false
"9449-1636";"0008177";"JCAAB";"Escitalopram Sandoz";"01636";false;;;;;0;0;false;false;false;true;false
"9456-1818";"0008177";"JCAAB";"Escitalopram Teva";"01818";false;;;;;0;0;false;false;false;true;false
"25346-794";"0020339";"KDCGA";"Stribild";"00794";false;;;;;0;0;false;false;false;true;false
"15271-3103";"0020834";"FBCBA";"Levosert";"03103";false;;;;;0;0;false;false;false;true;false
"27441-1289";"8903205";"OFEB";"Treclinax";"01289";false;;;;;0;0;false;false;false;true;false
"15172-1636";"0005546";"FBDA";"Levodonna";"01636";false;;;;;0;0;false;false;false;true;false
"9324-1800";"0008334";"JDAD";"Equasym";"01800";false;;;"S";"S";0;0;false;true;false;true;false
"10371-612";"0001222";"AHCCA";"Flecainide EG";"00612";false;;;;;0;0;false;false;false;true;false
"26500-4747";"0020461";"JLA";"Tetrabenazine Walter Ritter";"04747";false;;;;;0;0;false;false;false;true;false
"6882-67";"0012849";"MABCC";"Cytarabine Accord Healthcare";"00067";false;;;;;0;0;false;false;false;true;false
"28514-935";"0002139";"BAACA";"Veletri";"00935";false;;;;;0;0;false;false;false;true;false
"15974-1347";"0016782";"PIAA";"Lucentis";"01347";false;;;;;0;0;false;false;false;true;false
"17475-1636";"0012989";"MACAE";"Mitoxantrone Sandoz";"01636";false;;;;;0;0;false;false;false;true;false
"17863-1636";"0010199";"KAEC";"Moxifloxacin Sandoz";"01636";false;;;;;0;0;false;false;false;true;false
"17897-1818";"0010199";"KAEC";"Moxifloxacine Teva";"01818";false;;;;;0;0;false;false;false;true;false
"17871-612";"0010199";"KAEC";"Moxifloxacine EG";"00612";false;;;;;0;0;false;false;false;true;false
"11718-372";"8900649";"MBCFA";"Giotrif";"00372";true;;;;;0;0;false;false;false;true;false
"22376-1263";"0011395";"LAAIA";"Varivax";"01263";false;;;;;0;0;false;false;false;true;false
"9423-612";"0008177";"JCAAB";"Escitalopram EG";"00612";false;;;;;0;0;false;false;false;true;false
"22921-505";"0006742";"HDA";"Relistor";"00505";false;;;;;0;0;false;false;false;true;false
"19836-2485";"0002576";"CAABC";"Omeprazol AB";"02485";false;;;;;0;0;false;false;false;true;false
"49148-4622";"0014951";"OMJ";"Minoxidil Leman";"04622";false;;;;;0;0;false;false;false;true;false
"49437-2485";"0018606";"LCBDGA";"Fingolimod AB";"02485";false;;;;;0;0;false;false;false;true;false
"23549-1289";"0018689";"JKAC";"Rivastigmine Viatris";"01289";false;;;;;0;0;false;false;false;true;false
"20073-935";"0020529";"ANC";"Opsumit";"00935";false;;;;;0;0;false;false;false;true;false
"49429-1628";"0012195";"LCBFAA";"Piasky";"01628";true;;;;;0;0;false;false;false;true;false
"49593-3384";"0020826";"FBCAA";"T-Safe CU 380A QL";"03384";false;;;;;0;0;false;false;false;true;false
"49643-4739";"8900722";"MBDA";"Rubraca";"04739";false;;;;;0;0;false;false;false;true;false
"50302-612";"0003780";"DAEA";"Beclometasone / Formoterol EG";"00612";false;;;"c";"c";0;0;false;false;false;true;false
"20867-265";"0006437";"HBAA";"Paracetamol B. Braun";"00265";false;;;;;0;0;false;false;false;true;false
"18465-810";"0004804";"EDDB";"Nebido";"00810";false;;;"A";"A";0;0;false;false;false;true;false
"7682-554";"0005363";"FBAAD";"Dienobel";"00554";false;;;;;0;0;false;false;false;true;false
"8201-3160";"0005363";"FBAAD";"Dorinelletheramex";"03160";false;;;;;0;0;false;false;false;true;false
"8219-3160";"0005363";"FBAAD";"Dorintheramex";"03160";false;;;;;0;0;false;false;false;true;false
"25692-1313";"0016147";"RBC";"Tachipri";"01313";false;;;;;0;0;false;false;false;true;false
"25270-2097";"0007732";"JABA";"Stilnoct";"02097";false;;;;;0;0;false;false;false;true;false
"29454-1743";"0003830";"DAHA";"Xanthium";"01743";false;;;;;0;0;false;false;false;true;false
"30288-612";"0007732";"JABA";"Zolpidem EG";"00612";false;;;;;0;0;false;false;false;true;false
"30296-1289";"0007732";"JABA";"Zolpidem Viatris";"01289";false;;;;;0;0;false;false;false;true;false
"30304-1636";"0007732";"JABA";"Zolpidem Sandoz";"01636";false;;;;;0;0;false;false;false;true;false
"30312-1818";"0007732";"JABA";"Zolpidem Teva";"01818";false;;;;;0;0;false;false;false;true;false
"30320-2485";"0007732";"JABA";"Zolpitop";"02485";false;;;;;0;0;false;false;false;true;false
"25817-240";"0006213";"GBAC";"Tamsulosine HCl Yamanouchi";"00240";false;;;;;0;0;false;false;false;true;false
"3467-4259";"0013003";"MACBA";"Bleomycine Hikma";"04259";false;;;;;0;0;false;false;false;true;false
"17038-943";"0003251";"CEGA";"Microlax";"00943";false;;;;;0;0;false;false;false;true;false
"29827-2097";"0013243";"MDA";"Zaltrap";"02097";false;;;;;0;0;false;false;false;true;false
"5421-1909";"0015784";"QCABA";"Cirrus";"01909";false;;;"S";"S";0;0;false;false;false;true;false
"23325-943";"0015784";"QCABA";"Rhinosinutab";"00943";false;;;"S";"S";0;0;false;false;false;true;false
"22517-299";"0005397";"FBAAG";"Qlaira";"00299";false;;;;;0;0;false;false;false;true;false
"13912-1628";"8906083";"MBBA";"Kadcyla";"01628";false;;;;;0;0;false;false;false;true;false
"16931-1818";"0000661";"AEF";"Metoprolol Teva";"01818";false;;;"B";"B";0;0;false;false;false;true;false
"4853-612";"0006981";"IAADA";"Celecoxib EG";"00612";false;;;;;0;0;false;false;false;true;false
"4861-1818";"0006981";"IAADA";"Celecoxib Teva";"01818";false;;;;;0;0;false;false;false;true;false
"9357-1628";"8901894";"MBFA";"Erivedge";"01628";false;;;;;0;0;false;false;false;true;false
"34-2055";"0017939";"GBDA";"ProstaforceMed";"02055";false;;;;;0;0;false;false;false;true;false
"50328-711";"0017236";"IEEAA";"Bomyntra";"00711";true;;;;;0;0;false;false;false;true;false
"50310-711";"0017236";"IEEAA";"Conexxence";"00711";true;;;;;0;0;false;false;false;true;false
"13151-802";"0020735";"FFDA";"Inprosub";"00802";false;;;;;0;0;false;false;false;true;false
"27029-67";"0013060";"MADAB";"Topotecan Accord Healthcare";"00067";false;;;;;0;0;false;false;false;true;false
"7617-612";"0006809";"IAAAB";"Diclofenac EG";"00612";false;;;;;0;0;false;false;false;true;false
"21287-1628";"0013201";"MBAA";"Perjeta";"01628";false;;;;;0;0;false;false;false;true;false
"8623-1636";"0012435";"LDAAD";"Ebastine Sandoz";"01636";false;;;;;0;0;false;false;false;true;false
"5348-711";"0010173";"KAEA";"Ciprofloxacine Fresenius Kabi";"00711";false;;;;;0;0;false;false;false;true;false
"50336-1164";"0004077";"DBBDA";"Siroxyl Herbal";"01164";false;;;;;0;0;false;false;false;true;false
"7666-2485";"0007054";"IABAA";"Diclotopic";"02485";false;;;;;0;0;false;false;false;true;false
"844-1529";"0007260";"IEBA";"Alendronate EG";"01529";false;;;;;0;0;false;false;false;true;false
"25726-1347";"8900607";"MBCCA";"Tafinlar";"01347";false;;;;;0;0;false;false;false;true;false
"29314-828";"0008078";"JCBCA";"Wellbutrin";"00828";false;;;;;0;0;false;false;false;true;false
"30478-828";"0008433";"JEBAA";"Zyban";"00828";false;;;;;0;0;false;false;false;true;false
"28654-2014";"0020420";"OMA";"Veregen";"02014";false;;;;;0;0;false;false;false;true;false
"25023-1172";"0020453";"GCAA";"Spedra";"01172";true;;;;;0;0;false;false;false;true;false
"3863-1818";"0003756";"DADBA";"Budesonide Teva";"01818";false;;;"c";"c";0;0;false;false;false;true;false
"23424-2485";"0018143";"JMA";"Riluzol AB";"02485";false;;;;;0;0;false;false;false;true;false
"30676-1024";"0017707";"EFDB";"Siroctid";"01024";false;;;;;0;0;false;false;false;true;false
"30619-1982";"0018101";"JADC";"Rodizen";"01982";false;;;;;0;0;false;false;false;true;false
"18812-2071";"0014688";"OJA";"NexoBrid";"02071";false;;;;;0;0;false;false;false;true;false
"10736-760";"0020792";"FABB";"Fluomizin";"00760";false;;;;;0;0;false;false;false;true;false
"1347-265";"0009969";"KAIA";"Amikacine B. Braun";"00265";false;;;;;0;0;false;false;false;true;false
"30825-760";"0026096";"FEBD";"Bemfola";"00760";false;;;;;0;0;false;false;false;true;false
"2444-1289";"0001552";"ALAA";"Atorvastatine Viatris";"01289";false;;;;;0;0;false;false;false;true;false
"12534-1784";"0013540";"NBBEB";"Hydroxocobalamine Acetate Sterop";"01784";false;;;;;0;0;false;false;false;true;false
"30908-1784";"8905416";"NACB";"Magneclo Sterop";"01784";false;;;;;0;0;false;false;false;true;false
"18234-3160";"0019422";"FBBAA";"Nacrez";"03160";false;;;;;0;0;false;false;false;true;false
"28712-240";"8906802";"GBCB";"Vesomni";"00240";false;;;;;0;0;false;false;false;true;false
"7112-760";"0005363";"FBAAD";"Daylette";"00760";false;;;;;0;0;false;false;false;true;false
"11510-59";"0025981";"PDFB";"Ganfort";"00059";false;;;"B";"B";0;0;false;false;false;true;false
"8375-554";"0005363";"FBAAD";"Droseffik";"00554";false;;;;;0;0;false;false;false;true;false
"28969-1800";"0020586";"EAFA";"Vipidia";"01800";false;;;;;0;0;false;false;false;true;false
"26880-1966";"0026229";"KDCDB";"Tivicay";"01966";false;;;;;0;0;false;false;false;true;false
"14985-612";"0017020";"MECC";"Letrozole EG";"00612";false;;;"AO";"AO";0;0;false;false;false;true;false
"8326-612";"0009910";"KACA";"Doxycycline EG";"00612";false;;;;;0;0;false;false;false;true;false
"24794-885";"0007880";"JBCA";"Solian";"00885";false;;;;;0;0;false;false;false;true;false
"20412-612";"0007666";"JAAR";"Oxazepam EG";"00612";false;;;;;0;0;false;false;false;true;false
"12849-406";"8900789";"MCDA";"Imnovid";"00406";false;;;;;0;0;false;false;false;true;false
"27847-1347";"0020594";"DACB";"Ultibro";"01347";false;;;"B2";"B2";0;0;false;false;false;true;false
"27102-1602";"0004036";"DBBBA";"Toularynx Bromhexine";"01602";false;;;;;0;0;false;false;false;true;false
"49189-505";"0014258";"OBAA";"Cabesol";"00505";false;;;"c";"c";0;0;false;false;false;true;false
"23531-1636";"0018689";"JKAC";"Rivastigmin Sandoz";"01636";false;;;;;0;0;false;false;false;true;false
"27581-1701";"0020628";"AADH";"Triplixam";"01701";false;;;"D";"D";0;0;false;false;false;true;false
"29686-3160";"0005363";"FBAAD";"Yadere";"03160";false;;;;;0;0;false;false;false;true;false
"30957-612";"0025775";"QCBCAC";"Mometasone EG";"00612";false;;;"c";"c";0;0;false;false;false;true;false
"414-3160";"0028357";"IEBG";"Actonel Combi D";"03160";false;;;;;0;0;false;false;false;true;false
"30965-372";"0021204";"EAIC";"Jardiance";"00372";false;;;;;0;0;false;false;false;true;false
"19513-3491";"0005439";"FBACA";"Nuvaring";"03491";false;;;;;0;0;false;false;false;true;false
"1834-612";"0001503";"AKA";"Antistax";"00612";false;;;;;0;0;false;false;false;true;false
"50351-1628";"0013201";"MBAA";"Phesgo";"01628";false;;;;;0;0;false;false;false;true;false
"27607-1354";"0005702";"FCBAA";"Trisequens";"01354";false;;;;;0;0;false;false;false;true;false
"11940-232";"0005371";"FBAAE";"Gracial";"00232";false;;;;;0;0;false;false;false;true;false
"17830-1321";"0003095";"CECBA";"Moviprep";"01321";false;;;;;0;0;false;false;false;true;false
"31005-331";"0028472";"LCBCBA";"Plegridy";"00331";false;;;;;0;0;false;false;false;true;false
"12294-1164";"0013912";"OAAF";"Hexomedine";"01164";false;;;;;0;0;false;false;false;true;false
"27938-612";"0004358";"EACB";"Uni Gliclazide EG";"00612";false;;;;;0;0;false;false;false;true;false
"27557-1446";"0005389";"FBAAF";"Trinordiol";"01446";false;;;;;0;0;false;false;false;true;false
"30924-554";"0005942";"FFAA";"Progebel";"00554";false;;;;;0;0;false;false;false;true;false
"19760-1818";"0007948";"JBDE";"Olanzapine Teva";"01818";false;;;;;0;0;false;false;false;true;false
"13292-1172";"0020701";"EAIA";"Invokana";"01172";false;;;;;0;0;false;false;false;true;false
"1891-1602";"0014662";"OIA";"Aporil";"01602";false;;;;;0;0;false;false;false;true;false
"12096-562";"0019737";"MAECA";"Halaven";"00562";false;;;;;0;0;false;false;false;true;false
"17608-1636";"0025775";"QCBCAC";"Mometasone Sandoz";"01636";false;;;"c";"c";0;0;false;false;false;true;false
"23390-2097";"0010108";"KAKCB";"Rifocine";"02097";false;;;;;0;0;false;false;false;true;false
"9407-1743";"0008177";"JCAAB";"Escidivule";"01743";false;;;;;0;0;false;false;false;true;false
"16782-2485";"0007625";"JAAN";"Metatop";"02485";false;;;;;0;0;false;false;false;true;false
"16022-3160";"0005942";"FFAA";"Lutenyl";"03160";false;;;;;0;0;false;false;false;true;false
"7732-612";"0000869";"AFCA";"Diltiazem EG";"00612";false;;;;;0;0;false;false;false;true;false
"10975-3103";"0013565";"NBBFA";"Folavit";"03103";false;;;;;0;0;false;false;false;true;false
"14837-2097";"0021089";"LCBDAA";"Lemtrada";"02097";true;;;;;0;0;false;false;false;true;false
"26203-1289";"0001057";"AGBF";"Telmisartan Viatris";"01289";false;;;;;0;0;false;false;false;true;false
"26229-1818";"0001057";"AGBF";"Telmisartan Teva";"01818";false;;;;;0;0;false;false;false;true;false
"26195-612";"0001057";"AGBF";"Telmisartan EG";"00612";false;;;;;0;0;false;false;false;true;false
"4432-711";"0012625";"MAACA";"Carboplatine Fresenius Kabi";"00711";false;;;;;0;0;false;false;false;true;false
"21741-1636";"0008573";"JFCC";"Pramipexol Sandoz";"01636";false;;;;;0;0;false;false;false;true;false
"30635-1800";"0025445";"EAJC";"Vipdomet";"01800";false;;;;;0;0;false;false;false;true;false
"8102-1818";"0002857";"CDAB";"Domperidone Teva";"01818";false;;;;;0;0;false;false;false;true;false
"935-1750";"0014738";"ONAA";"Algisite M";"01750";false;;;;;0;0;false;false;false;true;false
"8383-554";"0005363";"FBAAD";"Drospibel";"00554";false;;;;;0;0;false;false;false;true;false
"2048-1636";"0005363";"FBAAD";"Armunia 30";"01636";false;;;;;0;0;false;false;false;true;false
"50369-760";"0017236";"IEEAA";"Junod";"00760";true;;;;;0;0;false;false;false;true;false
"13862-299";"0020834";"FBCBA";"Jaydess";"00299";true;;;;;0;0;false;false;false;true;false
"5983-1289";"0000166";"AADF";"Co-Candesartan Viatris";"01289";false;;;"D";"D";0;0;false;false;false;true;false
"11429-1818";"0008961";"JGBFA";"Gabitril";"01818";false;;;;;0;0;false;false;false;true;false
"21444-661";"0017889";"CEHA";"Picoprep";"00661";false;;;;;0;0;false;false;false;true;false
"16949-265";"0010652";"KCCA";"Metronidazole B. Braun";"00265";false;;;;;0;0;false;false;false;true;false
"30692-1347";"0015164";"PBBA";"Nevanac";"01347";false;;;;;0;0;false;false;false;true;false
"16576-612";"0009399";"JKBA";"Memantine EG";"00612";false;;;;;0;0;false;false;false;true;false
"26021-2162";"0010371";"KAHCA";"Tebrazid";"02162";false;;;;;0;0;false;false;false;true;false
"24554-3103";"0019430";"GCAB";"Sildenon";"03103";false;;;;;0;0;false;false;false;true;false
"24737-935";"0020412";"KAHEA";"Sirturo";"00935";false;;;;;0;0;false;false;false;true;false
"30718-513";"0021154";"BBAF";"Cluvot";"00513";false;;;;;0;0;false;false;false;true;false
"30775-1966";"0020339";"KDCGA";"Triumeq";"01966";false;;;;;0;0;false;false;false;true;false
"23291-2485";"0015891";"QCBBD";"Rhinivex";"02485";false;;;;;0;0;false;false;false;true;false
"27409-612";"0008136";"JCDD";"Trazodone EG";"00612";false;;;;;0;0;false;false;false;true;false
"11361-3269";"0020545";"JGAEA";"Fycompa";"03269";false;;;;;0;0;false;false;false;true;false
"30130-1636";"0002931";"CDBB";"Zofran";"01636";false;;;;;0;0;false;false;false;true;false
"49205-2485";"0000612";"AEB";"Bisoprolol AB";"02485";false;;;"B";"B";0;0;false;false;false;true;false
"30460-4135";"0011890";"LBBA";"Zutectra";"04135";false;;;;;0;0;false;false;false;true;false
"17616-1818";"0025775";"QCBCAC";"Mometasone Teva";"01818";false;;;"c";"c";0;0;false;false;false;true;false
"12260-1628";"0013201";"MBAA";"Herceptin";"01628";false;;;;;0;0;false;false;false;true;false
"12328-2097";"0018481";"LACGA";"Hexyon";"02097";true;;;;;0;0;false;false;false;true;false
"10348-2246";"0014738";"ONAA";"Flaminal";"02246";false;;;;;0;0;false;false;false;true;false
"24091-2261";"0014738";"ONAA";"Biatain Alginate";"02261";false;;;;;0;0;false;false;false;true;false
"24901-2279";"0014738";"ONAA";"Sorbalgon";"02279";false;;;;;0;0;false;false;false;true;false
"26054-2287";"0014738";"ONAA";"Tegaderm Alginate";"02287";false;;;;;0;0;false;false;false;true;false
"31088-745";"8001117";"KECHBB";"Soolantra";"00745";false;;;;;0;0;false;false;false;true;false
"31112-2303";"0001032";"AGBD";"Losartan Krka";"02303";false;;;;;0;0;false;false;false;true;false
"6403-2261";"0014753";"ONBA";"Comfeel Plus";"02261";false;;;;;0;0;false;false;false;true;false
"44222-2485";"0019430";"GCAB";"Sildenafil AB";"02485";false;;;;;0;0;false;false;false;true;false
"30767-1289";"0008334";"JDAD";"Methylphenidate Viatris";"01289";false;;;"S";"S";0;0;false;true;false;true;false
"18291-67";"0018960";"JECC";"Naltrexone Accord";"00067";false;;;;;0;0;false;false;false;true;false
"31062-331";"0021394";"LCBDDA";"Tecfidera";"00331";false;;;;;0;0;false;false;false;true;false
"50377-760";"0017236";"IEEAA";"Yaxwer";"00760";true;;;;;0;0;false;false;false;true;false
"50385-943";"0015933";"QCBCBA";"Nasasinuspray Anti-allergie";"00943";false;;;;;0;0;false;false;false;true;false
"50344-2352";"0018671";"TCA";"Datif PC";"02352";false;;;;;0;0;false;false;false;true;false
"25536-2295";"0014738";"ONAA";"Suprasorb A + AG";"02295";false;;;;;0;0;false;false;false;true;false
"25528-2295";"0014738";"ONAA";"Suprasorb A";"02295";false;;;;;0;0;false;false;false;true;false
"8425-2253";"0014753";"ONBA";"Duoderm";"02253";false;;;;;0;0;false;false;false;true;false
"8433-2253";"0014753";"ONBA";"Duoderm E";"02253";false;;;;;0;0;false;false;false;true;false
"12500-2279";"0014753";"ONBA";"Hydrocoll";"02279";false;;;;;0;0;false;false;false;true;false
"24976-794";"0020552";"KDEB";"Sovaldi";"00794";false;;;;;0;0;false;false;false;true;false
"26963-1818";"0006130";"GAAH";"Tolterodine Teva";"01818";false;;;;;0;0;false;false;false;true;false
"49452-4135";"0007781";"JACA";"Melatonin Unimedic Pharma";"04135";false;;;;;0;0;false;false;false;true;false
"29488-2097";"0006205";"GBAA";"Xatral";"02097";false;;;;;0;0;false;false;false;true;false
"29728-299";"0005363";"FBAAD";"Yaz";"00299";false;;;;;0;0;false;false;false;true;false
"1065-1750";"0014811";"ONEA";"Allevyn";"01750";false;;;;;0;0;false;false;false;true;false
"23135-1750";"0014753";"ONBA";"Replicare";"01750";false;;;;;0;0;false;false;false;true;false
"27458-1446";"0005389";"FBAAF";"Tri-Minulet";"01446";false;;;;;0;0;false;false;false;true;false
"31138-2303";"0003806";"DAGA";"Montelukast Krka";"02303";false;;;;;0;0;false;false;false;true;false
"7849-3491";"0004911";"EEBA";"Diprophos";"03491";false;;;"C";"C";0;0;false;false;false;true;false
"16675-1230";"0014837";"ONFA";"Mepitel";"01230";false;;;;;0;0;false;false;false;true;false
"4382-2253";"0014852";"ONHA";"Carboflex";"02253";false;;;;;0;0;false;false;false;true;false
"8979-1263";"0002972";"CDCA";"Emend";"01263";false;;;;;0;0;false;false;false;true;false
"497-3418";"0017780";"ANG";"Adcirca";"03418";false;;;;;0;0;false;false;false;true;false
"29199-2295";"0014852";"ONHA";"Vliwaktiv";"02295";false;;;;;0;0;false;false;false;true;false
"29207-2295";"0014852";"ONHA";"Vliwaktiv AG";"02295";false;;;;;0;0;false;false;false;true;false
"8441-2253";"0014795";"ONDA";"Duoderm Hydrogel";"02253";false;;;;;0;0;false;false;false;true;false
"12526-2279";"0014795";"ONDA";"Hydrosorb";"02279";false;;;;;0;0;false;false;false;true;false
"13243-1750";"0014795";"ONDA";"Intrasite";"01750";false;;;;;0;0;false;false;false;true;false
"19463-3228";"0014795";"ONDA";"Nu-Gel";"03228";false;;;;;0;0;false;false;false;true;false
"22483-2261";"0014795";"ONDA";"Purilon";"02261";false;;;;;0;0;false;false;false;true;false
"31187-612";"0020651";"JFCA";"APO-GO-PEN";"00612";false;;;;;0;0;false;false;false;true;false
"992-1743";"0017954";"HCBE";"Algotra";"01743";false;;;"N";"N";0;0;false;false;false;true;false
"1941-2253";"0014779";"ONCA";"Aquacel";"02253";false;;;;;0;0;false;false;false;true;false
"50393-612";"0025247";"LCBGCA";"Apremilast EG";"00612";false;;;;;0;0;false;false;false;true;false
"31252-3103";"0020826";"FBCAA";"MI-MONA-Load 375";"03103";false;;;;;0;0;false;false;false;true;false
"31260-3103";"0020826";"FBCAA";"MI-MONA-Sert 380";"03103";false;;;;;0;0;false;false;false;true;false
"31278-3103";"0020826";"FBCAA";"MI-MONA-T 380";"03103";false;;;;;0;0;false;false;false;true;false
"30593-1636";"0010058";"KAKAA";"Linezolid Sandoz";"01636";false;;;;;0;0;false;false;false;true;false
"38356-3103";"0014795";"ONDA";"Hyalo4 Skin";"03103";false;;;;;0;0;false;false;false;true;false
"31328-2337";"0021014";"RBE";"Septanest";"02337";false;;;;;0;0;false;false;false;true;false
"4093-2352";"0018671";"TCA";"Camilia";"02352";false;;;;;0;0;false;false;false;true;false
"19638-2360";"0018671";"TCA";"Oculo-Heel";"02360";false;;;;;0;0;false;false;false;true;false
"3244-2261";"0014811";"ONEA";"Biatain";"02261";false;;;;;0;0;false;false;false;true;false
"31344-2345";"0021014";"RBE";"Ubistesin Adrenaline";"02345";false;;;;;0;0;false;false;false;true;false
"30874-1818";"8000713";"KECBBAA";"Fusidine Teva";"01818";false;;;;;0;0;false;false;false;true;false
"21667-851";"0014811";"ONEA";"Polymem Membrane";"00851";false;;;;;0;0;false;false;false;true;false
"26062-2287";"0014811";"ONEA";"Tegaderm Foam";"02287";false;;;;;0;0;false;false;false;true;false
"16667-1230";"0014811";"ONEA";"Mepilex-Ag";"01230";false;;;;;0;0;false;false;false;true;false
"31377-1784";"8905416";"NACB";"Magnesium Sulfate Sterop";"01784";false;;;;;0;0;false;false;false;true;false
"7138-1073";"0020255";"JBADA";"Deanxit";"01073";false;;;;;0;0;false;false;false;true;false
"31443-2337";"0021006";"RBD";"Xylonor";"02337";false;;;;;0;0;false;false;false;true;false
"31468-1370";"0002246";"BBAB";"Nuwiq";"01370";false;;;;;0;0;false;false;false;true;false
"31492-299";"8900706";"MBCLA";"Stivarga";"00299";false;;;;;0;0;false;false;false;true;false
"31518-612";"0000166";"AADF";"Telmisartan Plus HCT EG";"00612";false;;;"D";"D";0;0;false;false;false;true;false
"31575-802";"0006114";"GAAF";"Mictonet";"00802";false;;;;;0;0;false;false;false;true;false
"31609-935";"0021352";"KDCBC";"Rezolsta";"00935";false;;;;;0;0;false;false;false;true;false
"31625-1347";"0026005";"PDFD";"Simbrinza";"01347";false;;;;;0;0;false;false;false;true;false
"31633-1867";"0015800";"QCADA";"Anticold";"01867";false;;;;;0;0;false;false;false;true;false
"31658-2360";"0018671";"TCA";"Neurexan";"02360";false;;;;;0;0;false;false;false;true;false
"31641-2360";"0018671";"TCA";"Oteel";"02360";false;;;;;0;0;false;false;false;true;false
"31807-1628";"0013201";"MBAA";"Gazyvaro";"01628";false;;;;;0;0;true;false;false;true;false
"31856-2303";"0007922";"JBDA";"Aripiprazol Krka";"02303";false;;;;;0;0;false;false;false;true;false
"31898-1636";"0008698";"JFGA";"Corbilta";"01636";false;;;;;0;0;false;false;false;true;false
"31930-2972";"0016469";"TACCA";"Velphoro";"02972";false;;;;;0;0;false;false;false;true;false
"31880-1289";"0008086";"JCBBA";"Duloxetine Viatris";"01289";false;;;;;0;0;false;false;false;true;false
"31914-2303";"0020289";"JGBCA";"Pregabaline Krka";"02303";false;;;;;0;0;false;false;false;true;false
"31872-2303";"0008086";"JCBBA";"Duloxetine Krka";"02303";false;;;;;0;0;false;false;false;true;false
"49536-4713";"8900706";"MBCLA";"Qinlock";"04713";true;;;;;0;0;true;false;false;true;false
"31799-1347";"0021436";"LCBBGD";"Cosentyx";"01347";false;;;;;0;0;false;false;false;true;false
"31948-1750";"0014779";"ONCA";"Durafiber";"01750";false;;;;;0;0;false;false;false;true;false
"31971-2295";"0014811";"ONEA";"Suprasorb P";"02295";false;;;;;0;0;false;false;false;true;false
"1883-1784";"0020651";"JFCA";"Apomorphine HCl Sterop";"01784";false;;;;;0;0;false;false;false;true;false
"32003-1354";"0002246";"BBAB";"NovoEight";"01354";false;;;;;0;0;false;false;false;true;false
"32037-794";"8902041";"MBCJA";"Zydelig";"00794";false;;;;;0;0;false;false;false;true;false
"32052-3160";"0026096";"FEBD";"Ovaleap";"03160";true;;;;;0;0;false;false;false;true;false
"32102-141";"0021196";"LDDA";"Soluprick Negatieve Controle";"00141";false;;;;;0;0;false;false;false;true;false
"32110-141";"0021196";"LDDA";"Soluprick Positieve Controle";"00141";false;;;;;0;0;false;false;false;true;false
"32128-141";"0021196";"LDDA";"Soluprick SQ Phleum Pratense";"00141";false;;;;;0;0;false;false;false;true;false
"31203-299";"0014076";"OACC";"Canestene Intim";"00299";false;;;;;0;0;false;false;false;true;false
"32243-2303";"0019430";"GCAB";"Vizarsin";"02303";false;;;;;0;0;false;false;false;true;false
"32177-190";"0025247";"LCBGCA";"Otezla";"00190";false;;;;;0;0;false;false;false;true;false
"32219-1636";"0007922";"JBDA";"Aripiprazole Sandoz";"01636";false;;;;;0;0;false;false;false;true;false
"32268-612";"0007922";"JBDA";"Aripiprazole EG";"00612";false;;;;;0;0;false;false;false;true;false
"32326-2295";"0014779";"ONCA";"Suprasorb Liquacel";"02295";false;;;;;0;0;false;false;false;true;false
"32227-3491";"8906745";"ALIA";"Atozet";"03491";false;;;;;0;0;false;false;false;true;false
"32193-2303";"0001065";"AGBG";"Valsartan Krka";"02303";false;;;;;0;0;false;false;false;true;false
"31195-745";"0009910";"KACA";"Efracea";"00745";false;;;;;0;0;false;false;false;true;false
"32318-1826";"0025999";"PDFC";"Dualkopt";"01826";false;;;"B";"B";0;0;false;false;false;true;false
"32201-3640";"0001552";"ALAA";"Atorvastatin HCS";"03640";false;;;;;0;0;false;false;false;true;false
"32946-2303";"0006981";"IAADA";"Celecoxib Krka";"02303";false;;;;;0;0;false;false;false;true;false
"32011-794";"0025221";"KDEE";"Harvoni";"00794";false;;;;;0;0;false;false;false;true;false
"32342-2303";"0000166";"AADF";"Candesartan / HCTZ Krka";"02303";false;;;"D";"D";0;0;false;false;false;true;false
"32367-1743";"0013417";"IEAB";"D-Cure Calcium";"01743";false;;;;;0;0;false;false;false;true;false
"32375-372";"8900706";"MBCLA";"Vargatef";"00372";false;;;;;0;0;false;false;false;true;false
"31823-2303";"0001008";"AGBA";"Candesartan Krka";"02303";false;;;;;0;0;false;false;false;true;false
"3251-2261";"0014811";"ONEA";"Biatain-Ag";"02261";false;;;;;0;0;false;false;false;true;false
"32284-1818";"0008086";"JCBBA";"Duloxetine Teva";"01818";false;;;;;0;0;false;false;false;true;false
"32466-1818";"0020289";"JGBCA";"Pregabaline Teva";"01818";false;;;;;0;0;false;false;false;true;false
"32185-2626";"0025239";"LCBBDB";"Sylvant";"02626";true;;;;;0;0;false;false;false;true;false
"141-612";"0006791";"IAAAA";"Aceclofenac EG";"00612";false;;;;;0;0;false;false;false;true;false
"32441-3103";"0005363";"FBAAD";"Annaïs Continu";"03103";false;;;;;0;0;false;false;false;true;false
"32391-570";"0025262";"EAGA";"Trulicity";"00570";false;;;;;0;0;false;false;false;true;false
"32482-2295";"0014837";"ONFA";"Lomatuell Pro";"02295";false;;;;;0;0;false;false;false;true;false
"9654-3269";"0025445";"EAJC";"Eucreas";"03269";false;;;;;0;0;false;false;false;true;false
"32524-2022";"0025288";"JFEB";"Xadago";"02022";false;;;;;0;0;false;false;false;true;false
"32615-2352";"0018671";"TCA";"Homeoptic";"02352";false;;;;;0;0;false;false;false;true;false
"32623-1636";"0007922";"JBDA";"Aripiprazol Sandoz";"01636";false;;;;;0;0;false;false;false;true;false
"32359-612";"0020289";"JGBCA";"Pregabaline EG";"00612";false;;;;;0;0;false;false;false;true;false
"31435-2337";"0021006";"RBD";"Xogel";"02337";false;;;;;0;0;false;false;false;true;false
"32532-406";"8902215";"MCAB";"Opdivo";"00406";false;;;;;0;0;false;false;false;true;false
"31427-2345";"0021006";"RBD";"Oraqix";"02345";false;;;;;0;0;false;false;false;true;false
"32680-1867";"0017830";"JADA";"Sedistress Sleep";"01867";false;;;;;0;0;false;false;false;true;false
"32706-745";"0014068";"OACA";"Curanail";"00745";false;;;;;0;0;false;false;false;true;false
"32730-1784";"0025351";"TABEA";"Ethanol Sterop";"01784";false;;;;;0;0;false;false;false;true;false
"32748-455";"0025403";"AFAB";"Cleviprex";"00455";false;;;;;0;0;false;false;false;true;false
"31815-2303";"0000950";"AGAF";"Perindopril Krka";"02303";false;;;;;0;0;false;false;false;true;false
"32789-2469";"0005363";"FBAAD";"Perynella";"02469";false;;;;;0;0;false;false;false;true;false
"46771-3418";"8903965";"QCBCCB";"Ryaltris";"03418";false;;;"c";"c";0;0;false;false;false;true;false
"32813-2303";"0008631";"JFEA";"Rasagiline Krka";"02303";false;;;;;0;0;false;false;false;true;false
"32755-2097";"0016485";"TBA";"Cerdelga";"02097";true;;;;;0;0;true;false;false;true;false
"49239-935";"8903536";"MCBAA";"Carvykti";"00935";true;;;;;0;0;true;false;false;true;false
"32870-1354";"0025395";"EBAA";"Saxenda";"01354";false;;;;;0;0;false;false;false;true;false
"32888-2360";"0018671";"TCA";"Drosera-Homaccord";"02360";false;;;;;0;0;false;false;false;true;false
"21626-1263";"0021337";"LABFF";"Pneumovax 23";"01263";false;;;;;0;0;false;false;false;true;false
"32896-2493";"0025437";"BADA";"Defitelio";"02493";true;;;;;0;0;false;false;false;true;false
"32797-2469";"0020834";"FBCBA";"Levonortis";"02469";false;;;;;0;0;false;false;false;true;false
"32805-1446";"8903494";"FCEA";"Duavive";"01446";false;;;;;0;0;false;false;false;true;false
"32086-1818";"0008573";"JFCC";"Pramipexol Teva";"01818";false;;;;;0;0;false;false;false;true;false
"32094-612";"0025981";"PDFB";"Latanoprost / Timolol EG";"00612";false;;;"B";"B";0;0;false;false;false;true;false
"33134-1743";"0003780";"DAEA";"Zephirus";"01743";false;;;"c";"c";0;0;false;false;false;true;false
"32540-372";"0025296";"TAADA";"Praxbind";"00372";false;;;;;0;0;false;false;false;true;false
"17723-885";"0003806";"DAGA";"Montelukast Sandoz";"00885";false;;;;;0;0;false;false;false;true;false
"28662-885";"0010561";"KCAB";"Vermox";"00885";false;;;;;0;0;false;false;false;true;false
"5421-885";"0015784";"QCABA";"Cirrus";"00885";false;;;"S";"S";0;0;false;false;false;true;false
"25841-885";"0006213";"GBAC";"Tamsulosine Teva";"00885";false;;;;;0;0;false;false;false;true;false
"398-885";"0005702";"FCBAA";"Activelle";"00885";false;;;;;0;0;false;false;false;true;false
"32995-1818";"0010512";"KBCF";"Voriconazole Teva";"01818";false;;;;;0;0;false;false;false;true;false
"33019-794";"0020339";"KDCGA";"Genvoya";"00794";false;;;;;0;0;false;false;false;true;false
"33050-1404";"0025585";"ACEA";"Simdax";"01404";false;;;;;0;0;false;false;false;true;false
"33076-190";"0025528";"ALFB";"Repatha";"00190";false;;;;;0;0;false;false;false;true;false
"33118-182";"0002741";"CCAA";"Ursodeoxycholic Acid Amdipharm";"00182";false;;;;;0;0;false;false;false;true;false
"33068-2097";"0025510";"ALFA";"Praluent";"02097";false;;;;;0;0;false;false;false;true;false
"33126-372";"0025577";"DAABC";"Striverdi";"00372";true;;;"B2";"B2";0;0;false;false;false;true;false
"33084-3236";"0025551";"CDDA";"Akynzeo";"03236";false;;;;;0;0;false;false;false;true;false
"32979-67";"0017178";"MAADA";"Bendamustine Accord";"00067";false;;;;;0;0;false;false;false;true;false
"33001-1636";"0010512";"KBCF";"Voriconazol Sandoz";"01636";false;;;;;0;0;false;false;false;true;false
"32961-1263";"0011460";"LAALA";"Gardasil 9";"01263";false;;;;;0;0;false;false;false;true;false
"33159-2469";"0005363";"FBAAD";"Serisima Continu";"02469";false;;;;;0;0;false;false;false;true;false
"28076-1867";"8906885";"KAGEA";"Urocystil";"01867";false;;;;;0;0;false;false;false;true;false
"32409-174";"0025254";"JHB";"Sativex";"00174";false;;;"Can";"Can";0;0;false;false;true;true;false
"32425-2303";"0002568";"CAABB";"Lansoprazol Krka";"02303";false;;;;;0;0;false;false;false;true;false
"32953-1289";"0009712";"KAABCB";"Ceftazidim Viatris";"01289";false;;;;;0;0;false;false;false;true;false
"33522-257";"0025452";"EAJB";"Xigduo";"00257";false;;;;;0;0;false;false;false;true;false
"33530-760";"0005611";"FCABA";"Lenzetto";"00760";false;;;;;0;0;false;false;false;true;false
"18739-1529";"0020263";"JGBBA";"Neurontin";"01529";false;;;;;0;0;false;false;false;true;false
"33175-1636";"0008086";"JCBBA";"Duloxetine Sandoz";"01636";false;;;;;0;0;false;false;false;true;false
"33464-59";"0025791";"CEFA";"Constella";"00059";false;;;;;0;0;false;false;false;true;false
"24596-885";"0001594";"ALAD";"Simvastatin Sandoz";"00885";false;;;;;0;0;false;false;false;true;false
"14795-885";"0002766";"CCBA";"Legalon";"00885";false;;;;;0;0;false;false;false;true;false
"33795-1818";"8901001";"MBCBA";"Imatinib Teva";"01818";false;;;;;0;0;false;false;false;true;false
"33993-1826";"0015305";"PCE";"Mydrane";"01826";false;;;;;0;0;false;false;false;true;false
"34082-1636";"8901001";"MBCBA";"Imatinib Sandoz";"01636";false;;;;;0;0;false;false;false;true;false
"33548-2055";"0021410";"IDCA";"AtrosanMed";"02055";false;;;;;0;0;false;false;false;true;false
"33985-299";"0020834";"FBCBA";"Kyleena";"00299";false;;;;;0;0;false;false;false;true;false
"34249-2360";"0018671";"TCA";"Ferrum-Homaccord";"02360";false;;;;;0;0;false;false;false;true;false
"1701-315";"0004804";"EDDB";"Androgel";"00315";false;;;"A";"A";0;0;false;false;false;true;false
"34322-1982";"0018671";"TCA";"Mama Natura Dormi";"01982";false;;;;;0;0;false;false;false;true;false
"39172-2303";"0008573";"JFCC";"Oprymea";"02303";false;;;;;0;0;false;false;false;true;false
"34140-2634";"0016485";"TBA";"Galafold";"02634";false;;;;;0;0;true;false;false;true;false
"34231-2352";"0018671";"TCA";"Arnigel";"02352";false;;;;;0;0;false;false;false;true;false
"50419-2303";"0017392";"BABABD";"Rivaroxaban Krka";"02303";false;;;;;0;0;false;false;false;true;false
"18770-1289";"0011023";"KDCACD";"Nevirapine Viatris";"01289";false;;;;;0;0;false;false;false;true;false
"37358-4226";"0026443";"BCDA";"Siklos";"04226";false;;;;;0;0;false;false;false;true;false
"38471-2469";"0005439";"FBACA";"Ringafema";"02469";false;;;;;0;0;false;false;false;true;false
"37507-2360";"0018671";"TCA";"Sabal-Homaccord";"02360";false;;;;;0;0;false;false;false;true;false
"37556-2360";"0018671";"TCA";"Nux Vomica-Homaccord";"02360";false;;;;;0;0;false;false;false;true;false
"37705-2469";"0005439";"FBACA";"IzzyRing";"02469";false;;;;;0;0;false;false;false;true;false
"37838-2485";"0009548";"KAAADA";"Amoxicillin / Clavulanic Acid AB";"02485";false;;;;;0;0;false;false;false;true;false
"38083-711";"0010199";"KAEC";"Moxifloxacine Fresenius Kabi";"00711";false;;;;;0;0;false;false;false;true;false
"38315-1636";"0001586";"ALAC";"Rosuvastatin Sandoz";"01636";false;;;;;0;0;false;false;false;true;false
"38646-935";"0020339";"KDCGA";"Symtuza";"00935";false;;;;;0;0;false;false;false;true;false
"38679-794";"0028647";"KDEG";"Vosevi";"00794";false;;;;;0;0;false;false;false;true;false
"37481-570";"0013201";"MBAA";"Cyramza";"00570";false;;;;;0;0;false;false;false;true;false
"38802-1743";"0001701";"ALDA";"Ezgal";"01743";false;;;;;0;0;false;false;false;true;false
"39057-2097";"0018440";"LACCA";"Triaxis";"02097";false;;;;;0;0;false;false;false;true;false
"40063-2303";"0019455";"GCAD";"Vardenafil Krka";"02303";false;;;;;0;0;false;false;false;true;false
"40071-2303";"0007955";"JBDF";"Paliperidon Krka";"02303";false;;;;;0;0;false;false;false;true;false
"39891-1636";"0013201";"MBAA";"Rixathon";"01636";false;;;;;0;0;false;false;false;true;false
"39230-1347";"8900623";"MBCEA";"Kisqali";"01347";false;;;;;0;0;false;false;false;true;false
"40089-414";"0011874";"LBAA";"Iqymune";"00414";false;;;;;0;0;false;false;false;true;false
"39222-1289";"8906729";"ALIC";"Ezetimibe / Simvastatine Viatris";"01289";false;;;;;0;0;false;false;false;true;false
"40352-455";"0028951";"BAABBA";"Kengrexal";"00455";false;;;;;0;0;false;false;false;true;false
"50427-3343";"0012310";"LCBBDC";"Avtozma";"03343";true;;;;;0;0;false;false;false;true;false
"40626-3095";"0019588";"BBAI";"Fibclot";"03095";false;;;;;0;0;false;false;false;true;false
"39081-1818";"0013243";"MDA";"Atremia";"01818";false;;;;;0;0;false;false;false;true;false
"27169-3269";"0006080";"GAAC";"Toviaz";"03269";false;;;;;0;0;false;false;false;true;false
"40378-1701";"0013243";"MDA";"Oncaspar";"01701";false;;;;;0;0;false;false;false;true;false
"40998-67";"0017533";"BCCD";"Pelgraz";"00067";false;;;;;0;0;false;false;false;true;false
"33514-885";"0025809";"AADC";"Bipressil";"00885";false;;;"B";"B";0;0;false;false;false;true;false
"49288-1982";"0018671";"TCA";"Mama Natura Coldprev";"01982";false;;;;;0;0;false;false;false;true;false
"41160-612";"0013706";"NBABD";"Fultivit-D3";"00612";false;;;;;0;0;false;false;false;true;false
"41236-2352";"0018671";"TCA";"Sportenine";"02352";false;;;;;0;0;false;false;false;true;false
"41707-1479";"0007781";"JACA";"Melatonine Pharma Nord";"01479";false;;;;;0;0;false;false;false;true;false
"41426-1537";"8900607";"MBCCA";"Braftovi";"01537";false;;;;;0;0;false;false;false;true;false
"43224-299";"8900706";"MBCLA";"Vitrakvi";"00299";true;;;;;0;0;false;false;false;true;false
"43240-1636";"0010504";"KBCE";"Posaconazol Sandoz";"01636";false;;;;;0;0;false;false;false;true;false
"75-1529";"0007922";"JBDA";"Abilify";"01529";false;;;;;0;0;false;false;false;true;false
"41723-1289";"0011064";"KDCBA";"Atazanavir Viatris";"01289";false;;;;;0;0;false;false;false;true;false
"2550-224";"0018101";"JADC";"Aubeline";"00224";false;;;;;0;0;false;false;false;true;false
"31831-802";"0026120";"FEBG";"Fertinorm";"00802";false;;;"Hman";"Hman";0;0;false;false;false;true;false
"49494-1636";"0018820";"BAABBB";"Ticagrelor Sandoz";"01636";false;;;;;0;0;false;false;false;true;false
"25122-1529";"0008698";"JFGA";"Stalevo";"01529";false;;;;;0;0;false;false;false;true;false
"14928-3491";"0008102";"JCDB";"Lerivon";"03491";false;;;;;0;0;false;false;false;true;false
"22244-3491";"0006254";"GBBB";"Proscar";"03491";false;;;;;0;0;false;false;false;true;false
"15495-3491";"0005728";"FCCA";"Livial";"03491";false;;;"A";"A";0;0;false;false;false;true;false
"43273-1800";"8900565";"MBCAA";"Alunbrig";"01800";false;;;;;0;0;false;false;false;true;false
"43208-67";"0017293";"ANA";"Ambrisentan Accord";"00067";false;;;;;0;0;false;false;false;true;false
"43216-2097";"8902215";"MCAB";"Libtayo";"02097";true;;;;;0;0;false;false;false;true;false
"23770-3269";"0011445";"LAAKA";"Rotateq";"03269";false;;;;;0;0;false;false;false;true;false
"4879-3491";"0004911";"EEBA";"Celestone";"03491";false;;;"C";"C";0;0;false;false;false;true;false
"15669-3491";"0001032";"AGBD";"Loortan";"03491";false;;;;;0;0;false;false;false;true;false
"20214-3491";"0005942";"FFAA";"Orgametril";"03491";false;;;;;0;0;false;false;false;true;false
"17343-3269";"0008573";"JFCC";"Mirapexin";"03269";false;;;;;0;0;false;false;false;true;false
"25122-3269";"0008698";"JFGA";"Stalevo";"03269";false;;;;;0;0;false;false;false;true;false
"26880-3269";"0026229";"KDCDB";"Tivicay";"03269";false;;;;;0;0;false;false;false;true;false
"23762-3269";"0011445";"LAAKA";"Rotarix";"03269";false;;;;;0;0;false;false;false;true;false
"16337-3491";"0005355";"FBAAC";"Marvelon";"03491";false;;;;;0;0;false;false;false;true;false
"33258-2048";"0016485";"TBA";"Orkambi";"02048";false;;;;;0;0;false;false;false;true;false
"43281-2048";"0016485";"TBA";"Symkevi";"02048";false;;;;;0;0;true;false;false;true;false
"17137-1313";"0006007";"FGA";"Mifegyne";"01313";false;;;;;0;0;false;false;false;true;false
"43315-2485";"0000729";"AFAA";"Amlodipin AB";"02485";false;;;;;0;0;false;false;false;true;false
"2006-950";"0017129";"MECA";"Arimidex";"00950";false;;;"AO";"AO";0;0;false;false;false;true;false
"25635-257";"0010835";"KDBC";"Synagis";"00257";false;;;;;0;0;false;false;false;true;false
"9415-2485";"0008177";"JCAAB";"Escitalopram AB";"02485";false;;;;;0;0;false;false;false;true;false
"2261-604";"0001008";"AGBA";"Atacand";"00604";false;;;;;0;0;false;false;false;true;false
"2725-3269";"0008631";"JFEA";"Azilect";"03269";false;;;;;0;0;false;false;false;true;false
"29538-3269";"0020271";"EBCA";"Xenical";"03269";false;;;;;0;0;false;false;false;true;false
"17806-2162";"0006809";"IAAAB";"Motifene";"02162";false;;;;;0;0;false;false;false;true;false
"42655-3269";"0020636";"LAAJA";"Shingrix";"03269";false;;;;;0;0;false;false;false;true;false
"5272-3269";"0025825";"LCBAB";"Cimzia";"03269";false;;;;;0;0;false;false;false;true;false
"27581-885";"0020628";"AADH";"Triplixam";"00885";false;;;"D";"D";0;0;false;false;false;true;false
"25858-75";"0009415";"JKCA";"Tanakan";"00075";false;;;;;0;0;false;false;false;true;false
"6338-75";"0003095";"CECBA";"Colofort";"00075";false;;;;;0;0;false;false;false;true;false
"37960-612";"0019448";"GCAC";"Tadalafil EG";"00612";false;;;;;0;0;false;false;false;true;false
"43349-505";"0001503";"AKA";"Neoflavon";"00505";false;;;;;0;0;false;false;false;true;false
"43356-2485";"0006247";"GBBA";"Dutasteride AB";"02485";false;;;;;0;0;false;false;false;true;false
"43323-2485";"0007054";"IABAA";"Diclofenac Patch AB";"02485";false;;;;;0;0;false;false;false;true;false
"43331-67";"0010504";"KBCE";"Posaconazole Accord";"00067";false;;;;;0;0;false;false;false;true;false
"43364-2485";"0006999";"IAADB";"Etoricoxib AB";"02485";false;;;;;0;0;false;false;false;true;false
"6114-1818";"0000166";"AADF";"Co-Losartan Teva";"01818";false;;;"D";"D";0;0;false;false;false;true;false
"9928-3491";"0001701";"ALDA";"Ezetrol";"03491";false;;;;;0;0;false;false;false;true;false
"43406-406";"8904526";"BCACA";"Reblozyl";"00406";false;;;"H";"H";0;0;true;false;false;true;false
"43414-4598";"0007781";"JACA";"Noxarem Melatonine";"04598";false;;;;;0;0;false;false;false;true;false
"27797-331";"0012278";"LCBDFA";"Tysabri";"00331";false;;;;;0;0;false;false;false;true;false
"43372-240";"8902165";"MBCGA";"Xospata";"00240";false;;;;;0;0;true;false;false;true;false
"38257-1024";"0021386";"OMH";"Effala";"01024";false;;;;;0;0;false;false;false;true;false
"46631-2485";"0002584";"CAABD";"Pantoprazol Eugia";"02485";false;;;;;0;0;false;false;false;true;false
"4374-1396";"0003319";"CFAA";"Carbobel Mono";"01396";false;;;;;0;0;false;false;false;true;false
"10454-1560";"0007070";"IABBA";"Flexagile";"01560";false;;;;;0;0;false;false;false;true;false
"18721-1560";"0018200";"NBBHA";"Neurobion";"01560";false;;;;;0;0;false;false;false;true;false
"604-3491";"0015784";"QCABA";"Aerinaze";"03491";false;;;"S";"S";0;0;false;false;false;true;false
"20206-3491";"0017665";"EDGC";"Orgalutran";"03491";false;;;;;0;0;false;false;false;true;false
"30049-604";"8903205";"OFEB";"Zineryt";"00604";false;;;;;0;0;false;false;false;true;false
"7716-3566";"0020503";"KAKEA";"Dificlir";"03566";false;;;;;0;0;false;false;false;true;false
"9142-3566";"0003392";"CGAB";"Entocort";"03566";false;;;"C";"C";0;0;false;false;false;true;false
"30346-3541";"0007336";"IEBE";"Zometa";"03541";false;;;;;0;0;false;false;false;true;false
"43729-1818";"8901860";"JIBBC";"Ajovy";"01818";false;;;;;0;0;false;false;false;true;false
"31229-4671";"0020826";"FBCAA";"Gynefix 200";"04671";false;;;;;0;0;false;false;false;true;false
"31237-4671";"0020826";"FBCAA";"Gynefix 330";"04671";false;;;;;0;0;false;false;false;true;false
"43430-4671";"0020826";"FBCAA";"Gyn-CS 10";"04671";false;;;;;0;0;false;false;false;true;false
"43422-4671";"0020826";"FBCAA";"Gyn-CS 3";"04671";false;;;;;0;0;false;false;false;true;false
"43448-2659";"0013201";"MBAA";"Poteligeo";"02659";false;;;;;0;0;true;false;false;true;false
"15107-2485";"0016790";"LDAAF";"Levocetirizin AB";"02485";false;;;;;0;0;false;false;false;true;false
"43968-2485";"0008110";"JCDC";"Mirtazapine AB";"02485";false;;;;;0;0;false;false;false;true;false
"43463-1321";"0005777";"FDAA";"Angusta";"01321";false;;;;;0;0;false;false;false;true;false
"29306-3574";"0006320";"GCCA";"Vytaros";"03574";false;;;;;0;0;false;false;false;true;false
"11379-1636";"0020263";"JGBBA";"Gabapentin Sandoz";"01636";false;;;;;0;0;false;false;false;true;false
"43505-570";"8901837";"JIBBD";"Emgality";"00570";false;;;;;0;0;false;false;false;true;false
"43489-2485";"0010462";"KBCA";"Fluconazol AB";"02485";false;;;;;0;0;false;false;false;true;false
"30114-3491";"0001594";"ALAD";"Zocor";"03491";false;;;;;0;0;false;false;false;true;false
"7237-2626";"0005884";"EDFB";"Depo-Eligard";"02626";false;;;"Hman";"Hman";0;0;false;false;false;true;false
"43737-3103";"0020826";"FBCAA";"MI-MONA-Sert 380 mini";"03103";false;;;;;0;0;false;false;false;true;false
"16584-1636";"0009399";"JKBA";"Memantine Sandoz";"01636";false;;;;;0;0;false;false;false;true;false
"47423-1529";"8904302";"EDGD";"Orgovyx";"01529";true;;;;;0;0;false;false;false;true;false
"49692-257";"8900664";"MBCHA";"Koselugo";"00257";true;;;;;0;0;true;false;false;true;false
"612-3491";"0012385";"LDAAC";"Aerius";"03491";false;;;;;0;0;false;false;false;true;false
"11098-3491";"0028340";"IEBF";"Fosavance";"03491";false;;;;;0;0;false;false;false;true;false
"43513-1289";"0007922";"JBDA";"Aripiprazole Mylan Pharma";"01289";false;;;;;0;0;false;false;false;true;false
"43547-1800";"0016485";"TBA";"Revestive";"01800";true;;;;;0;0;false;false;false;true;false
"43539-1347";"8901829";"JIBBB";"Aimovig";"01347";false;;;;;0;0;false;false;false;true;false
"43521-935";"8901803";"JCFA";"Spravato";"00935";false;;;;;0;0;false;true;false;true;false
"34066-331";"0025833";"LCBAC";"Benepali";"00331";false;;;;;0;0;false;false;false;true;false
"8599-927";"0009100";"JHD";"Dysport";"00927";false;;;;;0;0;false;false;false;true;false
"26872-281";"0002394";"BBDA";"Tisseel S/D";"00281";false;;;;;0;0;false;false;false;true;false
"2113-281";"0002394";"BBDA";"Artiss";"00281";false;;;;;0;0;false;false;false;true;false
"43562-1347";"0028613";"DAFA";"Enerzair";"01347";false;;;"B2";"B2";0;0;false;false;false;true;false
"38372-927";"8900706";"MBCLA";"Cabometyx";"00927";false;;;;;0;0;false;false;false;true;false
"6866-2626";"0016485";"TBA";"Cystadane";"02626";false;;;;;0;0;false;false;false;true;false
"43570-3384";"0020826";"FBCAA";"Flexi-T 300";"03384";false;;;;;0;0;false;false;false;true;false
"43604-1347";"0003780";"DAEA";"Atectura";"01347";false;;;"B2";"B2";0;0;false;false;false;true;false
"43588-3384";"0020826";"FBCAA";"Flexi-T+ 300";"03384";false;;;;;0;0;false;false;false;true;false
"43612-1255";"0002030";"BABBABA";"Enoxaparine Becat";"01255";false;;;;;0;0;false;false;false;true;false
"43596-3384";"0020826";"FBCAA";"Flexi-T+ 380";"03384";false;;;;;0;0;false;false;false;true;false
"23853-604";"0001206";"AHCBA";"Rythmodan";"00604";false;;;;;0;0;false;false;false;true;false
"6627-885";"0000141";"AADD";"Coversyl Plus";"00885";false;;;"D";"D";0;0;false;false;false;true;false
"43695-2485";"0010744";"KDAA";"Aciclovir AB";"02485";false;;;;;0;0;false;false;false;true;false
"43620-67";"0012914";"MABDA";"Pemetrexed Accord";"00067";false;;;;;0;0;false;false;false;true;false
"49601-1982";"0018671";"TCA";"Flexiflor";"01982";false;;;;;0;0;false;false;false;true;false
"43653-711";"0012914";"MABDA";"Pemetrexed Fresenius Kabi";"00711";false;;;;;0;0;false;false;false;true;false
"43752-257";"0028613";"DAFA";"Trixeo";"00257";false;;;"c";"c";0;0;false;false;false;true;false
"43760-3202";"0016485";"TBA";"Givlaari";"03202";false;;;;;0;0;true;false;false;true;false
"43703-67";"0013151";"MAEAC";"Vinorelbine Accord Healthcare";"00067";false;;;;;0;0;false;false;false;true;false
"43802-3103";"0005546";"FBDA";"Justine";"03103";false;;;;;0;0;false;false;false;true;false
"1222-1529";"0007484";"JAAA";"Alprazolam EG";"01529";false;;;;;0;0;false;false;false;true;false
"38497-2485";"0000505";"ADBA";"Eplerenone AB";"02485";false;;;"D";"D";0;0;false;false;false;true;false
"43794-877";"0006866";"IAABB";"Algidrin";"00877";false;;;;;0;0;false;false;false;true;false
"1412-1529";"0000729";"AFAA";"Amlodipin Sandoz";"01529";false;;;;;0;0;false;false;false;true;false
"43810-3608";"8901894";"MBFA";"Odomzo";"03608";false;;;;;0;0;false;false;false;true;false
"14167-1172";"0006841";"IAABA";"Ketesse";"01172";false;;;;;0;0;false;false;false;true;false
"20073-3418";"0020529";"ANC";"Opsumit";"03418";false;;;;;0;0;false;false;false;true;false
"40246-3418";"0020339";"KDCGA";"Juluca";"03418";false;;;;;0;0;false;false;false;true;false
"21097-1941";"8902462";"KAAAAB";"Extencin";"01941";false;;;;;0;0;false;false;false;true;false
"43828-1289";"0012211";"LCBDEA";"Glatiramyl";"01289";false;;;;;0;0;false;false;false;true;false
"33183-612";"0008631";"JFEA";"Rasagiline EG";"00612";false;;;;;0;0;false;false;false;true;false
"41509-539";"0003392";"CGAB";"Jorveza";"00539";false;;;"C";"C";0;0;true;false;false;true;false
"43885-3616";"0020826";"FBCAA";"Gold T Normal";"03616";false;;;;;0;0;false;false;false;true;false
"33019-3418";"0020339";"KDCGA";"Genvoya";"03418";false;;;;;0;0;false;false;false;true;false
"43976-2485";"0009530";"KAAACA";"Amoxicillin AB";"02485";false;;;;;0;0;false;false;false;true;false
"24570-3418";"0025841";"LCBAD";"Simponi";"03418";false;;;;;0;0;false;false;false;true;false
"40212-3418";"0020339";"KDCGA";"Biktarvy";"03418";false;;;;;0;0;false;false;false;true;false
"23127-3418";"0016485";"TBA";"Replagal";"03418";false;;;;;0;0;false;false;false;true;false
"15651-3418";"0020438";"BCCC";"Lonquex";"03418";false;;;;;0;0;false;false;false;true;false
"33746-3418";"0011049";"KDCADA";"Odefsey";"03418";false;;;;;0;0;false;false;false;true;false
"43877-3616";"0020826";"FBCAA";"Gold T Mini";"03616";false;;;;;0;0;false;false;false;true;false
"43935-935";"8901928";"MEDB";"Erleada";"00935";false;;;;;0;0;false;false;false;true;false
"43943-935";"0018838";"KDCACE";"Rekambys";"00935";true;;;;;0;0;false;false;false;true;false
"43950-1966";"8901951";"KDCDA";"Vocabria";"01966";true;;;;;0;0;false;false;false;true;false
"6288-1818";"0010157";"KAKDA";"Colistineb";"01818";false;;;;;0;0;false;false;false;true;false
"19315-3624";"0006486";"HBCA";"Novalgine";"03624";false;;;;;0;0;false;false;false;true;false
"44149-1628";"8900706";"MBCLA";"Rozlytrek";"01628";true;;;;;0;0;false;false;false;true;false
"43893-3616";"0020826";"FBCAA";"Eurogine T 380 Ag Normal";"03616";false;;;;;0;0;false;false;false;true;false
"43901-3616";"0020826";"FBCAA";"Eurogine T 380 Ag Mini";"03616";false;;;;;0;0;false;false;false;true;false
"17996-3624";"0004010";"DBBAB";"Muco Rhinathiol";"03624";false;;;;;0;0;false;false;false;true;false
"26880-3418";"0026229";"KDCDB";"Tivicay";"03418";false;;;;;0;0;false;false;false;true;false
"30775-3418";"0020339";"KDCGA";"Triumeq";"03418";false;;;;;0;0;false;false;false;true;false
"41293-3418";"0017533";"BCCD";"Pelmeg";"03418";false;;;;;0;0;false;false;false;true;false
"43992-1347";"0028571";"LCBDBA";"Kesimpta";"01347";false;;;;;0;0;false;false;false;true;false
"43984-2485";"0019448";"GCAC";"Tadalafil AB";"02485";false;;;;;0;0;false;false;false;true;false
"44024-1792";"8901936";"BCBA";"Doptelet";"01792";false;;;;;0;0;false;false;false;true;false
"44016-1347";"8901944";"ALGA";"Leqvio";"01347";false;;;;;0;0;false;false;false;true;false
"44057-711";"0010777";"KDAC";"Foscarnet Fresenius Kabi";"00711";false;;;;;0;0;false;false;false;true;false
"44040-1347";"8902041";"MBCJA";"Piqray";"01347";false;;;;;0;0;false;false;false;true;false
"44065-3343";"0025817";"LCBAA";"Yuflyma";"03343";false;;;;;0;0;false;false;false;true;false
"44032-612";"0013201";"MBAA";"Oyavas";"00612";false;;;;;0;0;false;false;false;true;false
"23762-828";"0011445";"LAAKA";"Rotarix";"00828";false;;;;;0;0;false;false;false;true;false
"21378-273";"0015289";"PCC";"Minims Fenylefrinehydrochloride";"00273";false;;;;;0;0;false;false;false;true;false
"44081-299";"8901969";"MEDD";"Nubeqa";"00299";false;;;;;0;0;false;false;false;true;false
"38919-1826";"0015149";"PBAA";"Softacor";"01826";false;;;"c";"c";0;0;false;false;false;true;false
"17657-1826";"0015297";"PCD";"Monofree Tropicamide";"01826";false;;;;;0;0;false;false;false;true;false
"11569-1826";"0015396";"PDBC";"Geltim";"01826";false;;;"B";"B";0;0;false;false;false;true;false
"17665-1826";"0018515";"PDDB";"Monoprost";"01826";false;;;;;0;0;false;false;false;true;false
"41210-3210";"0018515";"PDDB";"Xalof";"03210";false;;;;;0;0;false;false;false;true;false
"23895-2444";"0018861";"PDDC";"Saflutan";"02444";false;;;;;0;0;false;false;false;true;false
"26518-273";"0015495";"PEA";"Minims Tetracainehydrochloride";"00273";false;;;;;0;0;false;false;false;true;false
"20446-273";"0015495";"PEA";"Minims Oxybuprocainehydrochloride";"00273";false;;;;;0;0;false;false;false;true;false
"17640-1826";"0015495";"PEA";"Monofree Oxybuprocaine HCl";"01826";false;;;;;0;0;false;false;false;true;false
"42580-3210";"0015495";"PEA";"Ophtesic";"03210";false;;;;;0;0;false;false;false;true;false
"21717-273";"0015552";"PHA";"Povidone Iodine Minims";"00273";false;;;;;0;0;false;false;false;true;false
"16014-59";"0018507";"PDDA";"Lumigan";"00059";false;;;;;0;0;false;false;false;true;false
"44123-1354";"0002246";"BBAB";"Esperoct";"01354";true;;;;;0;0;false;false;false;true;false
"44172-2485";"0000976";"AGAH";"Ramipril AB";"02485";false;;;;;0;0;false;false;false;true;false
"10397-1636";"0001222";"AHCCA";"Flecainide Sandoz";"01636";false;;;;;0;0;false;false;false;true;false
"17699-885";"0003806";"DAGA";"Montelukast EG";"00885";false;;;;;0;0;false;false;false;true;false
"49635-1909";"8906232";"JGCCA";"Fintepla";"01909";true;;;;;0;0;true;false;false;true;false
"44453-2485";"0007922";"JBDA";"Aripiprazole AB";"02485";false;;;;;0;0;false;false;false;true;false
"44461-2485";"0008201";"JCAAE";"Paroxetine AB";"02485";false;;;;;0;0;false;false;false;true;false
"44479-2485";"0001594";"ALAD";"Simvastatin AB";"02485";false;;;;;0;0;false;false;false;true;false
"44487-2485";"0017954";"HCBE";"Tramadol / Paracetamol AB";"02485";false;;;"N";"N";0;0;false;false;false;true;false
"17772-1784";"0006593";"HCAG";"Morphine HCl Sterop";"01784";false;;;"N";"N";0;0;false;false;true;true;false
"44131-1636";"0019752";"MABCA";"Azacitidin Sandoz";"01636";false;;;;;0;0;false;false;false;true;false
"44156-711";"0009498";"KAAABA";"Flucloxacilline Fresenius Kabi";"00711";false;;;;;0;0;false;false;false;true;false
"10066-3160";"0005611";"FCABA";"Feminova";"03160";false;;;;;0;0;false;false;false;true;false
"1727-299";"0005702";"FCBAA";"Angeliq";"00299";false;;;;;0;0;false;false;false;true;false
"44313-1776";"8901142";"LDBA";"Orylmyte";"01776";true;;;;;0;0;false;false;false;true;false
"28589-1958";"0013342";"NAABA";"Venofer";"01958";false;;;;;0;0;false;false;false;true;false
"9902-1602";"0007054";"IABAA";"Extrapan";"01602";false;;;;;0;0;false;false;false;true;false
"44214-3160";"0005702";"FCBAA";"Bijuva";"03160";false;;;;;0;0;false;false;false;true;false
"44230-2485";"0006882";"IAABD";"Naproxen AB";"02485";false;;;;;0;0;false;false;false;true;false
"5082-1446";"0008458";"JEBDA";"Champix";"01446";false;;;;;0;0;false;false;false;true;false
"9985-1172";"0007054";"IABAA";"Fastum";"01172";false;;;;;0;0;false;false;false;true;false
"44206-1347";"0018606";"LCBDGA";"Mayzent";"01347";false;;;;;0;0;false;false;false;true;false
"44255-711";"0010058";"KAKAA";"Linezolid Fresenius Kabi";"00711";false;;;;;0;0;false;false;false;true;false
"44263-711";"0009969";"KAIA";"Amikacine Fresenius Kabi";"00711";false;;;;;0;0;false;false;false;true;false
"44271-1636";"8902454";"KAAAAA";"Penicilline G Sandoz";"01636";false;;;;;0;0;false;false;false;true;false
"38216-1446";"8900623";"MBCEA";"Ibrance";"01446";false;;;;;0;0;false;false;false;true;false
"44305-1800";"8902082";"JDAC";"Elvanse";"01800";false;;;"S";"S";0;0;false;true;false;true;false
"44354-2485";"0008219";"JCAAF";"Sertraline AB";"02485";false;;;;;0;0;false;false;false;true;false
"44339-2485";"0000679";"AEH";"Nebivolol AB";"02485";false;;;"B";"B";0;0;false;false;false;true;false
"44396-1040";"8902074";"LCBBFB";"Adtralza";"01040";false;;;;;0;0;false;false;false;true;false
"44404-1651";"8902066";"ALHA";"Nilemdo";"01651";false;;;;;0;0;false;false;false;true;false
"44412-1651";"8906711";"ALID";"Nustendi";"01651";false;;;;;0;0;false;false;false;true;false
"44347-2485";"0006437";"HBAA";"Paracetamol AB";"02485";false;;;;;0;0;false;false;false;true;false
"44362-1909";"8902348";"IEEBA";"Evenity";"01909";false;;;;;0;0;false;false;false;true;false
"44388-2626";"8902108";"OMC";"Ledaga";"02626";false;;;;;0;0;true;false;false;true;false
"11700-1347";"0018606";"LCBDGA";"Gilenya";"01347";false;;;;;0;0;false;false;false;true;false
"13748-2485";"0010470";"KBCC";"Itraconazol AB";"02485";false;;;;;0;0;false;false;false;true;false
"40204-4309";"0025817";"LCBAA";"Hulio";"04309";false;;;;;0;0;false;false;false;true;false
"38109-3343";"0013201";"MBAA";"Truxima";"03343";false;;;;;0;0;false;false;false;true;false
"17681-2485";"0003806";"DAGA";"Montelukast AB";"02485";false;;;;;0;0;false;false;false;true;false
"44503-2485";"0002584";"CAABD";"Pantoprazol Aurobindo";"02485";false;;;;;0;0;false;false;false;true;false
"44545-1818";"0016485";"TBA";"Icatibant Teva";"01818";false;;;;;0;0;false;false;false;true;false
"40584-3491";"0013201";"MBAA";"Ontruzant";"03491";false;;;;;0;0;false;false;false;true;false
"38109-3269";"0013201";"MBAA";"Truxima";"03269";false;;;;;0;0;false;false;false;true;false
"44537-2485";"0008185";"JCAAC";"Fluoxetin AB";"02485";false;;;;;0;0;false;false;false;true;false
"49858-67";"0017509";"BCBB";"Eltrombopag Accord";"00067";false;;;;;0;0;false;false;false;true;false
"42408-1933";"0016014";"QDAA";"Collutabs";"01933";false;;;;;0;0;false;false;false;true;false
"44560-612";"0008573";"JFCC";"Pramipexol EG";"00612";false;;;;;0;0;false;false;false;true;false
"1610-1941";"0009969";"KAIA";"Amukin";"01941";false;;;;;0;0;false;false;false;true;false
"44552-745";"0009100";"JHD";"Alluzience";"00745";false;;;;;0;0;false;false;false;true;false
"44578-1941";"0009530";"KAAACA";"Delamoxyle";"01941";false;;;;;0;0;false;false;false;true;false
"44495-604";"8902389";"QDDA";"Sialanar";"00604";false;;;;;0;0;false;false;false;true;false
"14423-1529";"0008755";"JGABA";"Lamictal";"01529";false;;;;;0;0;false;false;false;true;false
"49882-836";"0016303";"SBA";"Elucirem";"00836";true;;;;;0;0;false;false;false;true;false
"44594-1818";"8900706";"MBCLA";"Sunitinib Teva";"01818";false;;;;;0;0;false;false;false;true;false
"41087-59";"0029066";"LCBBHC";"Skyrizi";"00059";false;;;;;0;0;false;false;false;true;false
"3525-1024";"0007294";"IEBB";"Bonviva";"01024";false;;;;;0;0;false;false;false;true;false
"50450-2485";"0017392";"BABABD";"Rivaroxaban AB";"02485";false;;;;;0;0;false;false;false;true;false
"44628-2360";"0018671";"TCA";"Euphorbium Compositum";"02360";false;;;;;0;0;false;false;false;true;false
"44669-1909";"8903031";"LCBBGA";"Bimzelx";"01909";true;;;;;0;0;false;false;false;true;false
"10264-1529";"0006254";"GBBB";"Finasteride EG";"01529";false;;;;;0;0;false;false;false;true;false
"24513-1529";"0019430";"GCAB";"Sildenafil EG";"01529";false;;;;;0;0;false;false;false;true;false
"25973-885";"0009415";"JKCA";"Tavonin";"00885";false;;;;;0;0;false;false;false;true;false
"23564-885";"0007526";"JAAE";"Rivotril";"00885";false;;;;;0;0;false;false;false;true;false
"44651-950";"0018606";"LCBDGA";"Ponvory";"00950";false;;;;;0;0;false;false;false;true;false
"42853-1248";"8901746";"LCBEAAC";"Jyseleca";"01248";false;;;;;0;0;false;false;false;true;false
"28795-1560";"0004077";"DBBDA";"Vicks Slijmhoest";"01560";false;;;;;0;0;false;false;false;true;false
"20784-1529";"0002584";"CAABD";"Pantoprazole EG";"01529";false;;;;;0;0;false;false;false;true;false
"44644-1636";"8900706";"MBCLA";"Sunitinib Sandoz";"01636";false;;;;;0;0;false;false;false;true;false
"24562-1529";"0017079";"GBAB";"Silodyx";"01529";false;;;;;0;0;false;false;false;true;false
"30122-3160";"0005363";"FBAAD";"Zoely";"03160";false;;;;;0;0;false;false;false;true;false
"33928-935";"0013201";"MBAA";"Darzalex";"00935";false;;;;;0;0;true;false;false;true;false
"12146-1529";"0011338";"LAAFA";"Havrix";"01529";false;;;;;0;0;false;false;false;true;false
"37978-331";"0025858";"LCBAE";"Flixabi";"00331";false;;;;;0;0;false;false;false;true;false
"37846-794";"0028381";"KDDD";"Vemlidy";"00794";false;;;;;0;0;false;false;false;true;false
"44693-67";"8900789";"MCDA";"Lenalidomide Accord";"00067";false;;;;;0;0;false;false;false;true;false
"44776-612";"8900789";"MCDA";"Lenalidomide EG";"00612";false;;;;;0;0;false;false;false;true;false
"11262-1529";"8000713";"KECBBAA";"Fucidin";"01529";false;;;;;0;0;false;false;false;true;false
"18945-1396";"0008417";"JEBCA";"NiQuitin";"01396";false;;;;;0;0;false;false;false;true;false
"44768-612";"8900680";"MBCIA";"Everolimus EG";"00612";false;;;;;0;0;false;false;false;true;false
"32268-1529";"0007922";"JBDA";"Aripiprazole EG";"01529";false;;;;;0;0;false;false;false;true;false
"49544-1024";"8906208";"MAABB";"Trecondi";"01024";true;;;;;0;0;false;false;false;true;false
"17731-885";"0003806";"DAGA";"Montelukast Teva";"00885";false;;;;;0;0;false;false;false;true;false
"1131-1529";"0009175";"JIAAA";"Almogran";"01529";false;;;;;0;0;false;false;false;true;false
"44701-1289";"8900789";"MCDA";"Lenalidomide Mylan";"01289";false;;;;;0;0;false;false;false;true;false
"9332-3731";"0017160";"OADB";"Erazaban";"03731";false;;;;;0;0;false;false;false;true;false
"43679-1289";"0020198";"KDCABE";"Abacavir / Lamivudine Viatris";"01289";false;;;;;0;0;false;false;false;true;false
"25700-3749";"0002394";"BBDA";"Tachosil";"03749";false;;;;;0;0;false;false;false;true;false
"30775-1529";"0020339";"KDCGA";"Triumeq";"01529";false;;;;;0;0;false;false;false;true;false
"41228-67";"0013029";"MACCA";"Mitomycin Accord Healthcare";"00067";false;;;;;0;0;false;false;false;true;false
"42978-3434";"0017277";"DCABA";"Gencebok";"03434";false;;;;;0;0;false;false;false;true;false
"32672-3756";"0025361";"JAAO";"Buccolam";"03756";false;;;;;0;0;false;false;false;true;false
"28233-1024";"0007567";"JAAH";"Valium";"01024";false;;;;;0;0;false;false;false;true;false
"11791-1024";"0016360";"SDA";"Gliolan";"01024";false;;;;;0;0;false;false;false;true;false
"37994-59";"0013243";"MDA";"Venclyxto";"00059";false;;;;;0;0;false;false;false;true;false
"44727-3772";"8902470";"KAAAAC";"Broxil";"03772";false;;;;;0;0;false;false;false;true;false
"44735-570";"8900706";"MBCLA";"Retsevmo";"00570";true;;;;;0;0;false;false;false;true;false
"44743-1966";"8902504";"KDCEA";"Rukobia";"01966";false;;;;;0;0;false;false;false;true;false
"44750-3210";"0028415";"PBCA";"Ketazed";"03210";false;;;;;0;0;false;false;false;true;false
"44370-1347";"0016485";"TBA";"Zolgensma";"01347";true;;;;;0;0;true;false;false;true;false
"45211-2485";"0000166";"AADF";"Co-Olmesartan AB";"02485";false;;;"D";"D";0;0;false;false;false;true;false
"44784-3103";"0005942";"FFAA";"Pauline";"03103";false;;;;;0;0;false;false;false;true;false
"24331-1529";"0003780";"DAEA";"Seretide";"01529";false;;;"c";"c";0;0;false;false;false;true;false
"2394-885";"0001552";"ALAA";"Atorstatineg";"00885";false;;;;;0;0;false;false;false;true;false
"44792-3103";"0005637";"FCACA";"Rewellfem";"03103";false;;;;;0;0;false;false;false;true;false
"44826-2485";"0006866";"IAABB";"Ibuprofen AB";"02485";false;;;;;0;0;false;false;false;true;false
"44818-661";"0017665";"EDGC";"Fyremadel";"00661";false;;;;;0;0;false;false;false;true;false
"32649-372";"0020594";"DACB";"Spiolto";"00372";false;;;"B2";"B2";0;0;false;false;false;true;false
"43836-1263";"8902488";"KAABEB";"Zerbaxa";"01263";false;;;;;0;0;false;false;false;true;false
"17814-1529";"0002857";"CDAB";"Motilium";"01529";false;;;;;0;0;false;false;false;true;false
"24356-1529";"0008219";"JCAAF";"Serlain";"01529";false;;;;;0;0;false;false;false;true;false
"5801-2162";"0013839";"OAAJ";"Clonazone";"02162";false;;;;;0;0;false;false;false;true;false
"18374-1529";"0009209";"JIAAD";"Naramig";"01529";false;;;;;0;0;false;false;false;true;false
"11502-1024";"0011874";"LBAA";"Gamunex";"01024";false;;;;;0;0;false;false;false;true;false
"33589-794";"0011049";"KDCADA";"Descovy";"00794";false;;;;;0;0;false;false;false;true;false
"44933-67";"0016444";"TACBA";"Deferasirox Accord";"00067";false;;;;;0;0;false;false;false;true;false
"22236-3780";"0017624";"ECCA";"Propylthiouracile Orifarm";"03780";false;;;;;0;0;false;false;false;true;false
"17590-1289";"0003111";"CECBC";"Molaxole";"01289";false;;;;;0;0;false;false;false;true;false
"33589-3418";"0011049";"KDCADA";"Descovy";"03418";false;;;;;0;0;false;false;false;true;false
"16972-2915";"0007427";"EGBA";"Miacalcic";"02915";false;;;;;0;0;false;false;false;true;false
"50468-3640";"0025247";"LCBGCA";"Apremilast HCS";"03640";false;;;;;0;0;false;false;false;true;false
"44859-2485";"0003368";"CFCA";"Loperamide AB";"02485";false;;;;;0;0;false;false;false;true;false
"44966-406";"8900706";"MBCLA";"Inrebic";"00406";false;;;;;0;0;true;false;false;true;false
"25353-3780";"0017632";"ECCB";"Strumazol";"03780";false;;;;;0;0;false;false;false;true;false
"14316-3780";"0004564";"ECAA";"L-Thyroxine";"03780";false;;;;;0;0;false;false;false;true;false
"44123-3269";"0002246";"BBAB";"Esperoct";"03269";true;;;;;0;0;false;false;false;true;false
"25999-885";"0000158";"AADE";"Tazko";"00885";false;;;;;0;0;false;false;false;true;false
"38877-3269";"8900706";"MBCLA";"Lenvima";"03269";false;;;;;0;0;false;false;false;true;false
"5223-3269";"0019448";"GCAC";"Cialis";"03269";false;;;;;0;0;false;false;false;true;false
"26575-1289";"0000166";"AADF";"Teveten Plus";"01289";false;;;"D";"D";0;0;false;false;false;true;false
"15016-1024";"0012765";"MABBA";"Leustatin";"01024";false;;;;;0;0;false;false;false;true;false
"14100-1818";"0006106";"GAAE";"Kentera";"01818";false;;;;;0;0;false;false;false;true;false
"44974-2097";"0013201";"MBAA";"Sarclisa";"02097";false;;;;;0;0;false;false;false;true;false
"43497-406";"0018606";"LCBDGA";"Zeposia";"00406";false;;;;;0;0;false;false;false;true;false
"30551-828";"0020594";"DACB";"Anoro";"00828";false;;;"d";"d";0;0;false;false;false;true;false
"31120-828";"0021287";"DABBD";"Incruse";"00828";false;;;;;0;0;false;false;false;true;false
"22939-3269";"0003780";"DAEA";"Relvar";"03269";false;;;"c";"c";0;0;false;false;false;true;false
"50476-1263";"8906778";"LABFE";"Capvaxive";"01263";true;;;;;0;0;false;false;false;true;false
"28530-1636";"0008144";"JCBBB";"Venlafaxin Sandoz";"01636";false;;;;;0;0;false;false;false;true;false
"19356-1289";"0003566";"DAAAA";"Novolizer Salbutamol";"01289";false;;;"d";"d";0;0;false;false;false;true;false
"22939-828";"0003780";"DAEA";"Relvar";"00828";false;;;"c";"c";0;0;false;false;false;true;false
"3848-1404";"0003715";"DADAB";"Budesonide";"01404";false;;;"c";"c";0;0;false;false;false;true;false
"3871-1404";"0003780";"DAEA";"Bufomix";"01404";false;;;"c";"c";0;0;false;false;false;true;false
"32565-4101";"0020594";"DACB";"Duaklir";"04101";false;;;"d";"d";0;0;false;false;false;true;false
"45013-3517";"0016485";"TBA";"Miglustat Gen.Orph";"03517";false;;;;;0;0;false;false;false;true;false
"10363-323";"0014027";"OABBA";"Flammazine";"00323";false;;;;;0;0;false;false;false;true;false
"45047-1446";"8902918";"KDGA";"Paxlovid";"01446";true;;;;;0;0;false;false;false;true;false
"11734-1636";"0009712";"KAABCB";"Glazidim";"01636";false;;;;;0;0;false;false;false;true;false
"16790-1172";"0004325";"EABA";"Metformax";"01172";false;;;;;0;0;false;false;false;true;false
"3566-3269";"8901001";"MBCBA";"Bosulif";"03269";false;;;;;0;0;false;false;false;true;false
"6312-3269";"0010157";"KAKDA";"Colobreathe";"03269";false;;;;;0;0;false;false;false;true;false
"50484-2485";"0001503";"AKA";"Diosmine + Hesperidine AB";"02485";false;;;;;0;0;false;false;false;true;false
"50492-612";"8901001";"MBCBA";"Nilotinib EG";"00612";false;;;;;0;0;false;false;false;true;false
"26336-1024";"0000596";"AEA";"Tenormin";"01024";false;;;"B";"B";0;0;false;false;false;true;false
"45054-612";"0001503";"AKA";"Diosmin EG";"00612";false;;;;;0;0;false;false;false;true;false
"31179-3160";"0021279";"FBAAH";"Seasonique";"03160";false;;;;;0;0;false;false;false;true;false
"24166-3376";"0006452";"HBBA";"Sedergine";"03376";false;;;;;0;0;false;false;false;true;false
"33480-1347";"8900565";"MBCAA";"Zykadia";"01347";false;;;;;0;0;false;false;false;true;false
"43935-3269";"8901928";"MEDB";"Erleada";"03269";false;;;;;0;0;false;false;false;true;false
"18325-125";"8905408";"PBCB";"Naphcon-A";"00125";false;;;;;0;0;false;false;false;true;false
"45120-2485";"0010512";"KBCF";"Voriconazole AB";"02485";false;;;;;0;0;false;false;false;true;false
"45153-935";"0007955";"JBDF";"Byannli";"00935";false;;;;;0;0;false;false;false;true;false
"45146-612";"0006080";"GAAC";"Fesoterodine EG";"00612";false;;;;;0;0;false;false;false;true;false
"45179-612";"0007567";"JAAH";"Diazepam Eurogenerics";"00612";false;;;;;0;0;false;false;false;true;false
"8458-59";"0008532";"JFBB";"Duodopa";"00059";false;;;;;0;0;false;false;false;true;false
"42036-1636";"0025833";"LCBAC";"Erelzi";"01636";false;;;;;0;0;false;false;false;true;false
"45161-612";"0008698";"JFGA";"Lecigimon";"00612";false;;;;;0;0;false;false;false;true;false
"18267-1032";"0016485";"TBA";"Naglazyme";"01032";false;;;;;0;0;false;false;false;true;false
"40279-1172";"0028779";"HCBD";"Skudexa";"01172";false;;;"N";"N";0;0;false;false;false;true;false
"40386-2972";"0028837";"TACAA";"Veltassa";"02972";false;;;;;0;0;false;false;false;true;false
"41822-760";"8900318";"JBDC";"Reagila";"00760";false;;;;;0;0;false;false;false;true;false
"39024-1040";"0028662";"LCBBGB";"Kyntheum";"01040";false;;;;;0;0;false;false;false;true;false
"38448-2097";"0028555";"LCBBDA";"Kevzara";"02097";false;;;;;0;0;false;false;false;true;false
"3210-828";"0014274";"OBBA";"Betnelan V";"00828";false;;;"c";"c";0;0;false;false;false;true;false
"8896-3491";"0014274";"OBBA";"Elocom";"03491";false;;;"c";"c";0;0;false;false;false;true;false
"15552-604";"0014274";"OBBA";"Locoid";"00604";false;;;"c";"c";0;0;false;false;false;true;false
"7310-828";"0014258";"OBAA";"Dermovate";"00828";false;;;"c";"c";0;0;false;false;false;true;false
"20297-2352";"0018671";"TCA";"Oscillococcinum";"02352";false;;;;;0;0;false;false;false;true;false
"45385-2485";"8900789";"MCDA";"Lenalidomide Eugia";"02485";false;;;;;0;0;false;false;false;true;false
"45187-2303";"8900789";"MCDA";"Lenalidomide Krka";"02303";false;;;;;0;0;false;false;false;true;false
"38513-3269";"8902215";"MCAB";"Tecentriq";"03269";false;;;;;0;0;false;false;false;true;false
"24893-398";"0016360";"SDA";"SonoVue";"00398";false;;;;;0;0;false;false;false;true;false
"19174-3103";"0003319";"CFAA";"Norit Carbomix";"03103";false;;;;;0;0;false;false;false;true;false
"7187-2162";"0014290";"OBCA";"Delphi";"02162";false;;;"c";"c";0;0;false;false;false;true;false
"45229-1263";"8902934";"LABFC";"Vaxneuvance";"01263";true;;;;;0;0;false;false;false;true;false
"6650-612";"0014316";"OBDA";"Cremicort-H";"00612";false;;;"c";"c";0;0;false;false;false;true;false
"45203-2352";"0018671";"TCA";"Coryzalia";"02352";false;;;;;0;0;false;false;false;true;false
"45195-2352";"0018671";"TCA";"Actheane";"02352";false;;;;;0;0;false;false;false;true;false
"20693-3285";"0014316";"OBDA";"Pannocort";"03285";false;;;"c";"c";0;0;false;false;false;true;false
"49551-612";"8900706";"MBCLA";"Axitinib EG";"00612";false;;;;;0;0;false;false;false;true;false
"49569-612";"0020628";"AADH";"Perindopril / Indapamide / Amlodipine EG";"00612";false;;;"D";"D";0;0;false;false;false;true;false
"8524-505";"0009613";"KAABAA";"Duracef";"00505";false;;;;;0;0;false;false;false;true;false
"26567-1289";"0001016";"AGBB";"Teveten";"01289";false;;;;;0;0;false;false;false;true;false
"23408-2956";"0008334";"JDAD";"Rilatine";"02956";false;;;"S";"S";0;0;false;true;false;true;false
"46185-2485";"0008144";"JCBBB";"Venlafaxine AB";"02485";false;;;;;0;0;false;false;false;true;false
"455-59";"0015164";"PBBA";"Aculare";"00059";false;;;;;0;0;false;false;false;true;false
"43687-1800";"0016485";"TBA";"Takhzyro";"01800";false;;;;;0;0;true;false;false;true;false
"39115-2055";"0014407";"OEA";"ArnicaforceMed";"02055";false;;;;;0;0;false;false;false;true;false
"46169-4044";"8903197";"JGBHA";"Ontozry";"04044";true;;;;;0;0;false;false;false;true;false
"45450-1818";"0000158";"AADE";"Perindopril / Amlodipine Teva";"01818";false;;;;;0;0;false;false;false;true;false
"23622-1628";"0009720";"KAABCC";"Rocephine";"01628";false;;;;;0;0;false;false;false;true;false
"45435-1446";"8902942";"LABFD";"Prevenar 20";"01446";true;;;;;0;0;false;false;false;true;false
"28605-3418";"0001503";"AKA";"Venoruton";"03418";false;;;;;0;0;false;false;false;true;false
"44115-828";"8900722";"MBDA";"Zejula";"00828";false;;;;;0;0;true;false;false;true;false
"1198-59";"0015412";"PDCA";"Alphagan";"00059";false;;;;;0;0;false;false;false;true;false
"16626-661";"0026120";"FEBG";"Menopur";"00661";false;;;"Hman";"Hman";0;0;false;false;false;true;false
"28407-828";"0011395";"LAAIA";"Varilrix";"00828";false;;;;;0;0;false;false;false;true;false
"45468-3053";"8900706";"MBCLA";"Pemazyre";"03053";true;;;;;0;0;true;false;false;true;false
"45500-117";"0005777";"FDAA";"Carbetocine Aguettant";"00117";false;;;;;0;0;false;false;false;true;false
"45484-604";"0009969";"KAIA";"Arikayce";"00604";false;;;;;0;0;true;false;false;true;false
"45476-1446";"8902983";"LCBEAAA";"Cibinqo";"01446";true;;;;;0;0;false;false;false;true;false
"39545-1347";"8902165";"MBCGA";"Rydapt";"01347";false;;;;;0;0;true;false;false;true;false
"45518-67";"0004739";"MEBA";"Fulvestrant Accord";"00067";false;;;"AO";"AO";0;0;false;false;false;true;false
"50500-760";"0016733";"LCBBEA";"Usymro";"00760";true;;;;;0;0;false;false;false;true;false
"45559-711";"0025585";"ACEA";"Levosimendan Kabi";"00711";false;;;;;0;0;false;false;false;true;false
"45526-760";"8903015";"FICA";"Ryeqo";"00760";false;;;;;0;0;false;false;false;true;false
"45534-1024";"0013342";"NAABA";"Monoferric";"01024";false;;;;;0;0;false;false;false;true;false
"42200-67";"8900748";"MBEA";"Bortezomib Accord";"00067";false;;;;;0;0;false;false;false;true;false
"18309-1685";"0011874";"LBAA";"Nanogam";"01685";false;;;;;0;0;false;false;false;true;false
"11478-3418";"0017616";"EAFE";"Galvus";"03418";false;;;;;0;0;false;false;false;true;false
"45583-1636";"8900706";"MBCLA";"Sorafenib Sandoz";"01636";false;;;;;0;0;false;false;false;true;false
"45625-315";"0017905";"FABA";"Yenlip";"00315";false;;;;;0;0;false;false;false;true;false
"45591-2048";"0016485";"TBA";"Kaftrio";"02048";false;;;;;0;0;true;false;false;true;false
"45609-1636";"8906745";"ALIA";"Ezetimibe / Atorvastatin Sandoz";"01636";false;;;;;0;0;false;false;false;true;false
"45724-2303";"0002584";"CAABD";"Pantoprazol Krka";"02303";false;;;;;0;0;false;false;false;true;false
"45682-67";"0017798";"MEDA";"Abiraterone Accord";"00067";false;;;;;0;0;false;false;false;true;false
"45732-1172";"8903049";"KAACB";"Vaborem";"01172";false;;;;;0;0;false;false;false;true;false
"2543-2097";"0020677";"LCBDHA";"Aubagio";"02097";false;;;;;0;0;false;false;false;true;false
"45740-2485";"0025007";"CECBB";"Macrogol AB";"02485";false;;;;;0;0;false;false;false;true;false
"45773-1818";"0013243";"MDA";"Trabectedine Teva";"01818";false;;;;;0;0;false;false;false;true;false
"45757-612";"0017798";"MEDA";"Abirateron EG";"00612";false;;;;;0;0;false;false;false;true;false
"28258-4135";"0008730";"JGAAA";"Valproate Desitin";"04135";true;;;;;0;0;false;false;false;true;false
"45906-2303";"0017798";"MEDA";"Abiraterone Krka";"02303";false;;;;;0;0;false;false;false;true;false
"45914-1289";"0017798";"MEDA";"Abiraterone Mylan";"01289";false;;;;;0;0;false;false;false;true;false
"45971-760";"0017665";"EDGC";"Ganirelix Gedeon Richter";"00760";false;;;;;0;0;false;false;false;true;false
"45880-257";"8903106";"TAAEA";"Ondexxya";"00257";true;;;;;0;0;false;false;false;true;false
"21931-885";"0000141";"AADD";"Preterax";"00885";false;;;"D";"D";0;0;false;false;false;true;false
"26591-406";"8900789";"MCDA";"Thalidomide BMS";"00406";false;;;;;0;0;false;false;false;true;false
"50518-2485";"0019521";"DCCA";"Pirfenidone AB";"02485";false;;;;;0;0;false;false;false;true;false
"46029-1636";"0017608";"EAFD";"Sitagliptin Sandoz";"01636";false;;;;;0;0;false;false;false;true;false
"45997-1636";"0017798";"MEDA";"Bixodalan";"01636";false;;;;;0;0;false;false;false;true;false
"19216-2626";"0016485";"TBA";"Normosang";"02626";false;;;"Meth";"Meth";0;0;true;false;false;true;false
"8847-1289";"0018069";"OLB";"Elidel";"01289";false;;;;;0;0;false;false;false;true;false
"46003-1743";"8903114";"HBDE";"Nuralgan";"01743";false;;;;;0;0;false;false;false;true;false
"46045-2303";"0017608";"EAFD";"Sitagliptine Krka";"02303";false;;;;;0;0;false;false;false;true;false
"46037-1636";"0025445";"EAJC";"Sitagliptin / Metformin Sandoz";"01636";false;;;;;0;0;false;false;false;true;false
"46011-927";"0016485";"TBA";"Bylvay";"00927";true;;;;;0;0;true;false;false;true;false
"11254-885";"0014332";"OBEA";"Fucicort";"00885";false;;;"c";"c";0;0;false;false;false;true;false
"8854-3418";"0018556";"BABABA";"Eliquis";"03418";false;;;;;0;0;false;false;false;true;false
"8128-4598";"0021402";"IDAA";"Donacom";"04598";false;;;;;0;0;false;false;false;true;false
"31542-885";"0013417";"IEAB";"Cacit Vitamine D3";"00885";false;;;;;0;0;false;false;false;true;false
"46052-1446";"8903122";"JIADA";"Vydura";"01446";true;;;;;0;0;false;false;false;true;false
"46060-1024";"0007336";"IEBE";"Zoledroninezuur Altan";"01024";false;;;;;0;0;false;false;false;true;false
"46193-1289";"0001875";"BAABAA";"Clopidogrel Viatris";"01289";false;;;;;0;0;false;false;false;true;false
"47191-3418";"8904096";"CDAC";"Itoprom";"03418";false;;;;;0;0;false;false;false;true;false
"46250-1818";"8906745";"ALIA";"Ezetimibe / Atorvastatine Teva";"01818";false;;;;;0;0;false;false;false;true;false
"46086-612";"0025817";"LCBAA";"Hukyndra";"00612";true;;;;;0;0;false;false;false;true;false
"13292-3269";"0020701";"EAIA";"Invokana";"03269";false;;;;;0;0;false;false;false;true;false
"18622-3269";"8904500";"BCAAA";"NeoRecormon";"03269";false;;;"H";"H";0;0;false;false;false;true;false
"43992-3269";"0028571";"LCBDBA";"Kesimpta";"03269";false;;;;;0;0;false;false;false;true;false
"44149-3269";"8900706";"MBCLA";"Rozlytrek";"03269";true;;;;;0;0;false;false;false;true;false
"43224-3269";"8900706";"MBCLA";"Vitrakvi";"03269";true;;;;;0;0;false;false;false;true;false
"46110-67";"0012955";"MACAB";"Zolsketil";"00067";false;;;;;0;0;false;false;false;true;false
"46094-4036";"8902140";"MBCDA";"Brukinsa";"04036";true;;;;;0;0;false;false;false;true;false
"46151-1446";"0005074";"EFCA";"Ngenla";"01446";true;;;"H";"H";0;0;true;false;false;true;false
"46144-1289";"0018788";"MAEBA";"Cabazitaxel Viatris";"01289";false;;;;;0;0;false;false;false;true;false
"46136-505";"8903148";"KCAA";"Ivermectin Substipharm";"00505";false;;;;;0;0;false;false;false;true;false
"49890-1800";"8906414";"MBCKA";"Fruzaqla";"01800";true;;;;;0;0;false;false;false;true;false
"46235-1818";"8901001";"MBCBA";"Dasatinib Teva";"01818";false;;;;;0;0;false;false;false;true;false
"46219-2485";"0007781";"JACA";"Melatonin AB";"02485";false;;;;;0;0;false;false;false;true;false
"46227-1024";"0018788";"MAEBA";"Cabazitaxel Ever Pharma";"01024";false;;;;;0;0;false;false;false;true;false
"42903-1289";"0019752";"MABCA";"Azacitidine Mylan";"01289";false;;;;;0;0;false;false;false;true;false
"28878-406";"0019752";"MABCA";"Vidaza";"00406";false;;;;;0;0;false;false;false;true;false
"46466-612";"0007336";"IEBE";"Zoledronate EG";"00612";false;;;;;0;0;false;false;false;true;false
"46284-4069";"0003251";"CEGA";"Glycerine Sopreli";"04069";false;;;;;0;0;false;false;false;true;false
"11809-3269";"8901001";"MBCBA";"Glivec";"03269";false;;;;;0;0;false;false;false;true;false
"22459-3269";"0026104";"FEBE";"Puregon";"03269";false;;;;;0;0;false;false;false;true;false
"34306-406";"0013185";"MAEBC";"Abraxane";"00406";false;;;;;0;0;false;false;false;true;false
"15024-3764";"0017178";"MAADA";"Levact";"03764";false;;;;;0;0;false;false;false;true;false
"28167-2485";"0010793";"KDAD";"Valaciclovir AB";"02485";false;;;;;0;0;false;false;false;true;false
"50526-331";"8906786";"JMB";"Qalsody";"00331";true;;;;;0;0;true;false;false;true;false
"46300-2485";"0008169";"JCAAA";"Citalopram AB";"02485";false;;;;;0;0;false;false;false;true;false
"46276-117";"8903221";"HCAK";"Dzuveo";"00117";false;;;"N";"N";0;0;false;false;true;true;false
"46318-612";"8900706";"MBCLA";"Sorafenib EG";"00612";false;;;;;0;0;false;false;false;true;false
"46458-2485";"0001578";"ALAB";"Pravastatin AB";"02485";false;;;;;0;0;false;false;false;true;false
"46334-4069";"0003251";"CEGA";"Glycerine Fagron";"04069";false;;;;;0;0;false;false;false;true;false
"323-1636";"0007336";"IEBE";"Aclasta";"01636";false;;;;;0;0;false;false;false;true;false
"18911-3418";"0011700";"LABEC";"Nimenrix";"03418";false;;;;;0;0;false;false;false;true;false
"46359-505";"0007617";"JAAM";"Lorazepam Macure";"00505";false;;;;;0;0;false;false;false;true;false
"46268-1289";"8901001";"MBCBA";"Dasatinib Viatris";"01289";false;;;;;0;0;false;false;false;true;false
"50534-1206";"8906794";"JFAA";"Inbrija";"01206";false;;;;;0;0;false;false;false;true;false
"37754-67";"0026237";"BABBBA";"Bivalirudin Accord Healthcare";"00067";false;;;;;0;0;false;false;false;true;false
"8854-3269";"0018556";"BABABA";"Eliquis";"03269";false;;;;;0;0;false;false;false;true;false
"50542-1289";"0013342";"NAABA";"Ferric Carboxymaltose Viatris";"01289";false;;;;;0;0;false;false;false;true;false
"46367-505";"0001313";"AHDBA";"Isoprenaline HCl Macure";"00505";false;;;"S";"S";0;0;false;false;false;true;false
"752-125";"0015495";"PEA";"Alcaine";"00125";false;;;;;0;0;false;false;false;true;false
"31526-117";"0000786";"AFAE";"Nicardipine Aguettant";"00117";false;;;;;0;0;false;false;false;true;false
"22145-190";"0017236";"IEEAA";"Prolia";"00190";false;;;;;0;0;false;false;false;true;false
"43299-1347";"0029108";"PIBA";"Luxturna";"01347";true;;;;;0;0;true;false;false;true;false
"17376-299";"0020834";"FBCBA";"Mirena";"00299";false;;;;;0;0;false;false;false;true;false
"39248-1354";"0028704";"EAJD";"Xultophy";"01354";false;;;"H";"H";0;0;false;false;false;true;false
"46417-1784";"0016873";"NBBAA";"Thiamine HCl Sterop";"01784";false;;;;;0;0;false;false;false;true;false
"46375-794";"8906083";"MBBA";"Trodelvy";"00794";true;;;;;0;0;false;false;false;true;false
"42911-4309";"0025833";"LCBAC";"Nepexto";"04309";false;;;;;0;0;false;false;false;true;false
"42663-4481";"0004531";"TAAFA";"Baqsimi";"04481";false;;;;;0;0;false;false;false;true;false
"46383-1701";"8906737";"ALIB";"Cholecomb";"01701";false;;;;;0;0;false;false;false;true;false
"46409-1784";"0013508";"NBBCA";"Nicotinamide Sterop";"01784";false;;;;;0;0;false;false;false;true;false
"38661-190";"8905697";"MCCA";"Blincyto";"00190";true;;;;;0;0;false;false;false;true;false
"5298-1800";"0016485";"TBA";"Cinryze";"01800";false;;;;;0;0;false;false;false;true;false
"7096-3103";"0004853";"EDEB";"Daphne";"03103";false;;;;;0;0;false;false;false;true;false
"21295-2279";"0014811";"ONEA";"PermaFoam Classic";"02279";false;;;;;0;0;false;false;false;true;false
"46391-1784";"0001396";"AIAE";"Adrenaline Sterop";"01784";false;;;"S";"S";0;0;false;false;false;true;false
"46425-2485";"0001032";"AGBD";"Losartan AB";"02485";false;;;;;0;0;false;false;false;true;false
"31070-1800";"0021345";"LCBGIA";"Entyvio";"01800";false;;;;;0;0;false;false;false;true;false
"43927-760";"0005363";"FBAAD";"Drovelis";"00760";false;;;;;0;0;false;false;false;true;false
"46490-711";"8905416";"NACB";"Magnesium Sulfate Kalceks";"00711";false;;;;;0;0;false;false;false;true;false
"31070-3269";"0021345";"LCBGIA";"Entyvio";"03269";false;;;;;0;0;false;false;false;true;false
"40402-3269";"0011049";"KDCADA";"Emtricitabine / Tenofovir disoproxil Mylan";"03269";false;;;;;0;0;false;false;false;true;false
"33928-3269";"0013201";"MBAA";"Darzalex";"03269";false;;;;;0;0;true;false;false;true;false
"50559-513";"0016485";"TBA";"Andembry";"00513";true;;;;;0;0;false;false;false;true;false
"46508-711";"0020222";"JBBAB";"Droperidol Kalceks";"00711";false;;;;;0;0;false;false;false;true;false
"40402-1289";"0011049";"KDCADA";"Emtricitabine / Tenofovir disoproxil Mylan";"01289";false;;;;;0;0;false;false;false;true;false
"7559-299";"0004853";"EDEB";"Diane";"00299";false;;;;;0;0;false;false;false;true;false
"46607-240";"8906083";"MBBA";"Padcev";"00240";true;;;;;0;0;false;false;false;true;false
"47035-3228";"0014852";"ONHA";"Actisorb Silver 220";"03228";false;;;;;0;0;false;false;false;true;false
"46615-174";"8903908";"OMK";"Klisyri";"00174";true;;;;;0;0;false;false;false;true;false
"2600-1628";"0013201";"MBAA";"Avastin";"01628";false;;;;;0;0;false;false;false;true;false
"47043-3228";"0014837";"ONFA";"Adaptic Touch";"03228";false;;;;;0;0;false;false;false;true;false
"46656-4309";"0013201";"MBAA";"Abevmy";"04309";false;;;;;0;0;false;false;false;true;false
"38984-3327";"0028696";"PJA";"Holoclar";"03327";true;;;;;0;0;false;false;false;true;false
"10215-1784";"0013342";"NAABA";"Fercayl";"01784";false;;;;;0;0;false;false;false;true;false
"39883-3269";"0011049";"KDCADA";"Emtricitabine / Tenofovir disoproxil Krka";"03269";false;;;;;0;0;false;false;false;true;false
"49585-67";"8900706";"MBCLA";"Axitinib Accord";"00067";false;;;;;0;0;false;false;false;true;false
"46482-612";"0018879";"LDAAA";"Bilastine EG";"00612";false;;;;;0;0;false;false;false;true;false
"30981-1792";"0021220";"LCBBAA";"Kineret";"01792";false;;;;;0;0;false;false;false;true;false
"44073-3103";"0005363";"FBAAD";"Lydisilka";"03103";false;;;;;0;0;false;false;false;true;false
"18168-1347";"0012104";"LCAGA";"Myfortic";"01347";false;;;;;0;0;false;false;false;true;false
"28753-1529";"0019430";"GCAB";"Viagra";"01529";false;;;;;0;0;false;false;false;true;false
"42853-3269";"8901746";"LCBEAAC";"Jyseleca";"03269";false;;;;;0;0;false;false;false;true;false
"3202-1529";"0019653";"GAAD";"Betmiga";"01529";false;;;;;0;0;false;false;false;true;false
"5223-1529";"0019448";"GCAC";"Cialis";"01529";false;;;;;0;0;false;false;false;true;false
"10298-1529";"0006254";"GBBB";"Finasteride Teva";"01529";false;;;;;0;0;false;false;false;true;false
"49924-2485";"0007567";"JAAH";"Diazepam AB";"02485";false;;;;;0;0;false;false;false;true;false
"46896-554";"0005348";"FBAAB";"Cibel";"00554";false;;;;;0;0;false;false;false;true;false
"46326-794";"8903536";"MCBAA";"Tecartus";"00794";true;;;;;0;0;true;false;false;true;false
"20503-59";"0016782";"PIAA";"Ozurdex";"00059";false;;;;;0;0;false;false;false;true;false
"21733-3269";"0017368";"BABABB";"Pradaxa";"03269";false;;;;;0;0;false;false;false;true;false
"46516-3343";"0013201";"MBAA";"Vegzelma";"03343";true;;;;;0;0;false;false;false;true;false
"32433-2097";"0004259";"EAADA";"Toujeo";"02097";false;;;"H";"H";0;0;false;false;false;true;false
"37861-1446";"0028373";"LCBEAAE";"Xeljanz";"01446";false;;;;;0;0;false;false;false;true;false
"30494-604";"0007948";"JBDE";"Zypadhera";"00604";false;;;;;0;0;false;false;false;true;false
"46441-562";"8900706";"MBCLA";"Kisplyx";"00562";false;;;;;0;0;false;false;false;true;false
"46565-299";"8903262";"ADBB";"Kerendia";"00299";true;;;"D";"D";0;0;false;false;false;true;false
"46532-2493";"8903486";"MAFA";"Vyxeos";"02493";false;;;;;0;0;true;false;false;true;false
"46540-3566";"0003442";"CGCA";"Asamovon";"03566";false;;;;;0;0;false;false;false;true;false
"46581-1180";"8900706";"MBCLA";"Tepmetko";"01180";true;;;;;0;0;false;false;false;true;false
"46573-4127";"8903296";"FAABA";"Skandyra";"04127";false;;;;;0;0;false;false;false;true;false
"46557-2485";"0007740";"JABB";"Zopiclone AB";"02485";false;;;;;0;0;false;false;false;true;false
"46599-1818";"0013706";"NBABD";"Vibosun-D3";"01818";false;;;;;0;0;false;false;false;true;false
"46649-257";"8903890";"LCBGHA";"Tezspire";"00257";true;;;;;0;0;false;false;false;true;false
"3764-1529";"0018499";"LACIA";"Broncho-Vaxom";"01529";false;;;;;0;0;false;false;false;true;false
"46664-273";"0028415";"PBCA";"Azelergo";"00273";false;;;;;0;0;false;false;false;true;false
"46680-1792";"8903940";"LCBFBA";"Aspaveli";"01792";false;;;;;0;0;true;false;false;true;false
"46623-1800";"8903734";"LAAQA";"Qdenga";"01800";true;;;;;0;0;false;false;false;true;false
"47068-2485";"0007963";"JBDG";"Quetiapine AB";"02485";false;;;;;0;0;false;false;false;true;false
"3319-4598";"0003061";"CECAA";"Bifiteral";"04598";false;;;;;0;0;false;false;false;true;false
"28472-190";"0013201";"MBAA";"Vectibix";"00190";false;;;;;0;0;false;false;false;true;false
"29447-885";"0007484";"JAAA";"Xanax";"00885";false;;;;;0;0;false;false;false;true;false
"49957-612";"8900789";"MCDA";"Pomalidomide EG";"00612";false;;;;;0;0;false;false;false;true;false
"46748-1800";"0011874";"LBAA";"Kiovig";"01800";false;;;;;0;0;false;false;false;true;false
"46698-257";"8903924";"LCBGBA";"Saphnelo";"00257";false;;;;;0;0;false;false;false;true;false
"46730-1024";"0004739";"MEBA";"Fulvestrant Ever Pharma";"01024";false;;;"AO";"AO";0;0;false;false;false;true;false
"46771-1172";"8903965";"QCBCCB";"Ryaltris";"01172";false;;;"c";"c";0;0;false;false;false;true;false
"46755-1347";"8901001";"MBCBA";"Scemblix";"01347";true;;;;;0;0;true;false;false;true;false
"46763-3236";"0016485";"TBA";"Ravicti";"03236";false;;;;;0;0;true;false;false;true;false
"47589-240";"8904518";"BCABA";"Evrenzo";"00240";false;;;"H";"H";0;0;false;false;false;true;false
"46847-2485";"0020289";"JGBCA";"Pregabalin AB";"02485";false;;;;;0;0;false;false;false;true;false
"46813-2485";"0001875";"BAABAA";"Clopidogrel AB";"02485";false;;;;;0;0;false;false;false;true;false
"46797-67";"0018788";"MAEBA";"Cabazitaxel Accord";"00067";true;;;;;0;0;false;false;false;true;false
"39941-331";"0025817";"LCBAA";"Imraldi";"00331";false;;;;;0;0;false;false;false;true;false
"46821-1024";"0012914";"MABDA";"Pemetrexed Ever Pharma";"01024";false;;;;;0;0;false;false;false;true;false
"46722-2485";"0018879";"LDAAA";"Bilastine AB";"02485";false;;;;;0;0;false;false;false;true;false
"46706-4382";"8903114";"HBDE";"Combogesic";"04382";false;;;;;0;0;false;false;false;true;false
"14662-1289";"0018515";"PDDB";"Latanoprost Viatris";"01289";false;;;;;0;0;false;false;false;true;false
"9985-885";"0007054";"IABAA";"Fastum";"00885";false;;;;;0;0;false;false;false;true;false
"46839-4184";"0009100";"JHD";"Letybo";"04184";false;;;;;0;0;false;false;false;true;false
"46854-1024";"8900748";"MBEA";"Bortezomib Ever Pharma";"01024";false;;;;;0;0;false;false;false;true;false
"46870-4192";"8904005";"LCAEA";"Idefirix";"04192";true;;;;;0;0;true;false;false;true;false
"26641-2097";"0012005";"LCAAA";"Thymoglobuline";"02097";false;;;;;0;0;false;false;false;true;false
"46904-3202";"0016485";"TBA";"Oxlumo";"03202";false;;;;;0;0;true;false;false;true;false
"27615-3418";"0000976";"AGAH";"Tritace";"03418";false;;;;;0;0;false;false;false;true;false
"28233-885";"0007567";"JAAH";"Valium";"00885";false;;;;;0;0;false;false;false;true;false
"46888-1818";"0000695";"AEI";"Propranolol Teva";"01818";false;;;"B";"B";0;0;false;false;false;true;false
"13623-885";"0013847";"OAAI";"Iso-Betadine";"00885";false;;;;;0;0;false;false;false;true;false
"46912-1651";"8906083";"MBBA";"Enhertu";"01651";true;;;;;0;0;false;false;false;true;false
"46946-2485";"0001040";"AGBE";"Olmesartan AB";"02485";false;;;;;0;0;false;false;false;true;false
"13060-828";"0018465";"LACEA";"Infanrix-IPV";"00828";false;;;;;0;0;false;false;false;true;false
"46961-1818";"8906802";"GBCB";"Solifenacine / Tamsulosine Teva";"01818";false;;;;;0;0;false;false;false;true;false
"46979-3426";"0016485";"TBA";"Sapropterin Dipharma";"03426";false;;;;;0;0;false;false;false;true;false
"46987-67";"0009944";"KACE";"Tigecycline Accord";"00067";false;;;;;0;0;false;false;false;true;false
"46953-1628";"0016782";"PIAA";"Vabysmo";"01628";true;;;;;0;0;false;false;false;true;false
"13102-1958";"0013342";"NAABA";"Injectafer";"01958";false;;;;;0;0;false;false;false;true;false
"3764-3269";"0018499";"LACIA";"Broncho-Vaxom";"03269";false;;;;;0;0;false;false;false;true;false
"21261-1289";"0000950";"AGAF";"Perindopril Viatris";"01289";false;;;;;0;0;false;false;false;true;false
"33985-3269";"0020834";"FBCBA";"Kyleena";"03269";false;;;;;0;0;false;false;false;true;false
"15719-885";"0007625";"JAAN";"Loramet";"00885";false;;;;;0;0;false;false;false;true;false
"43406-3269";"8904526";"BCACA";"Reblozyl";"03269";false;;;"H";"H";0;0;true;false;false;true;false
"46995-2279";"0014837";"ONFA";"Atrauman Silicone";"02279";false;;;;;0;0;false;false;false;true;false
"47001-2279";"0014811";"ONEA";"Resposorb Silicone";"02279";false;;;;;0;0;false;false;false;true;false
"47027-1636";"8906737";"ALIB";"Ezetimibe / Rosuvastatin Sandoz";"01636";false;;;;;0;0;false;false;false;true;false
"21931-3269";"0000141";"AADD";"Preterax";"03269";false;;;"D";"D";0;0;false;false;false;true;false
"23440-3269";"0007310";"IEBD";"Risedronaat Sandoz";"03269";false;;;;;0;0;false;false;false;true;false
"32524-3418";"0025288";"JFEB";"Xadago";"03418";false;;;;;0;0;false;false;false;true;false
"40386-3418";"0028837";"TACAA";"Veltassa";"03418";false;;;;;0;0;false;false;false;true;false
"6601-3418";"0000158";"AADE";"Coveram";"03418";false;;;;;0;0;false;false;false;true;false
"24562-3418";"0017079";"GBAB";"Silodyx";"03418";false;;;;;0;0;false;false;false;true;false
"17400-3418";"0008110";"JCDC";"Mirtazapine EG";"03418";false;;;;;0;0;false;false;false;true;false
"14795-3418";"0002766";"CCBA";"Legalon";"03418";false;;;;;0;0;false;false;false;true;false
"398-3418";"0005702";"FCBAA";"Activelle";"03418";false;;;;;0;0;false;false;false;true;false
"43992-3418";"0028571";"LCBDBA";"Kesimpta";"03418";false;;;;;0;0;false;false;false;true;false
"47050-3160";"0017665";"EDGC";"Ovamex";"03160";false;;;;;0;0;false;false;false;true;false
"43307-257";"8902140";"MBCDA";"Calquence";"00257";false;;;;;0;0;false;false;false;true;false
"47084-828";"8904039";"LAARA";"Arexvy";"00828";true;;;;;0;0;false;false;false;true;false
"47142-612";"0021048";"RADA";"Sugammadex EG";"00612";false;;;;;0;0;false;false;false;true;false
"47092-1982";"0018671";"TCA";"Tussioban";"01982";false;;;;;0;0;false;false;false;true;false
"47100-2097";"0016485";"TBA";"Nexviadyme";"02097";true;;;;;0;0;false;false;false;true;false
"47191-1883";"8904096";"CDAC";"Itoprom";"01883";false;;;;;0;0;false;false;false;true;false
"47159-1636";"0021048";"RADA";"Sugammadex Sandoz";"01636";false;;;;;0;0;false;false;false;true;false
"47118-2485";"0009589";"KAAAFA";"Piperacillin / Tazobactam Eugia";"02485";false;;;;;0;0;false;false;false;true;false
"47175-1818";"0016782";"PIAA";"Ranivisio";"01818";true;;;;;0;0;false;false;false;true;false
"6619-3418";"0000950";"AGAF";"Coversyl";"03418";false;;;;;0;0;false;false;false;true;false
"33381-3418";"0002246";"BBAB";"Elocta";"03418";false;;;;;0;0;false;false;false;true;false
"19273-4598";"0003954";"DBAE";"Nosca-Méréprine";"04598";false;;;;;0;0;false;false;false;true;false
"28662-3418";"0010561";"KCAB";"Vermox";"03418";false;;;;;0;0;false;false;false;true;false
"47183-935";"8905697";"MCCA";"Tecvayli";"00935";true;;;;;0;0;false;false;false;true;false
"47134-1263";"0018481";"LACGA";"Vaxelis";"01263";false;;;;;0;0;false;false;false;true;false
"47126-4200";"0013243";"MDA";"Erwinase";"04200";false;;;;;0;0;false;false;false;true;false
"47167-1289";"0021048";"RADA";"Sugammadex Mylan";"01289";false;;;;;0;0;false;false;false;true;false
"47209-1230";"0014779";"ONCA";"Exufiber";"01230";false;;;;;0;0;false;false;false;true;false
"32904-1537";"0000695";"AEI";"Hemangiol";"01537";false;;;"B";"B";0;0;false;false;false;true;false
"12906-3418";"0005520";"FBBDA";"Implanon";"03418";false;;;;;0;0;false;false;false;true;false
"47233-1289";"0020677";"LCBDHA";"Teriflunomide Viatris";"01289";false;;;;;0;0;false;false;false;true;false
"47076-67";"0029132";"IBAA";"Methofill";"00067";false;;;;;0;0;false;false;false;true;false
"47258-2279";"0014795";"ONDA";"Hydrotac";"02279";false;;;;;0;0;false;false;false;true;false
"47241-1826";"0015024";"PAAA";"Zasetic";"01826";false;;;;;0;0;false;false;false;true;false
"47274-3228";"0014779";"ONCA";"KerraCel";"03228";false;;;;;0;0;false;false;false;true;false
"47308-2303";"0000141";"AADD";"Perindopril / Indapamide Krka";"02303";false;;;"D";"D";0;0;false;false;false;true;false
"47316-190";"0012195";"LCBFAA";"Bekemv";"00190";true;;;;;0;0;false;false;false;true;false
"47829-1800";"8900227";"KDFA";"Livtencity";"01800";true;;;;;0;0;true;false;false;true;false
"4564-3418";"0004820";"MEDC";"Casodex";"03418";false;;;;;0;0;false;false;false;true;false
"47225-1289";"0018606";"LCBDGA";"Fingolimod Mylan";"01289";false;;;;;0;0;false;false;false;true;false
"47381-2485";"0007484";"JAAA";"Alprazolam AB";"02485";false;;;;;0;0;false;false;false;true;false
"2105-836";"0016303";"SBA";"Artirem";"00836";false;;;;;0;0;false;false;false;true;false
"47340-2360";"0018671";"TCA";"Grifeel";"02360";false;;;;;0;0;false;false;false;true;false
"47373-4259";"0002584";"CAABD";"Pantoprazol Hikma";"04259";false;;;;;0;0;false;false;false;true;false
"47415-133";"0012195";"LCBFAA";"Ultomiris";"00133";false;;;;;0;0;false;false;false;true;false
"47332-1446";"8900706";"MBCLA";"Tukysa";"01446";false;;;;;0;0;false;false;false;true;false
"47365-67";"0007401";"IEDA";"Sondelbay";"00067";true;;;;;0;0;false;false;false;true;false
"505-3269";"0020669";"AND";"Adempas";"03269";false;;;;;0;0;false;false;false;true;false
"47506-4283";"8906489";"LAAPB";"Bimervax LP.8.1";"04283";true;;;;;0;0;false;false;false;true;false
"50575-1289";"0001503";"AKA";"Viaveno";"01289";false;;;;;0;0;false;false;false;true;false
"47423-67";"8904302";"EDGD";"Orgovyx";"00067";true;;;;;0;0;false;false;false;true;false
"47431-406";"8904146";"LCBEABA";"Sotyktu";"00406";true;;;;;0;0;false;false;false;true;false
"47472-3053";"0013201";"MBAA";"Minjuvi";"03053";true;;;;;0;0;true;false;false;true;false
"1172-1529";"0014951";"OMJ";"Alopexy";"01529";false;;;;;0;0;false;false;false;true;false
"47498-1925";"0015024";"PAAA";"Bibrocathol-POS";"01925";false;;;;;0;0;false;false;false;true;false
"47456-4275";"8905697";"MCCA";"Kimmtrak";"04275";true;;;;;0;0;true;false;false;true;false
"47464-1636";"0013706";"NBABD";"Vitamine D Sandoz";"01636";false;;;;;0;0;false;false;false;true;false
"10363-1529";"0014027";"OABBA";"Flammazine";"01529";false;;;;;0;0;false;false;false;true;false
"10264-3418";"0006254";"GBBB";"Finasteride EG";"03418";false;;;;;0;0;false;false;false;true;false
"47514-2360";"0018671";"TCA";"Nervoheel";"02360";false;;;;;0;0;false;false;false;true;false
"47522-2360";"0018671";"TCA";"Zeel";"02360";false;;;;;0;0;false;false;false;true;false
"20537-2485";"0013185";"MAEBC";"Paclitaxel Eugia";"02485";false;;;;;0;0;false;false;false;true;false
"47555-2022";"0018143";"JMA";"Emylif";"02022";false;;;;;0;0;false;false;false;true;false
"10413-1024";"0007054";"IABAA";"Flector Tissugel";"01024";false;;;;;0;0;false;false;false;true;false
"17376-1529";"0020834";"FBCBA";"Mirena";"01529";false;;;;;0;0;false;false;false;true;false
"24711-1636";"0009126";"JHE";"Sirdalud";"01636";false;;;;;0;0;false;false;false;true;false
"47548-711";"0021048";"RADA";"Sugammadex Fresenius Kabi";"00711";false;;;;;0;0;false;false;false;true;false
"47571-1628";"8906083";"MBBA";"Polivy";"01628";false;;;;;0;0;true;false;false;true;false
"32524-3269";"0025288";"JFEB";"Xadago";"03269";false;;;;;0;0;false;false;false;true;false
"6619-3269";"0000950";"AGAF";"Coversyl";"03269";false;;;;;0;0;false;false;false;true;false
"47530-1289";"0000141";"AADD";"Perindopril / Indapamide Viatris";"01289";false;;;"D";"D";0;0;false;false;false;true;false
"17376-3269";"0020834";"FBCBA";"Mirena";"03269";false;;;;;0;0;false;false;false;true;false
"10090-3269";"0005702";"FCBAA";"Femoston";"03269";false;;;;;0;0;false;false;false;true;false
"42457-1529";"0005702";"FCBAA";"Klimedix";"01529";false;;;;;0;0;false;false;false;true;false
"1834-1529";"0001503";"AKA";"Antistax";"01529";false;;;;;0;0;false;false;false;true;false
"47563-4317";"0016485";"TBA";"Upstaza";"04317";true;;;;;0;0;true;false;false;true;false
"27052-1636";"0000471";"ADABC";"Torasemide Sandoz";"01636";false;;;"D";"D";0;0;false;false;false;true;false
"11106-349";"0013243";"MDA";"Foscan";"00349";false;;;;;0;0;false;false;false;true;false
"47613-3202";"0016485";"TBA";"Amvuttra";"03202";true;;;;;0;0;true;false;false;true;false
"47621-1446";"8904039";"LAARA";"Abrysvo";"01446";true;;;;;0;0;false;false;false;true;false
"47639-505";"0014605";"OHCA";"Crysalis";"00505";false;;;"c";"c";0;0;false;false;false;true;false
"38232-2485";"0002857";"CDAB";"Domperidon AB";"02485";false;;;;;0;0;false;false;false;true;false
"47597-2626";"8904419";"EFDC";"Signifor";"02626";false;;;;;0;0;false;false;false;true;false
"49809-1289";"8906745";"ALIA";"Myatorlip";"01289";false;;;;;0;0;false;false;false;true;false
"15545-885";"0014068";"OACA";"Loceryl";"00885";false;;;;;0;0;false;false;false;true;false
"15503-1529";"0028415";"PBCA";"Livostin";"01529";false;;;;;0;0;false;false;false;true;false
"802-3269";"0018051";"OLA";"Aldara";"03269";false;;;;;0;0;false;false;false;true;false
"13854-3269";"0017608";"EAFD";"Januvia";"03269";false;;;;;0;0;false;false;false;true;false
"39891-3269";"0013201";"MBAA";"Rixathon";"03269";false;;;;;0;0;false;false;false;true;false
"11049-3418";"0007401";"IEDA";"Forsteo";"03418";false;;;;;0;0;false;false;false;true;false
"4945-3269";"0019422";"FBBAA";"Cerazette";"03269";false;;;;;0;0;false;false;false;true;false
"47662-711";"0002683";"CBC";"Scopolamine butylbromide Kalceks";"00711";false;;;;;0;0;false;false;false;true;false
"32276-1818";"0007922";"JBDA";"Aripiprazole Teva";"01818";false;;;;;0;0;false;false;false;true;false
"1693-4572";"0004838";"EDEA";"Androcur";"04572";false;;;;;0;0;false;false;false;true;false
"47670-4333";"8904542";"LCBGEA";"Vyvgart";"04333";true;;;;;0;0;true;false;false;true;false
"47688-4341";"0017152";"NACA";"Magmedi";"04341";false;;;;;0;0;false;false;false;true;false
"47696-4341";"0017152";"NACA";"Magnence";"04341";false;;;;;0;0;false;false;false;true;false
"2279-604";"0000166";"AADF";"Atacand Plus";"00604";false;;;"D";"D";0;0;false;false;false;true;false
"2287-1909";"0012450";"LDABD";"Atarax";"01909";false;;;;;0;0;false;false;false;true;false
"26526-1529";"0009928";"KACC";"Tetralysal";"01529";false;;;;;0;0;false;false;false;true;false
"22160-1529";"0008524";"JFBA";"Prolopa 250";"01529";false;;;;;0;0;false;false;false;true;false
"2683-1636";"0012021";"LCABA";"Azathioprin Sandoz";"01636";false;;;;;0;0;false;false;false;true;false
"2691-1636";"0012021";"LCABA";"Azathioprine Sandoz";"01636";false;;;;;0;0;false;false;false;true;false
"2840-596";"0010231";"KAFA";"Bactrim";"00596";false;;;;;0;0;false;false;false;true;false
"3004-1172";"0018879";"LDAAA";"Bellozal";"01172";false;;;;;0;0;false;false;false;true;false
"3418-612";"0000612";"AEB";"Bisoprolol EG";"00612";false;;;"B";"B";0;0;false;false;false;true;false
"3426-1289";"0000612";"AEB";"Bisoprolol Viatris";"01289";false;;;"B";"B";0;0;false;false;false;true;false
"4010-182";"8900995";"JIACA";"Cafergot";"00182";false;;;;;0;0;false;false;false;true;false
"4341-2626";"0016485";"TBA";"Carbaglu";"02626";false;;;;;0;0;false;false;false;true;false
"4556-1818";"0000620";"AEC";"Carvedilol Teva";"01818";false;;;"B";"B";0;0;false;false;false;true;false
"5025-612";"0012369";"LDAAB";"Cetirizine EG";"00612";false;;;;;0;0;false;false;false;true;false
"5066-1636";"0012369";"LDAAB";"Cetirizine Sandoz";"01636";false;;;;;0;0;false;false;false;true;false
"5496-612";"0008169";"JCAAA";"Citalopram EG";"00612";false;;;;;0;0;false;false;false;true;false
"5496-1529";"0008169";"JCAAA";"Citalopram EG";"01529";false;;;;;0;0;false;false;false;true;false
"5363-1529";"0010173";"KAEA";"Ciprofloxacine Sandoz";"01529";false;;;;;0;0;false;false;false;true;false
"6023-612";"0000141";"AADD";"Co-Enalapril EG";"00612";false;;;"D";"D";0;0;false;false;false;true;false
"6148-1636";"0000141";"AADD";"Co-Ramipril Sandoz";"01636";false;;;"D";"D";0;0;false;false;false;true;false
"7401-1818";"0017673";"EFBA";"Desmopressine Teva";"01818";false;;;"M";"M";0;0;false;false;false;true;false
"3624-4101";"0020362";"DABBA";"Bretaris";"04101";false;;;;;0;0;false;false;false;true;false
"19430-3756";"0020008";"JBAAA";"Nozinan";"03756";false;;;;;0;0;false;false;false;true;false
"50609-3616";"0020826";"FBCAA";"Ancora 375 Cu Normal";"03616";false;;;;;0;0;false;false;false;true;false
"50583-1818";"0020263";"JGBBA";"Gabapentine Teva";"01818";false;;;;;0;0;false;false;false;true;false
"43265-1354";"0029025";"EAGD";"Rybelsus";"01354";false;;;;;0;0;false;false;false;true;false
"40568-1701";"0013052";"MADAA";"Onivyde";"01701";false;;;;;0;0;true;false;false;true;false
"50591-612";"0017236";"IEEAA";"Kefdensis";"00612";true;;;;;0;0;false;false;false;true;false
"19885-1529";"0002576";"CAABC";"Omeprazol Viatris";"01529";false;;;;;0;0;false;false;false;true;false
"39040-3418";"8901217";"LCBBCA";"Fasenra";"03418";false;;;;;0;0;false;false;false;true;false
"40212-1529";"0020339";"KDCGA";"Biktarvy";"01529";false;;;;;0;0;false;false;false;true;false
"28068-1529";"0018499";"LACIA";"Uro-Vaxom";"01529";false;;;;;0;0;false;false;false;true;false
"37432-2485";"0007567";"JAAH";"Diazetop";"02485";false;;;;;0;0;false;false;false;true;false
"8060-1289";"0019992";"JBAAB";"Dominal";"01289";false;;;;;0;0;false;false;false;true;false
"8698-1446";"0008128";"JCABA";"Edronax";"01446";false;;;;;0;0;false;false;false;true;false
"8011-4648";"0021402";"IDAA";"Dolenio";"04648";false;;;;;0;0;false;false;false;true;false
"8516-3160";"0005942";"FFAA";"Duphaston";"03160";false;;;;;0;0;false;false;false;true;false
"4564-1529";"0004820";"MEDC";"Casodex";"01529";false;;;;;0;0;false;false;false;true;false
"7799-3103";"0008946";"JGBEA";"Diphantoine";"03103";false;;;;;0;0;false;false;false;true;false
"24398-1529";"0008219";"JCAAF";"Sertraline EG";"01529";false;;;;;0;0;false;false;false;true;false
"2246-299";"0006452";"HBBA";"Aspirine-C";"00299";false;;;;;0;0;false;false;false;true;false
"10710-612";"0007583";"JAAJ";"Flunitrazepam EG";"00612";false;;;;;0;0;false;true;false;true;false
"10942-612";"0008193";"JCAAD";"Fluvoxamine EG";"00612";false;;;;;0;0;false;false;false;true;false
"851-1289";"0007260";"IEBA";"Alendronate Viatris";"01289";false;;;;;0;0;false;false;false;true;false
"30247-1289";"0009233";"JIAAG";"Zolmitriptan Viatris";"01289";false;;;;;0;0;false;false;false;true;false
"12518-2162";"0004960";"EEEA";"Hydrocortisone";"02162";false;;;"C";"C";0;0;false;false;false;true;false
"14415-1529";"0008755";"JGABA";"Lambipol";"01529";false;;;;;0;0;false;false;false;true;false
"14043-604";"0009621";"KAABAB";"Keforal";"00604";false;;;;;0;0;false;false;false;true;false
"10819-1289";"0008185";"JCAAC";"Fluoxetine Viatris";"01289";false;;;;;0;0;false;false;false;true;false
"47746-59";"8904567";"JIBCA";"Aquipta";"00059";true;;;;;0;0;false;false;false;true;false
"14761-1446";"0029132";"IBAA";"Ledertrexate";"01446";false;;;;;0;0;false;false;false;true;false
"14456-1289";"0020198";"KDCABE";"Lamivudine / Zidovudine Viatris";"01289";false;;;;;0;0;false;false;false;true;false
"14613-604";"0019398";"KCBABA";"Lariam";"00604";false;;;;;0;0;false;false;false;true;false
"47738-257";"8902207";"MCAA";"Imjudo";"00257";true;;;;;0;0;false;false;false;true;false
"14126-3269";"0008771";"JGACA";"Keppra";"03269";false;;;;;0;0;false;false;false;true;false
"1982-1529";"0006999";"IAADB";"Arcoxia";"01529";false;;;;;0;0;false;false;false;true;false
"40246-1529";"0020339";"KDCGA";"Juluca";"01529";false;;;;;0;0;false;false;false;true;false
"50625-1289";"0005140";"EGAA";"Cinacalcet Viatris";"01289";false;;;;;0;0;false;false;false;true;false
"15750-1636";"0012484";"LDAAG";"Loratadine Sandoz";"01636";false;;;;;0;0;false;false;false;true;false
"47787-315";"0005793";"FDBA";"Atosiban Ever Pharma";"00315";false;;;;;0;0;false;false;false;true;false
"26674-3756";"0007906";"JBCC";"Tiapridal";"03756";false;;;;;0;0;false;false;false;true;false
"1438-1529";"0000729";"AFAA";"Amlodipine EG";"01529";false;;;;;0;0;false;false;false;true;false
"5330-1529";"0010173";"KAEA";"Ciprofloxacine EG";"01529";false;;;;;0;0;false;false;false;true;false
"20735-1529";"0002584";"CAABD";"Pantomed";"01529";false;;;;;0;0;false;false;false;true;false
"9423-1529";"0008177";"JCAAB";"Escitalopram EG";"01529";false;;;;;0;0;false;false;false;true;false
"8771-1529";"0001883";"BAABAB";"Efient";"01529";false;;;;;0;0;false;false;false;true;false
"24364-1529";"0007963";"JBDG";"Seroquel";"01529";false;;;;;0;0;false;false;false;true;false
"25270-1529";"0007732";"JABA";"Stilnoct";"01529";false;;;;;0;0;false;false;false;true;false
"29702-1529";"0005363";"FBAAD";"Yasmin";"01529";false;;;;;0;0;false;false;false;true;false
"2451-1529";"0001552";"ALAA";"Atorvastatine Teva";"01529";false;;;;;0;0;false;false;false;true;false
"4200-1529";"8904054";"FAAAA";"Canestene Gyn";"01529";false;;;;;0;0;false;false;false;true;false
"17400-1529";"0008110";"JCDC";"Mirtazapine EG";"01529";false;;;;;0;0;false;false;false;true;false
"14985-1529";"0017020";"MECC";"Letrozole EG";"01529";false;;;"AO";"AO";0;0;false;false;false;true;false
"30353-1529";"0009233";"JIAAG";"Zomig";"01529";false;;;;;0;0;false;false;false;true;false
"12880-1529";"0007740";"JABB";"Imovane";"01529";false;;;;;0;0;false;false;false;true;false
"47795-281";"0021048";"RADA";"Sugammadex Baxter";"00281";false;;;;;0;0;false;false;false;true;false
"21071-1784";"0028464";"LCBCAA";"Pegasys";"01784";false;;;;;0;0;false;false;false;true;false
"38752-1529";"0001701";"ALDA";"Ezetimibe Viatris";"01529";false;;;;;0;0;false;false;false;true;false
"1727-1529";"0005702";"FCBAA";"Angeliq";"01529";false;;;;;0;0;false;false;false;true;false
"25882-1529";"0013318";"NAAAD";"Tardyferon";"01529";false;;;;;0;0;false;false;false;true;false
"31864-612";"0008086";"JCBBA";"Duloxetine EG";"00612";false;;;;;0;0;false;false;false;true;false
"19877-3418";"0002576";"CAABC";"Omeprazole EG";"03418";false;;;;;0;0;false;false;false;true;false
"37457-1289";"0002550";"CAABA";"Esomeprazole Viatris";"01289";false;;;;;0;0;false;false;false;true;false
"20974-2469";"0008557";"JFCB";"Parlodel";"02469";false;;;;;0;0;false;false;false;true;false
"31062-3418";"0021394";"LCBDDA";"Tecfidera";"03418";false;;;;;0;0;false;false;false;true;false
"42697-1982";"8901282";"CBF";"Carmenthin";"01982";false;;;;;0;0;false;false;false;true;false
"27961-3376";"0013656";"NBBIA";"Upsa-C";"03376";false;;;;;0;0;false;false;false;true;false
"19877-1529";"0002576";"CAABC";"Omeprazole EG";"01529";false;;;;;0;0;false;false;false;true;false
"18481-612";"0000679";"AEH";"Nebivolol EG";"00612";false;;;"B";"B";0;0;false;false;false;true;false
"21048-1818";"0008201";"JCAAE";"Paroxetine Teva";"01818";false;;;;;0;0;false;false;false;true;false
"50633-67";"0017236";"IEEAA";"Jubereq";"00067";true;;;;;0;0;false;false;false;true;false
"30288-1529";"0007732";"JABA";"Zolpidem EG";"01529";false;;;;;0;0;false;false;false;true;false
"22624-4598";"0012419";"LDABB";"R Calm Dimenhydrinate";"04598";false;;;;;0;0;false;false;false;true;false
"47803-406";"8904716";"MCAC";"Opdualag";"00406";true;;;;;0;0;false;false;false;true;false
"31716-1636";"0013417";"IEAB";"Sandoz Calcium D3";"01636";false;;;;;0;0;false;false;false;true;false
"25031-2022";"0006866";"IAABB";"Spidifen";"02022";false;;;;;0;0;false;false;false;true;false
"29991-1966";"0010892";"KDCABA";"Ziagen";"01966";false;;;;;0;0;false;false;false;true;false
"30304-885";"0007732";"JABA";"Zolpidem Sandoz";"00885";false;;;;;0;0;false;false;false;true;false
"47845-1289";"8905028";"KACB";"Xerava";"01289";false;;;;;0;0;false;false;false;true;false
"50641-117";"0016147";"RBC";"Lidocaïne / Adrenaline Aguettant";"00117";false;;;"d";"d";0;0;false;false;false;true;false
"47811-2485";"0019489";"KAACA";"Meropenem Eugia";"02485";false;;;;;0;0;false;false;false;true;false
"3202-3418";"0019653";"GAAD";"Betmiga";"03418";false;;;;;0;0;false;false;false;true;false
"47852-2485";"0006080";"GAAC";"Fesoterodine AB";"02485";false;;;;;0;0;false;false;false;true;false
"18051-1453";"0010397";"KAHDA";"Myambutol";"01453";false;;;;;0;0;false;false;false;true;false
"25452-612";"0007898";"JBCB";"Sulpiride EG";"00612";false;;;;;0;0;false;false;false;true;false
"15933-810";"0013292";"NAAAB";"Losferron";"00810";false;;;;;0;0;false;false;false;true;false
"7138-1529";"0020255";"JBADA";"Deanxit";"01529";false;;;;;0;0;false;false;false;true;false
"25627-1248";"0005033";"EFAA";"Synacthen";"01248";false;;;"H";"H";0;0;false;false;false;true;false
"22939-1529";"0003780";"DAEA";"Relvar";"01529";false;;;"c";"c";0;0;false;false;false;true;false
"40337-1636";"0025817";"LCBAA";"Hyrimoz";"01636";false;;;;;0;0;false;false;false;true;false
"2931-1024";"8900789";"MCDA";"BCG Medac";"01024";false;;;;;0;0;false;false;false;true;false
"50658-1404";"8906984";"JIADB";"Migsun";"01404";false;;;;;0;0;false;false;false;true;false
"50666-935";"8900649";"MBCFA";"Lazcluze";"00935";true;;;;;0;0;false;false;false;true;false
"47860-2444";"0015206";"PACA";"Ducressa";"02444";false;;;"c";"c";0;0;false;false;false;true;false
"15289-1834";"0003970";"DBAF";"Levotuss";"01834";false;;;;;0;0;false;false;false;true;false
"16279-232";"0016147";"RBC";"Marcaine met Adrenaline";"00232";false;;;"d";"d";0;0;false;false;false;true;false
"50674-935";"0013201";"MBAA";"Rybrevant";"00935";false;;;;;0;0;false;false;false;true;false
"50690-4572";"0016782";"PIAA";"Mynzepli";"04572";true;;;;;0;0;false;false;false;true;false
"14472-3418";"0008755";"JGABA";"Lamotrigine EG";"03418";false;;;;;0;0;false;false;false;true;false
"23267-3624";"0015784";"QCABA";"Rhinathiol Antirhinitis";"03624";false;;;;;0;0;false;false;false;true;false
"47878-612";"0016782";"PIAA";"Ximluci";"00612";true;;;;;0;0;false;false;false;true;false
"47902-1628";"8905697";"MCCA";"Columvi";"01628";true;;;;;0;0;true;false;false;true;false
"26765-1289";"0006965";"IAACC";"Tilcotil";"01289";false;;;;;0;0;false;false;false;true;false
"47910-1636";"0017392";"BABABD";"Rivaroxaban Sandoz";"01636";false;;;;;0;0;false;false;false;true;false
"14845-885";"0007500";"JAAC";"Lendormin";"00885";false;;;;;0;0;false;false;false;true;false
"3764-3418";"0018499";"LACIA";"Broncho-Vaxom";"03418";false;;;;;0;0;false;false;false;true;false
"47928-4408";"0006452";"HBBA";"Acetylsalicylzuur Panpharma";"04408";false;;;;;0;0;false;false;false;true;false
"50716-3558";"8905606";"LAASA";"Vimkunya";"03558";true;;;;;0;0;false;false;false;true;false
"50708-4804";"0016345";"SCA";"Siiltibcy";"04804";true;;;;;0;0;false;false;false;true;false
"44149-3418";"8900706";"MBCLA";"Rozlytrek";"03418";true;;;;;0;0;false;false;false;true;false
"50724-612";"0019521";"DCCA";"Nintedanib EG";"00612";false;;;;;0;0;false;false;false;true;false
"50732-67";"0019521";"DCCA";"Nintedanib Accord";"00067";false;;;;;0;0;false;false;false;true;false
"22574-3418";"0007963";"JBDG";"Quetiapine Teva";"03418";false;;;;;0;0;false;false;false;true;false
"43950-3418";"8901951";"KDCDA";"Vocabria";"03418";true;;;;;0;0;false;false;false;true;false
"47936-455";"0016485";"TBA";"Elfabrio";"00455";true;;;;;0;0;false;false;false;true;false
"25239-2279";"0013946";"OAAL";"Sterillium";"02279";false;;;;;0;0;false;false;false;true;false
"43711-4580";"0016626";"RAEB";"Ozalin";"04580";false;;;;;0;0;false;false;false;true;false
"50757-1818";"0017392";"BABABD";"Rivaroxaban Teva";"01818";false;;;;;0;0;false;false;false;true;false
"15545-3418";"0014068";"OACA";"Loceryl";"03418";false;;;;;0;0;false;false;false;true;false
"28555-3418";"0008144";"JCBBB";"Venlafaxine EG";"03418";false;;;;;0;0;false;false;false;true;false
"22251-1529";"0017939";"GBDA";"Prosta-Urgenin";"01529";false;;;;;0;0;false;false;false;true;false
"50740-2485";"0019521";"DCCA";"Nintedanib Eugia";"02485";false;;;;;0;0;false;false;false;true;false
"50765-1289";"0013706";"NBABD";"Vitamine D3 Viatris";"01289";false;;;;;0;0;false;false;false;true;false
"50773-1289";"0017509";"BCBB";"Eltrombopag Viatris";"01289";false;;;;;0;0;false;false;false;true;false
"50781-67";"0017236";"IEEAA";"Osvyrti";"00067";true;;;;;0;0;false;false;false;true;false
"50799-67";"8902215";"MCAB";"Hetronifly";"00067";true;;;;;0;0;true;false;false;true;false
"32656-1263";"8902215";"MCAB";"Keytruda";"01263";false;;;;;0;0;false;false;false;true;false
"32532-3269";"8902215";"MCAB";"Opdivo";"03269";false;;;;;0;0;false;false;false;true;false
"14407-1818";"0003061";"CECAA";"Lactulose Teva";"01818";false;;;;;0;0;false;false;false;true;false
"39149-1180";"8902215";"MCAB";"Bavencio";"01180";false;;;;;0;0;false;false;false;true;false
"40576-3269";"8902215";"MCAB";"Imfinzi";"03269";false;;;;;0;0;false;false;false;true;false
"32656-3269";"8902215";"MCAB";"Keytruda";"03269";false;;;;;0;0;false;false;false;true;false
"47951-299";"8904864";"ACCA";"Verquvo";"00299";false;;;;;0;0;false;false;false;true;false
"26781-1826";"0015396";"PDBC";"Timabak";"01826";false;;;"B";"B";0;0;false;false;false;true;false
"2576-2162";"0015073";"PABE";"Aureomycin";"02162";false;;;;;0;0;false;false;false;true;false
"1057-1529";"0028415";"PBCA";"Allergodil";"01529";false;;;;;0;0;false;false;false;true;false
"10637-3418";"0010462";"KBCA";"Fluconazole Teva";"03418";false;;;;;0;0;false;false;false;true;false
"16840-67";"0012740";"MABAA";"Methotrexate Accord Healthcare";"00067";false;;;;;0;0;false;false;false;true;false
"47969-1289";"8904963";"RAEC";"Byfavo";"01289";false;;;;;0;0;false;false;false;true;false
"19232-1073";"0016543";"JCBAE";"Nortrilen";"01073";false;;;;;0;0;false;false;false;true;false
"22855-1073";"0016493";"JCBAA";"Redomex";"01073";false;;;;;0;0;false;false;false;true;false
"47977-2014";"8904997";"OMI";"Axhidroks";"02014";false;;;;;0;0;false;false;false;true;false
"47985-273";"0025981";"PDFB";"Kivizidiale";"00273";false;;;"B";"B";0;0;false;false;false;true;false
"44974-3269";"0013201";"MBAA";"Sarclisa";"03269";false;;;;;0;0;false;false;false;true;false
"31013-3269";"8902140";"MBCDA";"Imbruvica";"03269";false;;;;;0;0;false;false;false;true;false
"24562-3269";"0017079";"GBAB";"Silodyx";"03269";false;;;;;0;0;false;false;false;true;false
"47993-2972";"8905002";"OCB";"Kapruvia";"02972";true;;;;;0;0;false;false;false;true;false
"27128-1602";"0003913";"DBAB";"Toularynx Dextromethorphan";"01602";false;;;;;0;0;false;false;false;true;false
"38968-1933";"0004077";"DBBDA";"Hedera-Méréprine";"01933";false;;;;;0;0;false;false;false;true;false
"38950-489";"0004077";"DBBDA";"Pulmocap Thymus";"00489";false;;;;;0;0;false;false;false;true;false
"3780-1487";"0003905";"DBAA";"Bronchodine";"01487";false;;;"d";"d";0;0;false;false;false;true;false
"41947-1602";"0004077";"DBBDA";"Toularynx Guaifenesine";"01602";false;;;;;0;0;false;false;false;true;false
"27136-1602";"0004077";"DBBDA";"Toularynx Thym";"01602";false;;;;;0;0;false;false;false;true;false
"7518-1818";"0003913";"DBAB";"Dextromethorphan Teva";"01818";false;;;;;0;0;false;false;false;true;false
"3806-943";"0003913";"DBAB";"Bronchosedal Dextromethorphan";"00943";false;;;;;0;0;false;false;false;true;false
"48017-711";"8906133";"MAABA";"Busulfan Fresenius Kabi";"00711";false;;;;;0;0;false;false;false;true;false
"48025-4440";"8904732";"RAAE";"Thiopental Sodium Panpharma";"04440";false;;;;;0;0;false;false;false;true;false
"48033-1289";"8906802";"GBCB";"Solifenacine / Tamsulosine Viatris";"01289";false;;;;;0;0;false;false;false;true;false
"27730-3624";"0003913";"DBAB";"Bisolvon Droge hoest";"03624";false;;;;;0;0;false;false;false;true;false
"48041-240";"8905085";"FCFA";"Veoza";"00240";true;;;;;0;0;false;false;false;true;false
"48009-2113";"0021014";"RBE";"Mepicart";"02113";false;;;;;0;0;false;false;false;true;false
"75-1073";"0007922";"JBDA";"Abilify";"01073";false;;;;;0;0;false;false;false;true;false
"48058-1073";"8905093";"JIBBA";"Vyepti";"01073";true;;;;;0;0;false;false;false;true;false
"48066-2097";"0016485";"TBA";"Xenpozyme";"02097";true;;;;;0;0;true;false;false;true;false
"48074-935";"8905101";"MEEA";"Akeega";"00935";false;;;;;0;0;false;false;false;true;false
"48082-612";"8906802";"GBCB";"Solifenacine / Tamsulosine EG";"00612";false;;;;;0;0;false;false;false;true;false
"48116-67";"0017541";"BCCE";"Plerixafor Accord";"00067";false;;;;;0;0;false;false;false;true;false
"46938-1826";"0025981";"PDFB";"Fixaprost";"01826";false;;;"B";"B";0;0;false;false;false;true;false
"42671-273";"0018531";"PDDD";"Vizitrav";"00273";false;;;;;0;0;false;false;false;true;false
"48090-273";"0018515";"PDDB";"Vizilatan";"00273";false;;;;;0;0;false;false;false;true;false
"48108-273";"0025981";"PDFB";"Vizilaticom";"00273";false;;;"B";"B";0;0;false;false;false;true;false
"6312-2915";"0010157";"KAKDA";"Colobreathe";"02915";false;;;;;0;0;false;false;false;true;false
"48132-1289";"8903114";"HBDE";"Brufen Plus Paracetamol";"01289";false;;;;;0;0;false;false;false;true;false
"41244-711";"0013177";"MAEBB";"Docetaxel Kabi";"00711";false;;;;;0;0;false;false;false;true;false
"25882-3418";"0013318";"NAAAD";"Tardyferon";"03418";false;;;;;0;0;false;false;false;true;false
"29892-1446";"0012971";"MACAD";"Zavedos";"01446";false;;;;;0;0;false;false;false;true;false
"13672-125";"0015263";"PCA";"Alcon Atropine";"00125";false;;;;;0;0;false;false;false;true;false
"48157-59";"0008532";"JFBB";"Produodopa";"00059";false;;;;;0;0;false;false;false;true;false
"14985-3418";"0017020";"MECC";"Letrozole EG";"03418";false;;;"AO";"AO";0;0;false;false;false;true;false
"48173-59";"8905697";"MCCA";"Tepkinly";"00059";true;;;;;0;0;true;false;false;true;false
"48520-1701";"8900706";"MBCLA";"Tibsovo";"01701";true;;;;;0;0;true;false;false;true;false
"23044-299";"0002634";"CABA";"Rennie";"00299";false;;;;;0;0;false;false;false;true;false
"4077-1982";"0018085";"JADB";"CalmiplantSleep";"01982";false;;;;;0;0;false;false;false;true;false
"48181-1537";"8906075";"MCBBAA";"Ebvallo";"01537";true;;;;;0;0;true;false;false;true;false
"48249-4465";"8900193";"RAAA";"Esketamine Kalceks";"04465";false;;;;;0;0;false;true;false;true;false
"48215-4465";"0002584";"CAABD";"Pantoprazole Kalceks";"04465";false;;;;;0;0;false;false;false;true;false
"48199-612";"0004325";"EABA";"Metformin EG";"00612";false;;;;;0;0;false;false;false;true;false
"48223-4465";"0009720";"KAABCC";"Ceftriaxone Kalceks";"04465";false;;;;;0;0;false;false;false;true;false
"48207-3210";"0025981";"PDFB";"Filiop";"03210";false;;;"B";"B";0;0;false;false;false;true;false
"41129-3418";"8906737";"ALIB";"Myrosor";"03418";false;;;;;0;0;false;false;false;true;false
"48256-4465";"0000943";"AGAE";"Lisinopril Grindeks";"04465";false;;;;;0;0;false;false;false;true;false
"48231-4465";"0019141";"RACB";"Cisatracurium Kalceks";"04465";false;;;;;0;0;false;false;false;true;false
"44065-3418";"0025817";"LCBAA";"Yuflyma";"03418";false;;;;;0;0;false;false;false;true;false
"21642-1834";"0015636";"QAAA";"Polydexa";"01834";false;;;"c";"c";0;0;false;false;false;true;false
"48272-4465";"0016626";"RAEB";"Midazolam Kalceks";"04465";false;;;;;0;0;false;false;false;true;false
"48264-4465";"0019489";"KAACA";"Meropenem Kalceks";"04465";false;;;;;0;0;false;false;false;true;false
"48280-4465";"0001362";"AIAF";"Noradrenaline (Norepinephrine) Kalceks";"04465";false;;;"S";"S";0;0;false;false;false;true;false
"33456-3418";"0002253";"BBAE";"Idelvion";"03418";false;;;;;0;0;true;false;false;true;false
"9217-1289";"0001396";"AIAE";"Epipen";"01289";false;;;"S";"S";0;0;false;false;false;true;false
"48298-4465";"0002931";"CDBB";"Ondansetron Kalceks";"04465";false;;;;;0;0;false;false;false;true;false
"13904-141";"0001396";"AIAE";"Jext";"00141";false;;;"S";"S";0;0;false;false;false;true;false
"33092-117";"0025569";"AIAG";"Phenylephrine Aguettant";"00117";false;;;;;0;0;false;false;false;true;false
"9597-265";"0019091";"RAAB";"Etomidate-Lipuro";"00265";false;;;;;0;0;false;false;false;true;false
"20016-711";"0002931";"CDBB";"Ondansetron Fresenius Kabi";"00711";false;;;;;0;0;false;false;false;true;false
"12609-3244";"0019091";"RAAB";"Hypnomidate";"03244";false;;;;;0;0;false;false;false;true;false
"34108-265";"0019166";"RACD";"Rocuronium B. Braun";"00265";false;;;;;0;0;false;false;false;true;false
"14142-1446";"0019109";"RAAC";"Ketalar";"01446";false;;;;;0;0;false;true;false;true;false
"23648-711";"0019166";"RACD";"Rocuronium Bromide Fresenius Kabi";"00711";false;;;;;0;0;false;false;false;true;false
"45062-711";"0020925";"RAEA";"Dexmedetomidine Kabi";"00711";false;;;;;0;0;false;false;false;true;false
"48314-943";"0004077";"DBBDA";"Bronchosedal Herbal";"00943";false;;;;;0;0;false;false;false;true;false
"48322-2469";"0018895";"LDACBA";"Bonjesta";"02469";false;;;;;0;0;false;false;false;true;false
"48330-3426";"0008326";"JDAA";"Atomoxetine Arega";"03426";false;;;;;0;0;false;false;false;true;false
"24513-3418";"0019430";"GCAB";"Sildenafil EG";"03418";false;;;;;0;0;false;false;false;true;false
"37960-3418";"0019448";"GCAC";"Tadalafil EG";"03418";false;;;;;0;0;false;false;false;true;false
"42788-3418";"8901308";"TACAD";"Lokelma";"03418";false;;;;;0;0;false;false;false;true;false
"48355-4465";"8901001";"MBCBA";"Imatinib Grindeks";"04465";false;;;;;0;0;false;false;false;true;false
"48363-4465";"8900789";"MCDA";"Lenalidomide Grindeks";"04465";false;;;;;0;0;false;false;false;true;false
"48348-2097";"8905127";"KDBA";"Beyfortus";"02097";true;;;;;0;0;false;false;false;true;false
"48371-1446";"8905697";"MCCA";"Elrexfio";"01446";true;;;;;0;0;false;false;false;true;false
"48397-1289";"8905135";"AIAA";"Giapreza";"01289";true;;;;;0;0;false;false;false;true;false
"48405-1289";"8900789";"MCDA";"Pomalidomide Viatris";"01289";false;;;;;0;0;false;false;false;true;false
"48413-612";"0018879";"LDAAA";"Bilastine Eurogenerics";"00612";false;;;;;0;0;false;false;false;true;false
"48421-612";"0009548";"KAAADA";"AmoclaneEurogenerics";"00612";false;;;;;0;0;false;false;false;true;false
"48439-612";"0016733";"LCBBEA";"Uzpruvo";"00612";true;;;;;0;0;false;false;false;true;false
"48447-1024";"0013243";"MDA";"Trabectedin Ever Pharma";"01024";false;;;;;0;0;false;false;false;true;false
"8094-1529";"0002857";"CDAB";"Domperidone EG";"01529";false;;;;;0;0;false;false;false;true;false
"19471-885";"0006866";"IAABB";"Nurofen";"00885";false;;;;;0;0;false;false;false;true;false
"22681-3418";"0000976";"AGAH";"Ramipril EG";"03418";false;;;;;0;0;false;false;false;true;false
"48454-4473";"0016485";"TBA";"Orladeyo";"04473";false;;;;;0;0;false;false;false;true;false
"25833-1529";"0006213";"GBAC";"Tamsulosine Sandoz";"01529";false;;;;;0;0;false;false;false;true;false
"48462-1289";"8905176";"HDB";"Rizmoic";"01289";false;;;;;0;0;false;false;false;true;false
"48470-612";"0020677";"LCBDHA";"Teriflunomide EG";"00612";false;;;;;0;0;false;false;false;true;false
"48496-612";"0000950";"AGAF";"Perindopril EG";"00612";false;;;;;0;0;false;false;false;true;false
"48504-2485";"8906802";"GBCB";"Solifenacine / Tamsulosine AB";"02485";false;;;;;0;0;false;false;false;true;false
"48488-612";"0018606";"LCBDGA";"Fingolimod EG";"00612";false;;;;;0;0;false;false;false;true;false
"24588-1347";"0012047";"LCACA";"Simulect";"01347";false;;;;;0;0;false;false;false;true;false
"48553-323";"8905184";"FABC";"Intigyne";"00323";false;;;;;0;0;false;false;false;true;false
"48546-1982";"0018671";"TCA";"Mama Natura Coli";"01982";false;;;;;0;0;false;false;false;true;false
"48579-208";"0028464";"LCBCAA";"Besremi";"00208";false;;;;;0;0;false;false;false;true;false
"38588-3418";"0001701";"ALDA";"Ezetimibe EG";"03418";false;;;;;0;0;false;false;false;true;false
"5496-3418";"0008169";"JCAAA";"Citalopram EG";"03418";false;;;;;0;0;false;false;false;true;false
"27581-3418";"0020628";"AADH";"Triplixam";"03418";false;;;"D";"D";0;0;false;false;false;true;false
"48603-1537";"8905259";"GAAI";"Obgemsa";"01537";true;;;;;0;0;false;false;false;true;false
"47282-1024";"8904112";"CFFA";"Dropizole";"01024";false;;;;;0;0;false;false;true;true;false
"48595-1982";"0018671";"TCA";"Mama Natura Dento";"01982";false;;;;;0;0;false;false;false;true;false
"48611-1289";"0017368";"BABABB";"Dabigatran Etexilate Viatris";"01289";false;;;;;0;0;false;false;false;true;false
"48629-1321";"0009118";"RAGA";"Agilus";"01321";false;;;;;0;0;false;false;false;true;false
"48637-612";"8906745";"ALIA";"Ezetimibe / Atorvastatine EG";"00612";false;;;;;0;0;false;false;false;true;false
"48645-612";"8901001";"MBCBA";"Bosutinib EG";"00612";false;;;;;0;0;false;false;false;true;false
"39974-4150";"0007054";"IABAA";"Voltaren Patch";"04150";false;;;;;0;0;false;false;false;true;false
"48660-984";"0014530";"OFFA";"Isotiorga";"00984";false;;;;;0;0;false;false;false;true;false
"48678-1446";"8905218";"LCBGFA";"Velsipity";"01446";true;;;;;0;0;false;false;false;true;false
"48652-505";"8903080";"OFEA";"Aknadue";"00505";false;;;;;0;0;false;false;false;true;false
"48686-4515";"0002741";"CCAA";"Ursosan";"04515";false;;;;;0;0;false;false;false;true;false
"48694-1743";"0003657";"DABBC";"Tiotraxa";"01743";false;;;;;0;0;false;false;false;true;false
"39149-3269";"8902215";"MCAB";"Bavencio";"03269";false;;;;;0;0;false;false;false;true;false
"29215-3269";"0017293";"ANA";"Volibris";"03269";false;;;;;0;0;false;false;false;true;false
"40204-3269";"0025817";"LCBAA";"Hulio";"03269";false;;;;;0;0;false;false;false;true;false
"41293-3269";"0017533";"BCCD";"Pelmeg";"03269";false;;;;;0;0;false;false;false;true;false
"42317-3269";"8901118";"LCBEAAF";"Rinvoq";"03269";false;;;;;0;0;false;false;false;true;false
"43216-3269";"8902215";"MCAB";"Libtayo";"03269";true;;;;;0;0;false;false;false;true;false
"15420-1529";"0000943";"AGAE";"Lisinopril EG";"01529";false;;;;;0;0;false;false;false;true;false
"20073-3269";"0020529";"ANC";"Opsumit";"03269";false;;;;;0;0;false;false;false;true;false
"5272-3418";"0025825";"LCBAB";"Cimzia";"03418";false;;;;;0;0;false;false;false;true;false
"29470-3269";"0017392";"BABABD";"Xarelto";"03269";false;;;;;0;0;false;false;false;true;false
"38661-3269";"8905697";"MCCA";"Blincyto";"03269";true;;;;;0;0;false;false;false;true;false
"19901-3418";"0006213";"GBAC";"Omic";"03418";false;;;;;0;0;false;false;false;true;false
"10090-3418";"0005702";"FCBAA";"Femoston";"03418";false;;;;;0;0;false;false;false;true;false
"41939-3269";"0002246";"BBAB";"Hemlibra";"03269";false;;;;;0;0;false;false;false;true;false
"40162-3269";"0002246";"BBAB";"Adynovi";"03269";true;;;;;0;0;false;false;false;true;false
"1438-3418";"0000729";"AFAA";"Amlodipine EG";"03418";false;;;;;0;0;false;false;false;true;false
"3608-265";"0013847";"OAAI";"Braunoderm";"00265";false;;;;;0;0;false;false;false;true;false
"40220-3269";"0011049";"KDCADA";"Efavirenz / Emtricitabine / Tenofovir disoproxil Krka";"03269";false;;;;;0;0;false;false;false;true;false
"37440-1628";"8900565";"MBCAA";"Alecensa";"01628";false;;;;;0;0;false;false;false;true;false
"48736-4564";"0016485";"TBA";"Livmarli";"04564";true;;;;;0;0;true;false;false;true;false
"48744-1347";"8905275";"LCBFCA";"Fabhalta";"01347";true;;;;;0;0;true;false;false;true;false
"48728-2097";"0017186";"LAAHA";"Verorab";"02097";false;;;;;0;0;false;false;false;true;false
"2451-3418";"0001552";"ALAA";"Atorvastatine Teva";"03418";false;;;;;0;0;false;false;false;true;false
"24935-1529";"0006023";"FHA";"Sostilar";"01529";false;;;;;0;0;false;false;false;true;false
"23069-3418";"0016469";"TACCA";"Renvela";"03418";false;;;;;0;0;false;false;false;true;false
"22954-935";"0025858";"LCBAE";"Remicade";"00935";false;;;;;0;0;false;false;false;true;false
"48751-1909";"0012195";"LCBFAA";"Zilbrysq";"01909";true;;;;;0;0;false;false;false;true;false
"11049-570";"0007401";"IEDA";"Forsteo";"00570";false;;;;;0;0;false;false;false;true;false
"48769-570";"8905366";"EAHA";"Mounjaro";"00570";true;;;;;0;0;false;false;false;true;false
"48777-2303";"0020628";"AADH";"Perindopril / Indapamide / Amlodipine Krka";"02303";false;;;"D";"D";0;0;false;false;false;true;false
"24869-596";"0017715";"EFDD";"Somatostatine-Eumedica";"00596";false;;;;;0;0;false;false;false;true;false
"39883-1529";"0011049";"KDCADA";"Emtricitabine / Tenofovir disoproxil Krka";"01529";false;;;;;0;0;false;false;false;true;false
"7567-1529";"0007567";"JAAH";"Diazepam EG";"01529";false;;;;;0;0;false;false;false;true;false
"48801-3517";"0017335";"AOBA";"Ibuprofen Gen.Orph";"03517";false;;;;;0;0;false;false;false;true;false
"48819-935";"8905697";"MCCA";"Talvey";"00935";true;;;;;0;0;true;false;false;true;false
"48868-570";"8902140";"MBCDA";"Jaypirca";"00570";true;;;;;0;0;false;false;false;true;false
"48884-4465";"0017608";"EAFD";"Sitagliptin Grindeks";"04465";false;;;;;0;0;false;false;false;true;false
"48876-4465";"0025445";"EAJC";"Sitagliptin / Metformin Grindeks";"04465";false;;;;;0;0;false;false;false;true;false
"19125-1354";"0005074";"EFCA";"Norditropin";"01354";false;;;"H";"H";0;0;false;false;false;true;false
"48900-612";"0016485";"TBA";"Kinpeygo";"00612";false;;;"C";"C";0;0;true;false;false;true;false
"41921-455";"0016485";"TBA";"Procysbi";"00455";false;;;;;0;0;false;false;false;true;false
"48892-2428";"8905465";"MFB";"Voraxaze";"02428";false;;;;;0;0;true;false;false;true;false
"30643-950";"0002659";"CACA";"Tryplera";"00950";false;;;;;0;0;false;false;false;true;false
"33423-3103";"0006130";"GAAH";"Urolina";"03103";false;;;;;0;0;false;false;false;true;false
"48934-4465";"0019133";"RACA";"Atracurium Kalceks";"04465";false;;;;;0;0;false;false;false;true;false
"48942-4465";"0005777";"FDAA";"Oxytocin Grindeks";"04465";false;;;;;0;0;false;false;false;true;false
"48959-1636";"0017368";"BABABB";"Dabigatran Etexilate Sandoz";"01636";false;;;;;0;0;false;false;false;true;false
"24794-3418";"0007880";"JBCA";"Solian";"03418";false;;;;;0;0;false;false;false;true;false
"32268-3418";"0007922";"JBDA";"Aripiprazole EG";"03418";false;;;;;0;0;false;false;false;true;false
"8862-2469";"0004853";"EDEB";"Elisaexeltis";"02469";false;;;;;0;0;false;false;false;true;false
"48983-398";"0016303";"SBA";"Vueway";"00398";true;;;;;0;0;false;false;false;true;false
"48991-4465";"0008359";"JDBC";"Oxybate Kalceks";"04465";false;;;;;0;0;false;false;true;true;false
"6437-1529";"0008334";"JDAD";"Concerta";"01529";false;;;"S";"S";0;0;false;true;false;true;false
"28712-1529";"8906802";"GBCB";"Vesomni";"01529";false;;;;;0;0;false;false;false;true;false
"12906-1529";"0005520";"FBBDA";"Implanon";"01529";false;;;;;0;0;false;false;false;true;false
"6387-1529";"0006270";"GBCA";"Combodart";"01529";false;;;;;0;0;false;false;false;true;false
"49023-2360";"0018671";"TCA";"Hepar Compositum";"02360";false;;;;;0;0;false;false;false;true;false
"2808-745";"0009100";"JHD";"Azzalure";"00745";false;;;;;0;0;false;false;false;true;false
"49031-612";"0019737";"MAECA";"Eribulin EG";"00612";false;;;;;0;0;false;false;false;true;false
"49049-4606";"8906067";"MCBBBA";"Methoxsalen Macopharma";"04606";false;;;;;0;0;false;false;false;true;false
"46862-2501";"8905499";"LCBGJA";"Lupkynis";"02501";true;;;;;0;0;false;false;false;true;false
"49064-4465";"0016147";"RBC";"Lidocaine Grindeks";"04465";false;;;;;0;0;false;false;false;true;false
"49080-281";"0019737";"MAECA";"Eribuline Baxter";"00281";false;;;;;0;0;false;false;false;true;false
"2006-3418";"0017129";"MECA";"Arimidex";"03418";false;;;"AO";"AO";0;0;false;false;false;true;false
"49098-4465";"8905424";"NBBGB";"Folinic Acid Kalceks";"04465";false;;;;;0;0;false;false;false;true;false
"11155-802";"8901100";"FEBI";"Fostimon";"00802";false;;;;;0;0;false;false;false;true;false
"25882-4614";"0013318";"NAAAD";"Tardyferon";"04614";false;;;;;0;0;false;false;false;true;false
"49122-1792";"0002246";"BBAB";"Altuvoct";"01792";true;;;;;0;0;true;false;false;true;false
"49155-3756";"0028571";"LCBDBA";"Briumvi";"03756";true;;;;;0;0;false;false;false;true;false
"22368-3418";"0019380";"KCBAAA";"Atovaquone / Proguanil EG";"03418";false;;;;;0;0;false;false;false;true;false
"49163-3269";"8905531";"EBAB";"Wegovy";"03269";true;;;;;0;0;false;false;false;true;false
"49197-745";"0009100";"JHD";"Relfydess";"00745";true;;;;;0;0;false;false;false;true;false
"40394-1370";"0011874";"LBAA";"Panzyga";"01370";false;;;;;0;0;false;false;false;true;false
"49213-661";"0026120";"FEBG";"Menotrophin Ferring";"00661";false;;;"Hman";"Hman";0;0;false;false;false;true;false
"49270-1537";"0013318";"NAAAD";"Tardysol";"01537";false;;;;;0;0;false;false;false;true;false
"31286-2337";"0021014";"RBE";"Lignospan";"02337";false;;;;;0;0;false;false;false;true;false
"31294-2345";"0021014";"RBE";"Mepivastesin";"02345";false;;;;;0;0;false;false;false;true;false
"31310-2337";"0021014";"RBE";"Scandonest";"02337";false;;;;;0;0;false;false;false;true;false
"49254-2113";"0021014";"RBE";"Loncarti";"02113";false;;;;;0;0;false;false;false;true;false
"49262-935";"8905614";"ANI";"Yuvanci";"00935";false;;;;;0;0;false;false;false;true;false
"32870-3418";"0025395";"EBAA";"Saxenda";"03418";false;;;;;0;0;false;false;false;true;false
"49296-612";"0017368";"BABABB";"Dabigatran Etexilate EG";"00612";false;;;;;0;0;false;false;false;true;false
"49304-3590";"8905606";"LAASA";"Ixchiq";"03590";true;;;;;0;0;false;false;false;true;false
"49312-4036";"8902215";"MCAB";"Tevimbra";"04036";true;;;;;0;0;false;false;false;true;false
"49320-2352";"0018671";"TCA";"Cocculine";"02352";false;;;;;0;0;false;false;false;true;false
"49338-2352";"0018671";"TCA";"Drosetux";"02352";false;;;;;0;0;false;false;false;true;false
"5074-1180";"0017640";"EDGA";"Cetrotide";"01180";false;;;;;0;0;false;false;false;true;false
"49346-1446";"8905622";"LCBEAAD";"Litfulo";"01446";true;;;;;0;0;false;false;false;true;false
"49353-4572";"0019737";"MAECA";"Eribulin Advanz Pharma";"04572";false;;;;;0;0;false;false;false;true;false
"46383-3418";"8906737";"ALIB";"Cholecomb";"03418";false;;;;;0;0;false;false;false;true;false
"33977-75";"0026252";"CECCB";"Eziclen";"00075";false;;;;;0;0;false;false;false;true;false
"49411-984";"8905895";"OMF";"Fynzur";"00984";false;;;;;0;0;false;false;false;true;false
"49445-2485";"0011049";"KDCADA";"Emtricitabin / Tenofovir disoproxil AB";"02485";false;;;;;0;0;false;false;false;true;false
"40402-3418";"0011049";"KDCADA";"Emtricitabine / Tenofovir disoproxil Mylan";"03418";false;;;;;0;0;false;false;false;true;false
"49460-257";"8900706";"MBCLA";"Truqap";"00257";true;;;;;0;0;false;false;false;true;false
"43950-3269";"8901951";"KDCDA";"Vocabria";"03269";true;;;;;0;0;false;false;false;true;false
"49478-4465";"0007898";"JBCB";"Sulpiride Grindeks";"04465";false;;;;;0;0;false;false;false;true;false
"49486-612";"0018820";"BAABBB";"Ticagrelor EG";"00612";false;;;;;0;0;false;false;false;true;false
"40436-1529";"0028993";"JCEA";"Brintellix";"01529";false;;;;;0;0;false;false;false;true;false
"26435-1529";"0010538";"KBDA";"Terbinafine Sandoz";"01529";false;;;;;0;0;false;false;false;true;false
"32524-1529";"0025288";"JFEB";"Xadago";"01529";false;;;;;0;0;false;false;false;true;false
"49502-4465";"8900789";"MCDA";"Pomalidomide Grindeks";"04465";false;;;;;0;0;false;false;false;true;false
"14738-3103";"0003251";"CEGA";"Laxavit";"03103";false;;;;;0;0;false;false;false;true;false
"49528-4705";"0017483";"BACC";"Urokinase Syner-Medica";"04705";false;;;;;0;0;false;false;false;true;false
"10843-1743";"0008185";"JCAAC";"Fluoxone";"01743";false;;;;;0;0;false;false;false;true;false
"31807-3418";"0013201";"MBAA";"Gazyvaro";"03418";false;;;;;0;0;true;false;false;true;false
"505-3418";"0020669";"AND";"Adempas";"03418";false;;;;;0;0;false;false;false;true;false
"23168-3418";"0013466";"CEEA";"Resolor";"03418";false;;;;;0;0;false;false;false;true;false
"46086-3418";"0025817";"LCBAA";"Hukyndra";"03418";true;;;;;0;0;false;false;false;true;false
"49577-2485";"0012369";"LDAAB";"Cetirizin Aurobindo";"02485";false;;;;;0;0;false;false;false;true;false
"40386-1529";"0028837";"TACAA";"Veltassa";"01529";false;;;;;0;0;false;false;false;true;false
"17335-125";"0015552";"PHA";"Miostat";"00125";false;;;;;0;0;false;false;false;true;false
"49619-1347";"8900664";"MBCHA";"Spexotras";"01347";false;;;;;0;0;true;false;false;true;false
"49627-1347";"8900607";"MBCCA";"Finlee";"01347";false;;;;;0;0;true;false;false;true;false
"6411-3418";"0008615";"JFDA";"Comtan";"03418";false;;;;;0;0;false;false;false;true;false
"15420-3418";"0000943";"AGAE";"Lisinopril EG";"03418";false;;;;;0;0;false;false;false;true;false
"13078-1289";"0021246";"LAAEAA";"Influvac 2025-2026";"01289";false;;;;;0;0;false;false;false;true;false
"49668-828";"0021246";"LAAEAA";"Alpharix 2025-2026";"00828";false;;;;;0;0;false;false;false;true;false
"49650-1958";"8906547";"LAAEAB";"Fluad 2025-2026";"01958";false;;;;;0;0;false;false;false;true;false
"49676-2097";"8903023";"LAAEAC";"Efluelda 2025-2026";"02097";false;;;;;0;0;false;false;false;true;false
"49684-711";"0016733";"LCBBEA";"Otulfi";"00711";true;;;;;0;0;false;false;false;true;false
"49700-257";"0016485";"TBA";"Wainzua";"00257";true;;;;;0;0;false;false;false;true;false
"3822-1529";"0006866";"IAABB";"Brufen";"01529";false;;;;;0;0;false;false;false;true;false
"1982-3418";"0006999";"IAADB";"Arcoxia";"03418";false;;;;;0;0;false;false;false;true;false
"49718-1289";"0021394";"LCBDDA";"Dimethylfumaraat Mylan";"01289";false;;;;;0;0;false;false;false;true;false
"49726-2352";"0018671";"TCA";"Laryngotabs";"02352";false;;;;;0;0;false;false;false;true;false
"49759-935";"8900706";"MBCLA";"Balversa";"00935";true;;;;;0;0;false;false;false;true;false
"49734-1818";"0020628";"AADH";"Perindopril / Indapamide / Amlodipine Teva";"01818";false;;;"D";"D";0;0;false;false;false;true;false
"49767-2634";"0016485";"TBA";"Opfolda";"02634";false;;;;;0;0;false;false;false;true;false
"49775-2634";"0016485";"TBA";"Pombiliti";"02634";true;;;;;0;0;false;false;false;true;false
"49742-1446";"8906240";"BBAA";"Hympavzi";"01446";true;;;;;0;0;false;false;false;true;false
"11361-3418";"0020545";"JGAEA";"Fycompa";"03418";false;;;;;0;0;false;false;false;true;false
"42788-3269";"8901308";"TACAD";"Lokelma";"03269";false;;;;;0;0;false;false;false;true;false
"43331-3418";"0010504";"KBCE";"Posaconazole Accord";"03418";false;;;;;0;0;false;false;false;true;false
"49783-3053";"8906349";"OLC";"Opzelura";"03053";false;;;;;0;0;false;false;false;true;false
"46086-3269";"0025817";"LCBAA";"Hukyndra";"03269";true;;;;;0;0;false;false;false;true;false
"30866-3269";"0025858";"LCBAE";"Remsima";"03269";false;;;;;0;0;false;false;false;true;false
"49791-1909";"8906356";"LCBGGA";"Rystiggo";"01909";true;;;;;0;0;true;false;false;true;false
"46169-3269";"8903197";"JGBHA";"Ontozry";"03269";true;;;;;0;0;false;false;false;true;false
"1867-3269";"0004192";"EAAAA";"Apidra";"03269";false;;;"H";"H";0;0;false;false;false;true;false
"2634-3269";"0006247";"GBBA";"Avodart";"03269";false;;;;;0;0;false;false;false;true;false
"49817-1446";"8902512";"LAAPA";"Comirnaty LP.8.1";"01446";true;;;;;0;0;false;false;false;true;false
"44065-3269";"0025817";"LCBAA";"Yuflyma";"03269";false;;;;;0;0;false;false;false;true;false
"40386-3269";"0028837";"TACAA";"Veltassa";"03269";false;;;;;0;0;false;false;false;true;false
"33738-3418";"0025627";"AMA";"Lipertance";"03418";false;;;;;0;0;false;false;false;true;false
"49825-943";"0015891";"QCBBD";"Nasasinuspray Tegen neusverstopping";"00943";false;;;;;0;0;false;false;false;true;false
"49833-794";"8906273";"KDCFA";"Sunlenca";"00794";true;;;;;0;0;false;false;false;true;false
"49841-612";"0013185";"MAEBC";"Bugvi";"00612";false;;;;;0;0;false;false;false;true;false
"15297-1529";"0007492";"JAAB";"Lexotan";"01529";false;;;;;0;0;false;false;false;true;false
"42788-1529";"8901308";"TACAD";"Lokelma";"01529";false;;;;;0;0;false;false;false;true;false
"17343-3418";"0008573";"JFCC";"Mirapexin";"03418";false;;;;;0;0;false;false;false;true;false
"20818-1529";"0002584";"CAABD";"Pantoprazole Teva";"01529";false;;;;;0;0;false;false;false;true;false
"22574-1529";"0007963";"JBDG";"Quetiapine Teva";"01529";false;;;;;0;0;false;false;false;true;false
"23168-1529";"0013466";"CEEA";"Resolor";"01529";false;;;;;0;0;false;false;false;true;false
"37960-1529";"0019448";"GCAC";"Tadalafil EG";"01529";false;;;;;0;0;false;false;false;true;false
"38588-1529";"0001701";"ALDA";"Ezetimibe EG";"01529";false;;;;;0;0;false;false;false;true;false
"11064-1529";"0000174";"AADG";"Forzaten";"01529";false;;;;;0;0;false;false;false;true;false
"43992-1529";"0028571";"LCBDBA";"Kesimpta";"01529";false;;;;;0;0;false;false;false;true;false
"38034-1529";"0019448";"GCAC";"Tadalafil Teva";"01529";false;;;;;0;0;false;false;false;true;false
"43406-3418";"8904526";"BCACA";"Reblozyl";"03418";false;;;"H";"H";0;0;true;false;false;true;false
"32870-1529";"0025395";"EBAA";"Saxenda";"01529";false;;;;;0;0;false;false;false;true;false
"46771-1529";"8903965";"QCBCCB";"Ryaltris";"01529";false;;;"c";"c";0;0;false;false;false;true;false
"25841-3418";"0006213";"GBAC";"Tamsulosine Teva";"03418";false;;;;;0;0;false;false;false;true;false
"43984-1529";"0019448";"GCAC";"Tadalafil AB";"01529";false;;;;;0;0;false;false;false;true;false
"42457-3418";"0005702";"FCBAA";"Klimedix";"03418";false;;;;;0;0;false;false;false;true;false
"49866-612";"0021394";"LCBDDA";"Dimethyl Fumarate EG";"00612";false;;;;;0;0;false;false;false;true;false
"49874-554";"0005348";"FBAAB";"Cibel Continu";"00554";false;;;;;0;0;false;false;false;true;false
"43661-117";"0016147";"RBC";"Lidocaine Aguettant";"00117";false;;;;;0;0;false;false;false;true;false
"27060-1529";"0001461";"AJB";"Torental";"01529";false;;;;;0;0;false;false;false;true;false
"23846-3723";"0000786";"AFAE";"Rydene";"03723";false;;;;;0;0;false;false;false;true;false
"49916-67";"0010157";"KAKDA";"Colistimethate Sodium Accord";"00067";false;;;;;0;0;false;false;false;true;false
"49932-117";"0001362";"AIAF";"Mivuxin";"00117";false;;;"S";"S";0;0;false;false;false;true;false
